ST_CASE,VEH_NO,PER_NO,P1,P2,P3,P4,P5,P6,P7,P8,P9,P10
40096,2,1,0,0,0,0,0,0,0,0,0,0
40097,0,1,23,23,23,23,23,23,23,23,23,23
40097,1,1,0,0,0,0,0,0,0,20,8,9
40098,1,1,22,22,22,22,22,22,22,22,22,22
40099,1,1,0,0,0,0,0,0,0,0,0,0
40100,0,1,0,0,0,0,0,0,0,0,0,0
40100,1,1,5,10,0,9,21,0,0,0,0,6
40102,0,1,0,0,0,0,0,18,0,0,0,0
40102,1,1,17,0,33,0,0,31,24,23,16,0
40103,0,1,0,0,0,0,0,0,0,0,0,0
40103,1,1,0,0,0,0,0,0,0,0,0,0
40104,0,1,0,0,0,0,25,0,0,0,0,0
40104,1,1,0,0,0,0,0,0,0,0,0,0
40105,1,1,0,0,0,0,0,0,0,0,4,0
40105,2,1,0,0,0,0,0,0,0,0,0,0
40105,3,1,0,0,0,0,0,0,0,0,0,0
40105,4,1,0,0,0,0,0,0,0,0,0,0
40105,5,1,0,0,0,0,0,0,0,0,0,0
40105,6,1,0,0,0,0,0,0,0,0,0,0
40106,0,1,0,0,0,0,0,0,0,0,0,0
40106,1,1,10,15,0,0,0,0,20,0,0,0
40108,0,1,0,0,0,0,0,0,0,0,0,0
40108,1,1,0,0,0,0,0,0,0,0,0,0
40109,1,1,16,8,17,35,8,22,17,21,12,7
40109,2,1,0,0,0,0,0,0,0,0,0,0
40110,1,1,14,14,14,14,14,14,14,14,14,14
40111,1,1,0,0,0,0,0,0,0,0,0,0
40111,2,1,0,0,0,0,0,0,0,0,0,0
40112,0,1,0,15,0,0,0,0,0,0,0,0
40112,1,1,0,0,28,0,0,0,0,0,0,0
40113,1,1,0,0,0,0,0,0,0,0,0,0
40113,2,1,0,0,0,0,0,0,0,0,0,0
40114,1,1,25,25,25,25,25,25,25,25,25,25
40115,1,1,0,12,0,21,0,10,0,0,0,0
40116,1,1,0,28,0,14,9,18,0,0,0,0
40117,1,1,29,29,29,29,29,29,29,29,29,29
40118,1,1,17,17,17,17,17,17,17,17,17,17
40118,2,1,0,0,0,0,0,0,0,0,0,0
40118,3,1,0,0,12,0,0,0,0,0,0,0
40119,1,1,13,36,7,10,31,7,15,15,27,13
40120,0,1,9,9,9,9,9,9,9,9,9,9
40120,0,2,0,24,19,31,0,17,28,0,31,0
40120,1,1,0,0,17,0,0,0,0,0,0,11
40121,1,2,0,0,20,0,0,15,0,40,0,0
40122,1,1,0,0,0,0,0,0,0,0,0,0
40122,2,1,0,0,0,0,0,0,0,0,0,0
40123,1,1,23,23,23,23,23,23,23,23,23,23
40124,1,1,0,0,0,0,0,0,10,4,3,0
40124,2,1,0,0,0,0,0,17,0,0,0,0
40125,1,1,0,0,0,0,0,0,0,0,0,0
40125,2,1,0,0,0,0,0,0,0,0,0,0
40126,1,1,9,9,9,9,9,9,9,9,9,9
40127,1,1,0,0,0,0,0,0,0,0,0,0
40127,2,1,0,0,0,0,0,0,0,0,0,0
40128,0,1,0,0,0,0,0,0,0,0,0,0
40128,1,1,2,2,2,2,2,2,2,2,2,2
40129,0,1,0,0,0,0,0,0,0,0,0,0
40129,1,1,0,0,0,0,0,0,0,0,0,0
40130,1,1,0,0,0,0,0,0,0,0,0,0
40130,2,1,0,0,0,0,0,0,0,0,0,0
40130,3,1,0,18,0,0,0,0,0,0,0,0
40131,0,1,0,0,0,0,0,0,0,0,0,0
40131,1,1,0,0,0,0,0,0,0,0,0,0
40132,1,1,12,12,12,12,12,12,12,12,12,12
40133,1,1,0,0,0,0,0,0,0,0,0,0
40133,2,1,0,0,0,0,0,0,0,0,0,0
40133,3,1,0,0,0,0,0,0,0,0,0,0
40134,0,1,0,0,0,0,0,0,0,0,0,0
40134,1,1,0,0,0,0,0,0,0,0,0,0
40135,1,1,29,29,29,29,29,29,29,29,29,29
40136,0,1,0,0,0,0,0,0,0,0,0,0
40136,1,1,0,0,0,0,0,0,0,0,0,0
40137,1,1,0,0,0,0,0,0,0,0,0,0
40138,1,1,0,0,0,0,0,0,0,0,0,0
40138,2,1,8,8,8,8,8,8,8,8,8,8
40139,1,1,0,0,7,0,0,0,0,0,0,0
40139,2,1,0,0,0,0,0,0,0,0,0,0
40140,1,1,10,10,10,10,10,10,10,10,10,10
40141,1,1,19,18,50,33,23,17,16,18,22,13
40142,1,1,7,0,0,0,0,0,0,0,0,24
40142,2,1,0,0,0,0,0,0,0,0,0,0
40143,0,1,0,0,0,0,0,0,0,0,0,0
40143,0,2,0,0,0,0,22,0,0,8,0,0
40143,0,3,0,0,0,0,0,0,0,0,0,0
40143,1,1,0,0,0,0,0,0,0,0,0,0
40144,0,1,29,29,29,29,29,29,29,29,29,29
40144,1,1,3,3,3,3,3,3,3,3,3,3
40145,1,1,0,0,0,0,0,0,0,0,0,0
40145,2,1,0,0,0,0,0,0,0,0,0,0
40146,1,1,0,0,0,0,10,0,0,0,0,0
40146,2,1,0,0,0,0,0,0,0,0,0,0
40147,0,1,0,0,0,0,0,0,0,0,0,0
40147,1,1,0,0,0,0,0,0,0,0,0,0
40148,1,1,0,60,0,0,0,0,0,0,0,0
40148,2,1,10,10,10,10,10,10,10,10,10,10
40149,0,1,24,24,24,24,24,24,24,24,24,24
40149,1,1,0,0,0,0,0,0,0,0,0,0
40150,1,1,0,0,0,0,0,0,0,0,0,0
40150,2,1,0,0,0,0,0,0,0,0,0,0
40151,1,1,11,11,11,11,11,11,11,11,11,11
40151,2,1,0,0,0,0,0,0,0,0,0,0
40152,0,1,0,0,0,0,0,0,0,0,0,0
40152,1,1,0,0,0,16,0,0,0,0,0,0
40153,1,1,13,18,19,21,18,15,15,3,25,23
40154,1,1,0,0,34,0,0,0,0,28,0,0
40155,0,1,0,0,0,0,0,0,0,0,0,0
40155,1,1,0,0,0,0,0,0,0,0,0,0
40156,1,1,0,0,0,0,0,0,0,0,0,0
40156,2,1,13,13,13,13,13,13,13,13,13,13
40156,3,1,0,0,0,0,0,0,0,0,0,0
40157,0,1,0,0,0,0,0,0,0,0,0,0
40157,1,1,0,8,0,0,0,5,0,0,0,0
40158,1,1,0,0,0,0,0,0,0,0,0,0
40159,1,1,0,0,0,0,0,0,30,12,45,8
40159,2,1,0,0,0,0,0,0,0,0,0,0
40160,1,1,7,7,7,7,7,7,7,7,7,7
40161,1,1,0,0,0,0,0,0,0,0,0,0
40161,2,1,15,0,0,0,0,0,0,0,0,0
40163,1,1,0,0,0,0,0,0,0,0,0,0
40163,2,1,0,0,0,0,0,0,0,13,0,0
40164,1,1,24,24,24,24,24,24,24,24,24,24
40164,2,1,0,0,0,0,0,0,0,0,0,0
40165,1,1,0,0,0,0,0,0,0,0,0,0
40165,2,1,0,0,0,0,0,0,0,0,0,0
40166,1,1,12,12,12,12,12,12,12,12,12,12
40167,1,1,24,24,24,24,24,24,24,24,24,24
40168,1,1,0,0,0,0,0,0,0,0,0,0
40168,2,1,0,0,0,0,0,0,0,0,0,0
40169,1,1,15,13,0,12,18,15,40,0,10,19
40169,2,1,0,7,0,0,0,0,0,8,0,0
40170,1,1,0,9,0,22,0,0,11,0,34,0
40171,1,1,0,0,0,0,0,0,33,0,0,0
40171,2,1,8,8,8,8,8,8,8,8,8,8
40172,1,1,0,0,0,0,0,0,0,0,0,0
40172,2,1,0,0,0,0,0,0,0,0,0,0
40173,1,1,25,25,25,25,25,25,25,25,25,25
40174,1,1,16,16,16,16,16,16,16,16,16,16
40175,1,1,0,0,0,18,0,0,0,0,0,0
40176,1,1,0,0,0,0,0,0,0,0,0,0
40176,2,1,14,0,0,0,0,21,0,0,0,0
40177,1,1,0,0,0,0,0,0,0,0,0,0
40178,1,1,20,20,20,20,20,20,20,20,20,20
40179,1,1,0,0,0,0,0,0,0,0,0,0
40180,0,1,0,0,0,0,0,0,0,0,0,0
40180,0,2,0,0,0,0,0,0,0,0,0,0
40180,0,3,0,0,0,0,0,0,0,0,0,0
40180,1,1,0,0,0,0,0,0,0,0,0,0
40181,1,1,0,0,0,0,0,0,0,0,0,0
40182,1,1,0,0,0,0,0,0,0,0,0,0
40183,1,1,1,1,1,1,1,1,1,1,1,1
40184,1,1,0,0,0,0,0,0,0,0,0,0
40184,2,1,0,0,0,0,0,0,0,0,0,0
40185,1,1,12,12,12,12,12,12,12,12,12,12
40186,1,1,0,0,0,0,0,0,0,0,0,0
40186,2,1,0,0,0,0,0,0,0,0,0,0
40187,1,1,0,0,0,0,0,0,0,0,0,0
40187,2,1,0,0,0,0,0,0,0,0,0,0
40188,1,1,0,0,0,0,0,0,0,0,0,0
40188,2,1,0,0,0,0,0,0,0,0,0,0
40189,1,1,17,17,17,17,17,17,17,17,17,17
40190,0,1,33,33,33,33,33,33,33,33,33,33
40190,1,1,0,0,0,0,0,0,0,0,0,0
40191,1,1,27,14,20,3,4,7,15,10,13,7
40192,0,1,18,18,18,18,18,18,18,18,18,18
40192,1,1,0,0,0,0,0,0,0,0,0,0
40193,1,1,0,0,0,0,0,0,0,0,0,0
40193,2,1,0,9,0,0,0,0,21,0,0,0
40194,1,1,26,26,26,26,26,26,26,26,26,26
40194,2,1,0,0,0,0,0,0,0,0,0,0
40195,1,1,0,0,0,0,0,0,0,0,0,0
40195,2,1,0,0,0,0,0,0,0,0,0,0
40196,0,1,0,0,0,0,0,0,0,0,0,0
40196,1,1,0,0,1,0,0,0,0,0,0,0
40197,1,1,3,3,3,3,3,3,3,3,3,3
40197,2,1,22,22,22,22,22,22,22,22,22,22
40198,0,1,0,0,0,0,0,0,0,0,0,0
40198,1,1,0,0,0,0,0,6,0,0,0,22
40199,1,1,12,12,12,12,12,12,12,12,12,12
40200,1,1,0,0,24,0,0,3,0,33,0,7
40200,2,1,12,11,25,15,15,0,9,11,0,16
40202,1,1,2,2,2,2,2,2,2,2,2,2
40203,1,1,2,2,2,2,2,2,2,2,2,2
40203,2,1,0,0,0,0,0,0,0,0,0,0
40204,0,1,0,0,0,0,0,0,0,0,0,0
40204,1,1,0,0,0,0,0,12,0,0,0,0
40205,1,1,13,13,13,13,13,13,13,13,13,13
40205,2,1,19,19,19,19,19,19,19,19,19,19
40206,1,1,0,0,0,0,0,0,0,0,0,0
40206,2,1,0,0,0,0,0,0,0,0,0,0
40206,3,1,0,0,0,0,0,0,0,0,0,0
40207,1,1,30,30,30,30,30,30,30,30,30,30
40207,2,1,0,0,0,0,0,0,0,0,0,0
40208,0,1,0,0,0,0,0,0,0,0,0,0
40208,1,1,0,0,0,0,0,0,0,0,0,0
40209,1,1,0,0,21,17,13,0,35,6,0,15
40210,1,1,0,0,0,0,0,0,0,0,0,0
40210,2,1,0,0,0,0,0,0,0,0,0,0
40210,3,1,0,0,0,0,0,0,0,0,0,0
40211,1,1,0,0,0,0,0,0,0,0,0,0
40211,2,1,0,0,0,0,0,0,0,0,0,0
40212,0,1,45,45,45,45,45,45,45,45,45,45
40212,1,1,0,0,0,0,0,0,0,0,0,0
40212,2,1,0,0,18,16,0,8,0,15,0,0
40213,1,1,0,0,0,0,0,0,0,0,0,0
40214,1,1,12,13,0,3,0,0,25,12,31,31
40215,1,1,0,0,0,0,0,0,0,0,0,0
40215,2,1,0,0,0,0,0,0,0,0,6,0
40215,3,1,0,0,0,0,0,0,0,0,0,0
40216,1,1,0,0,0,0,0,0,0,0,0,0
40217,1,1,13,13,13,13,13,13,13,13,13,13
40218,1,1,0,0,0,0,0,0,0,0,0,0
40218,2,1,0,0,0,0,0,0,0,0,0,0
40219,1,1,0,0,0,0,0,0,0,0,0,0
40219,2,1,0,0,0,0,0,0,0,0,0,0
40220,1,1,20,20,20,20,20,20,20,20,20,20
40220,2,1,0,0,0,0,0,0,0,0,0,0
40221,1,1,0,0,0,0,0,0,0,0,0,0
40221,2,1,0,0,0,0,0,0,0,0,0,0
40222,1,1,0,0,0,0,0,0,0,0,0,0
40223,0,1,19,19,19,19,19,19,19,19,19,19
40223,1,1,0,0,0,0,0,0,0,0,0,10
40224,1,1,0,33,0,0,0,0,0,0,0,0
40224,2,1,0,0,0,0,0,0,0,0,0,0
40225,0,1,0,0,0,0,0,28,0,0,0,0
40225,1,1,0,0,0,0,0,0,0,0,0,0
40226,1,1,0,28,0,0,0,12,0,0,0,0
40227,0,1,0,0,0,0,0,0,0,0,0,0
40227,1,1,0,6,0,0,0,0,0,0,0,0
40228,1,1,0,0,0,0,0,0,0,0,0,0
40229,1,1,17,17,17,17,17,17,17,17,17,17
40230,1,1,16,16,16,16,16,16,16,16,16,16
40231,1,1,0,0,0,0,0,0,0,58,0,0
40231,2,1,3,3,3,3,3,3,3,3,3,3
40232,1,3,0,0,15,0,22,0,20,4,8,0
40233,1,1,22,22,22,22,22,22,22,22,22,22
40233,2,1,17,0,0,0,0,0,15,0,0,0
40234,1,1,14,14,14,14,14,14,14,14,14,14
40234,2,1,0,0,0,0,0,0,0,0,0,0
40235,1,1,14,14,14,14,14,14,14,14,14,14
40235,2,1,0,0,0,0,0,0,0,0,0,0
40236,1,1,14,14,14,14,14,14,14,14,14,14
40237,0,1,0,0,0,0,0,0,0,0,0,24
40237,1,1,0,0,0,0,0,0,0,0,0,0
40238,1,1,0,0,0,0,0,0,0,0,0,0
40238,2,1,0,0,0,0,0,0,0,0,0,0
40240,1,1,0,0,0,0,0,0,0,0,0,0
40240,2,1,11,0,0,0,0,0,0,0,0,12
40240,3,1,0,0,0,0,0,0,0,0,0,0
40241,1,1,0,0,0,0,0,0,0,0,0,0
40242,1,1,0,0,0,0,0,0,0,0,0,0
40242,2,1,0,0,0,0,0,0,0,0,0,0
40243,0,1,11,11,11,11,11,11,11,11,11,11
40243,1,1,0,0,10,16,0,21,15,0,10,28
40244,1,1,0,0,0,0,0,0,0,0,0,0
40245,1,1,24,24,24,24,24,24,24,24,24,24
40246,1,1,17,17,17,17,17,17,17,17,17,17
40247,1,1,0,0,0,0,0,0,0,0,0,0
40248,1,1,8,0,0,0,0,0,24,0,0,0
40249,1,1,0,0,0,0,0,0,0,0,0,0
40249,2,1,0,0,0,0,0,0,0,0,0,0
40250,1,1,2,2,2,2,2,2,2,2,2,2
40250,2,1,0,0,0,0,0,0,0,0,0,0
40250,3,1,0,0,18,0,0,0,0,0,0,0
40251,1,1,0,0,0,0,0,0,0,0,0,0
40251,2,1,0,0,0,0,0,0,0,0,0,0
40252,0,1,17,17,17,17,17,17,17,17,17,17
40252,1,1,0,0,0,0,0,0,0,0,0,0
40253,1,1,0,0,17,7,0,23,0,0,0,16
40254,1,1,17,17,27,0,12,0,0,0,24,24
40254,2,1,0,0,0,0,0,0,21,0,0,0
40257,1,2,24,28,23,0,16,36,0,18,40,6
40258,0,1,32,32,32,32,32,32,32,32,32,32
40258,1,1,0,23,19,0,0,0,18,16,0,31
40259,1,2,11,0,16,9,12,26,10,21,7,0
40261,1,1,0,0,0,0,0,0,0,0,0,0
40262,0,1,19,19,19,19,19,19,19,19,19,19
40262,1,1,0,0,0,0,0,0,0,0,0,0
40262,2,1,0,0,0,0,0,0,0,0,0,0
40262,3,1,0,0,0,0,0,0,0,0,0,0
40262,4,1,0,0,0,0,0,0,0,0,0,0
40263,0,1,20,20,20,20,20,20,20,20,20,20
40263,1,1,0,0,0,0,0,0,0,0,0,0
40264,1,1,16,16,16,16,16,16,16,16,16,16
40265,1,1,0,0,0,0,0,0,0,0,0,0
40265,2,1,0,0,0,0,0,0,0,0,0,0
40266,1,1,4,4,4,4,4,4,4,4,4,4
40268,1,1,0,0,0,0,0,0,0,0,0,0
40269,1,1,25,25,25,25,25,25,25,25,25,25
40269,2,1,0,0,0,0,0,0,0,0,0,0
40270,1,1,0,0,0,0,0,0,0,0,0,0
40270,2,1,0,0,0,0,0,0,0,0,0,0
40271,0,1,23,23,23,23,23,23,23,23,23,23
40271,1,1,0,0,0,0,0,0,0,0,0,0
40272,1,1,0,0,0,0,0,0,0,0,0,0
40273,1,1,0,0,0,0,0,0,0,0,0,0
40273,2,1,0,0,0,0,0,0,0,0,0,0
40274,1,1,0,0,0,0,0,0,0,0,0,0
40274,2,1,0,0,0,0,0,0,0,0,0,0
40275,1,1,4,4,4,4,4,4,4,4,4,4
40276,1,1,0,0,0,0,0,0,0,0,0,0
40277,1,1,18,0,0,0,0,0,0,13,0,0
40277,2,1,0,0,0,0,0,0,0,0,0,0
40278,1,1,0,0,0,0,0,0,0,0,0,0
40279,1,1,0,0,0,0,0,0,0,13,0,0
40280,1,1,0,0,0,0,0,0,0,0,0,0
40281,1,1,0,0,0,0,0,0,0,0,0,0
40282,1,1,0,0,0,0,0,0,0,0,0,0
40283,1,1,14,14,14,14,14,14,14,14,14,14
40284,0,1,0,0,0,0,0,0,0,0,0,0
40284,1,1,0,0,0,0,0,0,0,0,0,0
40285,1,1,0,0,0,0,0,0,0,0,0,0
40286,1,1,0,0,0,0,0,0,0,0,0,0
40287,1,1,25,25,25,25,25,25,25,25,25,25
40288,1,1,0,0,0,24,0,5,13,0,0,0
40289,0,1,0,0,0,0,0,0,0,0,0,0
40289,1,1,0,0,0,0,0,0,0,0,0,0
40290,1,1,0,0,0,0,0,0,0,0,0,0
40290,2,1,0,0,0,0,0,0,0,0,0,0
40291,1,1,15,15,15,15,15,15,15,15,15,15
40291,2,1,0,0,0,0,0,0,0,0,0,0
40292,1,1,0,0,0,0,0,0,0,0,0,0
40292,2,1,0,0,0,0,0,0,0,0,0,0
40293,1,1,0,0,9,0,0,15,0,14,0,20
40294,1,1,0,0,0,0,0,0,0,0,0,0
40294,2,1,0,0,0,0,0,0,0,0,0,0
40294,3,1,0,0,0,0,0,0,0,0,0,0
40295,1,1,0,0,0,0,0,0,0,0,0,0
40296,1,1,18,18,18,18,18,18,18,18,18,18
40296,2,1,0,0,0,0,0,0,0,0,0,0
40297,1,1,21,21,21,21,21,21,21,21,21,21
40298,0,1,28,28,28,28,28,28,28,28,28,28
40298,1,1,0,0,0,0,0,0,0,0,0,0
40299,1,1,0,0,0,0,0,0,0,0,0,0
40300,1,1,14,14,14,14,14,14,14,14,14,14
40300,2,1,0,0,0,0,0,0,0,0,11,0
40301,1,1,26,26,26,26,26,26,26,26,26,26
40302,1,1,25,25,25,25,25,25,25,25,25,25
40303,1,1,26,0,0,0,0,0,0,15,24,0
40304,1,1,0,0,0,0,0,0,0,0,0,0
40305,1,1,4,4,4,4,4,4,4,4,4,4
40306,1,1,4,9,20,7,0,4,32,16,0,14
40306,2,1,0,0,11,0,16,0,43,0,0,18
40307,0,1,0,0,0,0,0,0,0,0,0,0
40307,1,1,0,5,0,12,18,0,15,0,36,23
40308,1,1,13,13,13,13,13,13,13,13,13,13
40309,1,1,20,20,20,20,20,20,20,20,20,20
40310,1,1,0,0,0,0,0,0,0,0,0,0
40310,2,1,0,0,0,0,77,0,0,0,0,0
40311,1,1,24,24,24,24,24,24,24,24,24,24
40311,2,1,0,0,0,0,0,0,0,0,0,0
40312,0,1,8,8,8,8,8,8,8,8,8,8
40312,1,1,0,0,0,0,0,0,0,0,0,0
40313,1,1,14,14,14,14,14,14,14,14,14,14
40314,1,1,0,0,0,0,0,0,0,0,0,0
40314,2,1,0,0,0,0,0,0,0,0,0,0
40315,0,1,21,21,21,21,21,21,21,21,21,21
40315,1,1,0,21,36,13,9,0,0,0,6,26
40317,1,1,0,0,0,0,0,0,0,0,0,0
40317,2,1,0,0,0,0,0,0,0,0,0,0
40318,1,1,0,0,0,0,0,0,0,0,0,0
40318,2,1,0,0,0,0,0,0,0,0,0,0
40319,1,1,0,0,10,33,0,0,0,0,18,0
40320,0,1,0,0,0,0,0,0,0,0,0,0
40320,1,1,6,6,6,6,6,6,6,6,6,6
40321,1,1,0,0,0,0,0,0,0,0,0,0
40322,1,1,16,0,19,8,14,12,20,0,16,19
40323,1,1,44,44,44,44,44,44,44,44,44,44
40324,0,1,28,28,28,28,28,28,28,28,28,28
40324,1,1,0,0,0,0,0,9,0,0,0,0
40324,2,1,6,25,0,34,0,0,0,0,15,0
40325,1,1,20,20,20,20,20,20,20,20,20,20
40325,2,1,0,0,0,0,0,0,0,0,0,0
40326,1,1,0,0,0,0,0,0,0,0,0,0
40327,0,1,3,3,3,3,3,3,3,3,3,3
40327,1,1,0,0,0,0,0,0,0,0,0,0
40328,1,1,0,0,0,0,0,0,0,0,0,0
40329,1,1,18,18,18,18,18,18,18,18,18,18
40330,1,1,0,0,0,0,0,0,0,0,0,0
40330,2,1,0,0,0,0,0,0,0,0,0,0
40331,1,1,0,0,0,0,0,0,0,0,0,0
40332,1,1,0,0,0,0,0,0,0,0,0,0
40332,2,1,0,0,0,0,0,0,22,0,0,0
40333,0,1,15,15,15,15,15,15,15,15,15,15
40333,1,1,12,0,0,0,0,0,44,0,19,30
40334,0,1,0,0,0,0,0,0,0,0,0,0
40334,1,1,0,0,0,0,0,0,0,0,0,0
40334,2,1,0,0,0,0,0,0,0,0,0,0
40335,1,1,0,0,0,0,0,0,0,0,0,0
40335,2,1,0,0,0,0,0,0,0,0,0,0
40336,0,1,0,27,9,0,0,20,0,19,34,14
40336,1,1,0,6,0,31,13,11,0,22,30,14
40337,1,1,0,0,0,0,0,0,0,0,0,0
40337,2,1,0,0,0,0,0,0,0,0,0,0
40338,1,1,0,0,0,4,13,22,0,0,0,14
40338,2,1,0,0,0,0,25,9,0,0,0,0
40339,0,1,0,0,0,0,0,0,0,0,0,0
40339,0,2,16,16,16,16,16,16,16,16,16,16
40339,1,1,2,2,2,2,2,2,2,2,2,2
40340,1,1,26,26,26,26,26,26,26,26,26,26
40340,2,1,0,0,0,0,0,20,0,15,0,20
40340,3,1,0,0,0,0,0,0,0,0,0,0
40340,4,1,0,0,9,0,0,0,0,0,0,0
40341,1,1,16,25,19,0,21,0,7,19,0,0
40341,2,1,0,0,0,0,0,0,0,0,0,0
40342,0,1,0,0,0,0,0,0,0,0,0,0
40342,1,1,15,14,18,5,0,0,0,14,37,0
40343,1,1,23,23,23,23,23,23,23,23,23,23
40344,1,1,0,0,0,0,0,0,0,0,0,0
40344,2,1,0,0,0,0,0,0,0,0,0,0
40344,3,1,0,0,0,0,0,0,0,0,0,0
40345,0,1,0,0,0,0,5,31,20,0,24,0
40345,1,1,0,0,0,0,0,0,0,0,0,0
40346,1,1,23,23,23,23,23,23,23,23,23,23
40348,1,1,0,0,0,0,0,0,0,0,0,0
40349,1,1,17,7,0,0,19,12,7,22,9,6
40350,1,1,14,0,0,0,0,27,0,0,0,0
40350,2,1,0,14,0,0,0,0,0,0,0,23
40351,1,1,0,0,0,0,0,0,0,0,0,0
40351,2,1,0,0,0,0,0,0,0,0,0,0
40352,1,1,25,25,25,25,25,25,25,25,25,25
40353,1,1,20,20,0,19,0,11,13,23,14,0
40354,1,1,0,0,0,0,0,0,0,0,0,0
40354,2,1,0,0,0,0,0,0,4,0,0,0
40354,3,1,0,0,0,0,0,0,0,0,0,0
40355,1,1,0,0,0,0,0,0,0,0,0,0
40355,2,1,0,0,0,0,0,0,0,0,0,0
40356,1,1,19,0,29,0,13,5,21,0,0,0
40357,1,1,13,13,13,13,13,13,13,13,13,13
40357,2,1,0,0,0,0,0,0,0,0,0,0
40358,0,1,0,0,0,0,0,0,0,0,0,0
40358,1,1,0,0,0,0,0,0,0,0,0,0
40359,1,1,0,0,0,0,0,5,0,0,0,0
40359,2,1,23,0,0,0,0,0,0,0,0,0
40360,1,1,0,15,15,0,0,9,0,0,0,0
40360,2,1,0,0,0,0,0,0,0,0,0,0
40360,3,1,0,0,0,0,0,0,0,0,0,0
40361,1,1,0,0,0,5,0,0,0,23,0,0
40362,1,1,13,0,22,0,0,0,0,0,15,0
40363,0,1,29,29,29,29,29,29,29,29,29,29
40363,1,1,0,0,0,0,0,0,0,0,0,0
40364,1,1,0,8,0,0,0,0,0,0,0,0
40364,2,1,0,0,0,0,0,0,0,0,0,0
40365,1,1,0,0,0,0,0,0,0,0,0,0
40365,2,1,0,0,0,0,0,0,0,0,0,0
40366,0,1,0,0,0,0,0,0,0,0,0,0
40366,1,1,0,0,0,0,0,0,0,0,0,0
40367,1,1,0,0,0,0,0,0,0,0,0,0
40367,2,1,0,24,0,0,0,0,0,0,0,0
40368,1,1,0,0,0,0,0,0,19,0,0,0
40369,0,1,0,0,0,25,0,0,10,7,19,0
40369,0,2,0,0,32,22,0,0,0,22,16,0
40369,1,1,0,0,0,0,0,0,0,0,0,0
40370,1,1,0,0,0,0,0,0,0,0,0,0
40370,2,1,0,0,0,0,0,0,0,0,0,0
40371,1,1,0,0,0,0,0,0,0,0,0,0
40372,1,1,0,0,0,0,0,0,0,0,0,0
40373,1,1,0,0,0,0,0,0,0,0,0,0
40374,1,1,0,0,0,0,0,0,0,0,0,0
40375,1,1,0,0,0,0,0,0,0,0,0,0
40376,1,1,28,28,28,28,28,28,28,28,28,28
40377,1,1,0,0,0,0,0,0,0,0,0,0
40377,2,1,0,0,0,0,0,0,0,0,0,0
40378,1,1,23,23,23,23,23,23,23,23,23,23
40379,1,1,0,0,0,0,0,0,0,0,0,0
40379,2,1,0,0,0,0,0,0,0,0,0,0
40380,1,1,0,0,0,0,0,0,0,0,0,0
40380,2,1,0,0,0,0,0,0,0,0,0,0
40381,1,1,0,0,0,0,0,0,0,16,0,0
40381,2,1,0,0,0,0,0,0,0,0,0,0
40382,1,1,12,7,30,8,11,25,27,17,0,28
40383,0,1,0,0,0,0,0,0,0,0,0,0
40383,1,1,0,0,0,0,0,0,0,0,0,0
40384,1,1,0,22,0,0,0,0,0,0,0,0
40384,2,1,0,0,0,0,0,0,0,0,0,0
40384,3,1,0,0,0,0,0,0,0,0,0,0
40385,1,1,0,0,0,0,0,0,0,0,0,0
40385,2,1,33,0,0,0,0,0,0,0,0,0
40385,3,1,0,0,0,0,0,0,0,0,0,0
40386,0,1,0,0,0,0,0,0,9,0,0,0
40386,1,1,0,0,0,0,0,0,0,0,0,0
40387,0,1,17,0,0,0,0,0,0,0,0,0
40387,1,1,0,0,0,0,0,0,0,0,0,0
40388,1,1,0,0,0,0,0,0,0,0,0,0
40389,1,1,0,0,0,0,0,0,0,0,0,0
40390,1,1,18,18,18,18,18,18,18,18,18,18
40391,1,1,4,0,0,5,0,0,0,0,0,0
40392,1,3,0,0,0,0,0,0,0,0,0,0
40393,1,1,0,0,0,0,0,0,0,0,0,0
40394,1,1,0,0,0,0,0,0,0,0,0,0
40394,2,1,0,0,0,0,0,0,0,0,0,0
40395,1,1,2,2,2,2,2,2,2,2,2,2
40395,2,1,0,0,0,0,0,0,0,0,0,15
40396,1,1,0,0,0,0,0,0,0,0,0,0
40396,2,1,0,0,0,0,0,0,0,0,0,0
40397,0,1,39,24,37,9,16,18,12,31,22,5
40397,1,1,0,0,18,0,17,0,0,0,0,0
40397,2,1,0,0,0,9,0,0,0,0,0,23
40398,1,1,0,0,0,0,0,0,0,0,0,0
40398,2,1,0,0,0,0,0,0,0,0,0,0
40399,0,1,15,15,15,15,15,15,15,15,15,15
40399,1,1,0,18,31,13,14,0,0,45,10,13
40400,0,1,35,35,35,35,35,35,35,35,35,35
40400,1,1,0,0,0,0,0,0,0,0,0,0
40401,0,1,0,0,0,0,0,0,0,0,0,0
40401,1,1,14,14,14,14,14,14,14,14,14,14
40402,1,1,0,0,0,0,0,0,0,0,0,0
40402,2,1,0,0,0,0,0,0,0,0,0,0
40403,0,1,0,0,0,0,0,0,0,0,0,0
40403,1,1,0,0,0,0,0,0,0,0,0,0
40403,2,1,0,0,0,16,25,34,19,4,0,8
40404,0,1,0,0,0,0,0,0,0,0,0,0
40404,1,1,0,0,0,0,0,0,0,0,0,0
40405,1,1,0,0,0,0,0,0,0,0,0,0
40405,2,1,0,0,0,0,0,0,0,0,0,0
40405,3,1,0,0,0,0,4,0,0,0,0,0
40406,0,1,0,0,0,0,0,0,0,0,0,0
40406,1,1,0,0,0,0,0,0,0,0,0,0
40407,1,1,0,0,0,0,0,0,0,0,0,0
40407,2,1,0,0,0,0,0,0,0,0,0,0
40409,1,1,24,24,24,24,24,24,24,24,24,24
40410,0,1,0,0,0,0,0,0,0,0,0,0
40410,1,1,0,0,0,0,0,0,0,0,0,0