ST_CASE,VEH_NO,PER_NO,P1,P2,P3,P4,P5,P6,P7,P8,P9,P10
40707,2,1,14,14,14,14,14,14,14,14,14,14
40708,1,1,0,0,0,0,0,0,0,0,0,0
40708,2,1,0,0,0,0,0,0,0,0,0,0
40708,3,1,0,0,0,0,0,0,0,0,0,0
40708,4,1,0,0,0,0,0,0,0,22,0,0
40709,1,1,0,13,16,0,0,0,20,0,5,9
40709,2,1,0,0,0,0,0,8,0,0,0,0
40710,1,1,0,0,0,0,0,0,0,11,0,0
40710,2,1,5,5,5,5,5,5,5,5,5,5
40711,1,1,0,0,0,0,0,0,0,0,0,0
40712,1,1,13,13,13,13,13,13,13,13,13,13
40713,1,1,5,0,18,30,16,23,0,15,21,11
40714,0,1,6,6,6,6,6,6,6,6,6,6
40714,1,1,0,0,0,0,0,0,0,0,0,0
40715,0,1,0,0,0,0,0,0,0,0,0,0
40715,1,1,0,0,0,0,0,0,0,0,0,0
40716,1,1,27,27,27,27,27,27,27,27,27,27
40717,1,1,0,0,0,0,0,0,0,0,0,0
40718,1,2,3,27,0,10,20,15,0,13,14,21
40720,0,1,0,0,0,0,0,0,0,0,0,0
40720,1,1,0,0,0,0,0,0,0,0,0,0
40721,0,1,14,14,14,14,14,14,14,14,14,14
40721,1,1,0,34,0,0,18,0,0,0,8,0
40722,0,1,17,17,17,17,17,17,17,17,17,17
40722,1,1,11,0,0,18,0,11,0,13,24,0
40723,2,1,7,23,9,64,27,0,0,0,29,0
40724,1,1,0,0,0,0,0,0,0,0,0,0
40724,2,1,0,0,0,0,0,0,0,0,0,0
40725,1,1,19,19,19,19,19,19,19,19,19,19
40726,0,1,0,0,0,0,0,0,0,0,0,0
40726,1,1,0,5,0,17,11,0,14,0,0,0
40727,1,1,0,0,0,0,0,0,0,0,0,0
40727,2,1,0,0,0,0,0,0,12,0,0,0
40727,3,1,0,0,25,0,0,0,0,0,0,0
40728,0,1,21,21,21,21,21,21,21,21,21,21
40728,1,1,12,11,19,9,21,15,0,0,15,14
40729,1,1,0,0,0,0,0,0,15,0,0,0
40729,2,1,0,0,0,0,0,0,0,0,0,0
40730,1,1,0,0,0,0,0,0,0,0,0,0
40731,1,1,0,0,0,0,0,0,0,0,0,0
40731,2,1,0,0,0,0,0,0,0,0,0,0
40732,1,1,0,0,0,0,0,0,0,0,0,0
40732,2,1,0,0,0,0,0,0,0,0,0,0
40733,1,1,13,13,13,13,13,13,13,13,13,13
40734,1,1,0,0,0,0,0,0,0,0,0,0
40734,2,1,0,0,0,0,0,0,0,0,0,0
40735,1,1,0,0,0,0,0,0,0,0,0,0
40735,2,1,0,6,0,0,15,0,0,0,7,0
40736,1,1,0,0,0,0,0,0,0,0,0,0
40736,2,1,0,0,0,0,0,0,0,0,0,0
40737,1,1,0,0,0,0,0,0,0,0,0,0
40737,2,1,4,0,0,0,0,0,0,0,0,0
40737,3,1,0,16,0,0,10,0,0,0,0,0
40738,1,1,0,0,0,0,0,0,0,0,0,0
40739,1,1,0,0,0,0,0,0,0,0,0,0
40740,0,1,0,0,0,0,0,0,0,0,0,0
40740,1,1,0,0,0,0,0,0,0,0,0,0
40740,2,1,0,11,0,0,0,0,0,0,0,0
40741,1,1,33,33,33,33,33,33,33,33,33,33
40742,0,1,14,10,16,14,31,20,31,25,20,11
40742,1,1,0,0,0,0,0,0,0,0,0,0
40743,1,1,6,10,10,15,21,19,10,34,16,22
40744,1,1,18,18,18,18,18,18,18,18,18,18
40745,1,1,43,11,18,0,10,18,26,0,15,26
40745,2,1,7,0,0,0,14,0,23,0,0,35
40746,1,2,0,0,13,0,0,0,0,0,20,0
40747,0,1,17,0,0,0,0,0,0,21,0,0
40747,1,1,0,0,0,0,0,0,0,0,0,0
40748,1,1,3,3,3,3,3,3,3,3,3,3
40748,2,1,0,0,0,0,0,0,0,0,0,0
40749,1,2,0,5,19,7,0,0,0,0,0,0
40750,1,1,0,23,0,10,12,0,21,25,33,45
40750,2,1,31,0,17,0,19,5,0,27,0,0
40751,1,1,16,16,16,16,16,16,16,16,16,16
40752,0,1,0,0,0,0,0,0,0,0,0,0
40752,1,1,12,0,17,0,15,0,10,0,0,0
40753,1,2,0,0,0,4,0,4,14,0,0,0
40754,1,2,0,0,9,0,0,0,0,0,8,18
40755,1,1,0,0,10,17,13,0,12,25,0,0
40756,1,1,0,0,0,0,0,0,0,0,0,0
40757,1,1,29,29,29,29,29,29,29,29,29,29
40757,2,1,2,2,2,2,2,2,2,2,2,2
40758,1,1,0,0,0,0,0,0,0,0,0,0
40758,2,1,0,0,0,0,0,0,0,0,0,0
40759,1,1,0,0,0,0,0,0,0,0,0,0
40759,2,1,0,0,0,0,0,0,0,0,0,0
40759,3,1,0,0,0,0,0,0,0,8,0,0
40760,1,1,13,13,13,13,13,13,13,13,13,13
40761,0,1,0,0,0,0,0,0,0,0,0,0
40761,1,1,0,0,0,0,0,0,0,0,0,0
40761,2,1,0,0,0,0,0,0,0,0,0,0
40761,3,1,0,0,0,0,0,0,0,0,0,17
40761,4,1,0,0,0,0,0,0,11,0,0,0
40761,5,1,0,0,0,0,0,0,15,0,8,0
40761,6,1,0,0,0,11,0,0,0,17,0,0
40762,1,1,15,16,0,0,19,0,14,0,0,8
40763,0,1,0,0,0,0,0,29,17,21,0,24
40763,1,1,0,0,0,0,0,0,0,0,0,0
40764,1,1,0,0,0,0,0,0,0,0,0,0
40765,0,1,10,23,23,0,37,0,0,0,0,0
40765,1,1,0,0,0,0,0,0,0,0,0,0
40766,0,1,0,0,0,0,0,0,0,0,0,0
40766,1,1,0,0,0,0,0,0,0,0,0,0
40767,1,1,0,0,0,0,0,0,0,0,0,0
40767,2,1,0,0,0,0,0,0,0,0,0,0
40768,1,1,0,0,0,0,0,0,0,0,0,0
40768,2,1,0,0,0,0,0,0,0,0,0,0
40769,1,1,0,0,0,0,0,0,0,0,0,0
40769,2,1,0,0,0,0,0,0,0,0,0,0
40770,0,1,4,4,4,4,4,4,4,4,4,4
40770,1,1,0,0,0,0,0,0,0,0,0,0
40771,1,1,0,0,0,0,0,0,0,0,0,8
40771,2,1,0,0,0,0,0,0,0,0,0,0
40771,3,1,0,0,0,0,0,0,0,0,0,0
40772,1,1,25,25,25,25,25,25,25,25,25,25
40773,1,1,0,0,0,0,0,0,0,0,0,0
40773,2,1,0,0,0,0,0,0,0,0,0,0
40774,1,1,0,0,0,0,0,0,0,0,0,0
40775,1,1,0,0,0,0,0,0,0,0,0,0
40775,2,1,0,0,0,0,0,0,0,0,0,0
40776,1,1,0,0,0,0,0,0,0,0,0,0
40777,0,1,28,28,28,28,28,28,28,28,28,28
40777,1,1,15,15,15,15,15,15,15,15,15,15
40778,1,1,0,0,0,0,0,0,0,0,0,0
40778,2,1,0,0,0,0,0,0,0,0,0,0
40779,1,1,0,0,0,0,0,0,0,0,0,0
40779,2,1,0,0,0,0,0,0,0,10,0,0
40780,0,1,2,2,2,2,2,2,2,2,2,2
40780,1,1,0,0,0,0,0,0,0,0,0,0
40781,1,1,12,23,5,17,25,13,33,5,33,11
40782,0,1,45,45,45,45,45,45,45,45,45,45
40782,1,1,0,0,0,0,0,0,0,0,0,0
40783,1,1,0,0,0,0,0,0,0,0,0,0
40785,1,1,15,15,15,15,15,15,15,15,15,15
40785,2,1,10,10,10,10,10,10,10,10,10,10
40786,0,1,35,35,35,35,35,35,35,35,35,35
40786,1,1,0,0,0,0,0,0,0,0,0,0
40787,0,1,1,1,1,1,1,1,1,1,1,1
40787,1,1,0,0,0,0,0,0,12,0,0,0
40788,0,1,0,0,0,0,0,0,0,0,0,0
40788,1,1,0,0,0,0,0,0,0,0,0,0
40789,1,1,0,0,0,0,0,0,0,0,0,21
40789,2,1,0,0,0,0,0,0,0,0,0,0
40790,1,1,0,0,0,0,0,0,0,0,0,0
40790,2,1,0,0,0,0,0,0,0,0,0,0
40791,0,1,0,0,0,0,0,0,0,0,0,0
40791,1,1,0,0,0,0,0,0,0,30,0,0
40792,0,1,17,0,0,0,0,11,0,35,0,0
40792,1,1,0,0,0,0,0,0,0,0,0,0
40793,1,1,0,0,0,0,14,0,0,0,0,0
40793,2,1,0,0,0,0,0,0,0,0,0,0
40793,3,1,0,0,0,0,0,0,0,0,0,0
40794,1,1,0,0,0,0,0,0,0,0,0,0
40795,1,1,0,0,0,0,0,0,0,0,0,0
40796,1,1,29,29,29,29,29,29,29,29,29,29
40797,1,1,0,0,0,0,0,0,19,9,0,0
40797,2,1,0,0,0,0,0,0,0,0,0,0
40798,1,1,0,0,0,0,0,0,0,0,0,0
40798,2,1,0,0,0,0,0,0,0,0,0,0
40799,0,1,0,0,0,0,0,0,0,0,0,0
40799,1,1,0,0,0,0,0,0,0,0,0,0
40800,1,1,2,2,2,2,2,2,2,2,2,2
40800,2,1,0,0,0,0,0,0,0,0,0,0
40801,1,2,0,14,0,10,17,0,34,0,13,21
40802,1,1,15,15,15,15,15,15,15,15,15,15
40803,1,1,19,19,19,19,19,19,19,19,19,19
40803,2,1,0,0,0,0,0,0,0,0,0,0
40804,0,1,22,22,22,22,22,22,22,22,22,22
40804,1,1,0,0,0,0,0,0,0,0,0,0
40806,1,1,3,3,3,3,3,3,3,3,3,3
40806,2,1,8,0,0,0,8,0,15,0,0,0
40806,3,1,0,0,5,0,0,0,0,0,0,0
40806,4,1,0,10,0,0,27,0,0,2,0,0
40807,0,1,35,35,35,35,35,35,35,35,35,35
40807,1,1,0,0,0,0,0,0,0,0,0,0
40808,1,1,0,0,0,0,0,0,0,0,0,0
40808,2,1,0,0,0,0,0,0,0,0,0,0
40809,1,1,0,2,0,0,0,0,0,0,0,0
40809,2,1,0,0,0,0,0,0,0,0,0,0
40810,1,1,0,0,0,0,0,0,0,0,0,0
40810,2,1,0,0,0,0,0,0,0,0,0,0
40811,1,1,0,0,0,0,8,0,0,0,0,0
40811,2,1,0,0,0,0,0,0,0,0,0,0
40812,1,1,18,18,18,18,18,18,18,18,18,18
40813,1,1,0,12,5,13,2,9,17,7,12,13
40814,1,1,11,0,0,0,0,26,0,5,13,13
40814,2,1,0,0,0,0,0,0,0,0,0,0
40815,1,1,0,0,0,0,0,8,0,0,0,0
40816,0,1,0,0,0,0,0,0,0,21,0,24
40816,1,1,0,0,0,0,0,0,0,0,0,0
40817,1,1,0,0,0,0,0,0,0,0,0,0
40817,2,1,0,0,0,0,0,0,0,0,0,0
40818,1,1,6,0,0,0,0,0,0,14,0,0
40818,2,1,0,0,0,0,0,0,0,0,0,0
40819,1,1,0,0,0,0,0,0,0,0,0,0
40820,1,2,0,0,25,0,0,9,0,9,0,17
40821,1,1,0,0,0,0,0,0,0,0,0,0
40821,2,1,20,20,20,20,20,20,20,20,20,20
40822,0,1,0,0,0,0,0,0,0,0,0,0
40822,1,1,0,0,0,0,0,0,0,0,0,0
40823,1,1,0,0,0,0,0,0,0,0,0,0
40824,0,1,0,0,0,0,0,0,0,0,0,0
40824,1,1,0,0,0,0,0,0,0,0,0,0
40824,3,1,0,0,9,0,0,0,0,22,0,0
40824,4,1,0,0,0,0,10,0,0,0,0,0
40824,5,1,0,0,0,0,0,0,0,0,0,0
40824,6,1,24,0,0,0,0,0,0,0,0,0
40825,1,1,21,21,21,21,21,21,21,21,21,21
40826,1,2,26,37,8,16,17,14,5,4,11,12
40827,1,1,2,2,2,2,2,2,2,2,2,2
40828,1,1,0,0,0,0,0,0,0,0,0,0
40828,2,1,0,0,0,0,0,0,0,0,0,0
40829,1,1,0,0,0,0,0,0,0,0,0,0
40829,2,1,0,0,0,0,0,0,0,0,0,0
40830,1,1,0,19,0,0,0,0,0,0,0,0
40831,1,1,0,0,0,0,0,0,0,0,0,0
40831,2,1,0,0,0,0,0,0,0,0,0,0
40831,3,1,0,0,0,0,0,0,0,0,0,0
40832,1,1,5,5,5,5,5,5,5,5,5,5
40832,2,1,0,0,0,0,0,0,0,0,0,0
40833,1,1,14,0,9,9,15,10,3,5,15,3
40834,1,1,0,23,17,22,14,20,13,0,0,0
50001,1,1,0,0,0,0,0,0,0,5,0,0
50001,2,1,0,0,0,0,0,0,0,0,0,0
50002,1,1,0,0,0,4,0,10,0,0,24,0
50003,1,1,18,0,8,27,32,24,19,37,29,28
50004,1,1,0,0,0,0,0,0,0,0,0,0
50004,2,1,0,0,0,0,0,0,0,0,0,0
50005,1,1,0,0,0,0,0,0,0,0,0,0
50005,2,1,0,0,0,0,0,0,0,0,0,0
50007,1,1,0,0,0,0,0,0,0,0,0,0
50007,2,1,0,0,0,0,0,0,14,0,0,0
50008,1,1,0,0,0,0,0,0,0,0,0,0
50008,2,1,0,0,0,0,0,0,0,22,0,0
50009,1,1,0,0,0,0,0,0,0,0,0,0
50010,1,1,0,0,0,0,0,0,0,0,0,0
50010,2,1,0,0,0,0,0,0,0,0,0,0
50011,1,1,0,0,0,0,0,0,0,0,0,0
50011,2,1,0,0,0,0,0,0,0,0,0,0
50012,1,1,0,0,17,20,19,13,24,13,0,10
50014,1,1,6,0,0,0,0,0,0,0,0,0
50014,2,1,0,0,0,0,0,0,0,0,0,0
50015,1,1,0,0,0,0,0,0,0,0,0,0
50016,1,1,0,0,0,0,0,0,0,0,0,0
50017,1,1,0,0,0,0,0,0,0,0,0,0
50018,1,1,16,0,0,0,0,0,0,0,0,0
50019,1,1,4,4,4,4,4,4,4,4,4,4
50020,0,1,19,19,19,19,19,19,19,19,19,19
50020,1,1,0,0,0,0,0,0,0,0,0,0
50021,1,1,0,0,0,14,0,0,0,0,0,0
50022,1,1,0,0,0,0,0,0,6,0,0,0
50022,2,1,0,0,0,0,0,0,0,0,0,0
50024,1,1,0,0,0,0,0,0,0,0,0,0
50025,1,1,0,0,0,0,0,0,0,0,0,0
50026,1,1,0,0,0,0,0,0,0,0,0,0
50026,2,1,16,0,2,0,0,0,5,0,0,0
50027,1,1,0,0,0,0,0,0,0,0,0,0
50027,2,1,0,0,0,0,0,0,0,0,0,0
50028,1,1,0,0,0,0,0,0,0,0,0,0
50029,0,1,0,0,0,0,0,0,12,0,0,0
50029,0,2,0,0,0,0,15,0,0,0,0,0
50029,1,1,4,0,16,8,24,8,12,4,11,6
50030,1,1,25,13,0,0,10,0,14,48,14,0
50031,1,1,33,0,23,28,18,20,0,0,44,14
50032,1,1,0,0,0,0,0,0,0,0,0,0
50033,1,1,0,0,0,0,0,0,0,0,0,0
50033,2,1,12,12,12,12,12,12,12,12,12,12
50034,1,1,0,0,0,0,0,0,0,0,0,0
50034,2,1,0,0,0,0,0,0,0,0,0,0
50035,1,1,0,0,11,0,0,0,0,0,0,0
50035,2,1,0,0,18,0,0,0,0,0,17,0
50036,1,1,19,19,19,19,19,19,19,19,19,19
50037,1,1,23,23,23,23,23,23,23,23,23,23
50038,1,1,0,0,0,0,0,0,0,0,0,0
50038,2,1,0,0,0,0,0,0,0,0,0,0
50039,1,1,0,0,0,0,0,0,0,0,0,0
50039,2,1,0,0,0,0,0,0,0,0,0,0
50040,0,1,20,11,16,0,18,19,21,27,36,0
50040,1,1,0,0,0,23,0,0,0,24,0,0
50041,0,1,0,0,0,0,0,0,0,0,0,0
50041,1,1,0,0,0,0,0,0,0,0,0,0
50042,1,1,0,0,0,0,0,0,0,0,0,0
50043,1,1,0,0,0,0,0,0,0,0,0,0
50044,1,1,13,30,0,15,32,0,0,0,10,0
50045,1,1,0,0,0,0,0,0,0,0,0,0
50046,1,1,0,0,0,0,0,0,0,0,0,0
50046,2,1,9,9,9,9,9,9,9,9,9,9
50047,1,1,0,0,0,0,0,0,0,0,0,0
50047,2,1,8,8,8,8,8,8,8,8,8,8
50048,1,1,16,0,24,6,0,0,0,0,25,0
50049,1,1,0,0,0,0,0,0,0,0,0,0
50050,1,1,0,0,0,0,0,0,0,0,0,0
50051,1,1,0,0,0,0,0,0,0,0,0,0
50052,0,1,0,0,0,0,0,0,0,0,0,0
50052,1,1,0,0,0,0,0,0,0,0,0,0
50053,1,1,0,0,0,0,0,0,0,0,0,0
50053,2,1,0,0,0,0,0,0,0,0,0,0
50054,1,1,0,0,0,0,0,0,0,0,0,0
50054,2,1,0,0,0,0,0,0,0,0,0,0
50054,3,1,0,0,0,0,0,0,0,0,0,0
50055,1,1,0,0,0,0,0,13,14,0,0,0
50055,2,1,21,17,8,0,0,0,24,0,0,0
50056,1,1,15,15,15,15,15,15,15,15,15,15
50056,2,1,0,0,0,0,0,0,0,0,0,0
50057,1,1,0,0,0,0,0,0,0,0,0,0
50057,2,1,0,0,0,0,0,0,0,0,0,0
50058,1,1,0,0,0,8,5,0,29,17,0,0
50059,1,1,0,0,0,0,0,0,0,0,0,0
50060,1,1,0,0,0,0,0,0,0,0,0,0
50060,2,1,0,0,0,0,0,0,0,0,0,0
50061,1,1,30,0,0,6,14,0,0,0,0,0
50062,1,1,13,13,13,13,13,13,13,13,13,13
50063,1,1,0,0,0,17,0,0,27,0,0,0
50063,2,1,0,0,0,0,0,16,0,20,0,0
50064,1,1,0,0,0,0,0,0,0,0,0,0
50064,2,1,0,0,0,0,0,0,0,0,0,0
50065,1,1,0,0,0,0,0,0,0,0,0,0
50066,1,1,0,0,0,0,0,0,0,0,0,0
50067,1,1,15,15,15,15,15,15,15,15,15,15
50067,2,1,0,0,0,0,0,0,0,0,0,0
50068,1,1,0,0,0,0,0,0,0,0,0,0
50068,2,1,0,0,0,0,0,0,0,0,0,0
50069,1,1,0,0,0,0,0,0,0,0,0,0
50069,2,1,0,0,0,0,0,0,0,0,0,0
50069,3,1,0,0,0,0,0,0,0,0,0,0
50070,1,1,0,0,0,0,0,0,0,0,0,0
50071,1,1,0,0,0,0,0,0,0,0,0,0
50072,1,1,0,0,0,0,0,0,0,0,0,0
50073,1,1,2,2,2,2,2,2,2,2,2,2
50074,1,1,0,0,33,0,0,0,0,0,15,16
50075,1,1,0,0,0,0,0,0,0,0,0,0
50075,2,1,0,0,0,0,0,0,0,0,0,0
50076,1,1,0,0,0,0,0,0,0,0,0,0
50076,2,1,0,0,24,21,24,0,22,0,0,0
50077,1,1,0,0,0,0,0,0,0,0,0,0
50078,1,1,29,29,29,29,29,29,29,29,29,29
50079,0,1,30,0,15,0,0,0,32,0,0,0
50079,2,1,0,0,0,0,0,0,0,0,0,0
50080,1,1,0,0,0,0,0,0,0,0,0,0
50080,2,1,0,0,0,0,0,0,0,0,0,0
50081,1,1,0,0,0,0,0,0,0,0,0,0
50081,2,1,13,13,13,13,13,13,13,13,13,13
50082,1,1,0,0,0,0,0,0,0,0,0,0
50082,2,1,0,0,0,0,0,0,0,0,0,0
50082,3,1,0,0,0,0,0,0,0,0,0,0
50083,1,1,0,0,0,0,0,0,0,0,0,0
50083,2,1,0,0,0,0,0,0,0,0,0,0
50084,1,1,0,0,0,0,0,0,0,0,0,0
50084,2,1,16,16,16,16,16,16,16,16,16,16
50085,1,1,0,0,0,7,0,0,0,0,0,0
50085,2,1,0,0,0,0,0,0,0,0,0,0
50086,1,1,0,0,0,0,0,0,0,0,0,0
50086,2,1,0,0,0,0,0,0,0,0,0,0
50087,1,1,0,0,0,0,0,0,0,0,0,0
50088,0,1,12,17,0,0,0,0,49,15,0,19
50088,1,1,0,15,0,0,0,0,0,0,4,0
50089,1,1,16,16,16,16,16,16,16,16,16,16
50090,1,1,0,0,0,0,0,0,0,0,0,0
50090,2,1,0,0,0,0,0,0,0,0,0,0
50091,1,1,0,0,0,0,0,0,0,0,0,0
50091,2,1,0,0,0,0,0,0,0,0,0,0
50091,3,1,0,0,0,0,0,0,0,0,0,0
50092,1,1,29,20,0,0,15,15,25,16,12,17
50093,1,1,0,0,0,0,0,0,0,0,0,0
50093,2,1,0,0,13,0,17,0,0,0,0,0
50094,1,1,0,0,0,0,0,0,0,0,0,0
50094,2,1,0,0,0,0,0,0,0,0,0,0
50095,1,1,18,18,18,18,18,18,18,18,18,18
50096,1,1,29,29,29,29,29,29,29,29,29,29
50096,2,1,0,0,0,0,0,0,0,0,0,0
50096,3,1,0,0,0,0,0,0,0,0,0,0
50097,1,1,0,0,0,0,0,0,0,0,0,0
50097,2,1,0,0,0,0,0,0,0,0,0,0
50098,1,1,0,0,0,0,0,0,0,0,0,0
50099,1,1,0,0,17,0,0,0,0,0,22,0
50099,2,1,8,15,0,0,0,11,0,0,15,12
50100,1,1,0,8,30,5,0,0,0,0,12,0
50100,2,1,0,0,0,0,0,0,0,0,0,0
50101,1,1,0,0,0,0,0,0,0,0,0,0
50101,2,1,0,0,0,0,0,0,0,0,0,0
50102,1,1,20,0,0,24,0,0,0,12,0,0
50104,1,1,0,0,27,0,0,0,20,14,0,4
50105,1,1,19,19,19,19,19,19,19,19,19,19
50106,1,1,0,0,0,0,0,0,0,0,0,0
50106,2,1,12,12,12,12,12,12,12,12,12,12
50107,1,1,0,0,0,0,0,0,0,0,0,0
50107,2,1,9,0,13,0,0,11,0,0,0,0
50108,1,1,0,0,0,0,0,0,0,0,0,0
50108,2,1,0,0,0,0,0,0,0,0,0,0
50109,1,1,13,13,13,13,13,13,13,13,13,13
50109,2,1,16,16,16,16,16,16,16,16,16,16
50110,1,1,0,0,0,0,0,0,0,0,0,0
50111,1,1,14,0,0,0,0,0,10,0,27,0
50112,1,1,0,0,0,0,0,0,0,0,0,0
50112,2,1,0,0,0,0,0,0,0,0,0,0
50112,3,1,0,0,0,0,0,0,0,0,0,0
50113,1,1,0,0,0,0,0,0,0,0,0,0
50114,1,1,13,13,13,13,13,13,13,13,13,13
50115,1,1,0,0,0,0,0,0,0,0,0,0
50115,2,1,0,0,0,0,0,0,0,0,0,0
50116,1,1,0,0,0,0,0,0,0,0,0,0
50116,2,1,0,0,0,0,0,0,0,0,0,0
50117,1,1,0,0,0,0,0,0,0,0,0,0
50118,1,1,0,0,0,0,0,0,0,15,0,0
50118,2,1,32,32,32,32,32,32,32,32,32,32
50119,1,1,0,0,0,0,0,0,0,0,0,0
50119,2,1,0,0,0,0,0,0,0,0,0,0
50120,1,1,0,0,0,0,0,0,0,0,0,0
50120,2,1,0,0,0,0,0,0,0,0,0,0
50121,1,1,17,17,17,17,17,17,17,17,17,17
50121,2,1,0,0,0,0,0,0,0,0,0,0
50122,1,1,23,23,23,23,23,23,23,23,23,23
50123,1,1,0,0,0,0,0,0,0,0,0,0
50123,2,1,0,0,0,0,0,0,0,0,0,0
50124,1,1,0,0,0,0,0,0,0,0,0,0
50124,2,1,0,0,0,0,0,0,0,0,0,0
50125,1,1,17,17,17,17,17,17,17,17,17,17
50126,0,1,15,18,0,0,0,0,0,0,0,0
50126,0,2,0,0,24,0,27,41,0,0,0,20
50126,1,1,0,0,0,0,0,0,0,0,0,0
50127,1,1,0,0,0,0,0,0,0,0,0,0
50128,1,1,0,0,0,0,0,0,0,0,0,0
50128,2,1,9,0,0,16,0,0,0,0,0,0
50129,0,1,0,0,0,0,0,0,0,23,35,14
50129,1,1,8,0,0,0,0,0,11,31,13,21
50130,1,1,0,0,0,0,0,0,0,0,0,0
50131,1,1,6,6,6,6,6,6,6,6,6,6
50132,1,1,0,0,0,0,0,0,0,0,0,0
50132,2,1,0,0,0,0,0,0,0,0,0,0
50133,1,1,0,0,0,0,0,0,0,0,0,0
50134,1,1,0,0,0,0,0,0,0,5,17,0
50135,1,1,0,0,0,0,0,0,0,0,0,0
50135,2,1,0,0,0,0,0,0,0,0,0,0
50136,1,1,0,0,0,0,20,20,0,0,0,0
50136,2,1,0,0,8,0,0,0,0,0,0,0
50137,1,1,0,0,0,0,0,0,0,0,0,0
50138,1,1,16,16,16,16,16,16,16,16,16,16
50139,1,1,2,2,2,2,2,2,2,2,2,2
50139,2,1,0,0,0,0,0,0,0,0,0,0
50140,1,1,0,0,0,0,0,0,0,0,0,0
50140,2,1,0,0,0,0,0,0,0,0,0,0
50141,0,1,11,0,16,25,0,0,0,0,14,7
50141,1,1,6,3,17,5,18,0,11,0,13,15
50142,1,1,0,0,0,19,0,14,0,0,0,0
50142,2,1,0,0,0,0,0,0,0,0,13,21
50144,1,1,0,0,0,0,0,0,0,0,0,0
50144,2,1,0,0,0,0,0,0,0,0,0,0
50144,3,1,0,0,0,0,0,0,0,0,0,0
50144,4,1,0,0,0,0,0,0,0,0,0,0
50145,1,1,0,0,0,0,0,0,0,0,0,0
50145,2,1,0,0,0,0,0,0,0,0,0,0
50146,1,1,0,0,0,0,0,0,0,0,0,0
50147,1,1,0,0,0,0,0,0,0,0,0,0
50148,1,1,19,19,19,19,19,19,19,19,19,19
50148,2,1,0,0,0,0,0,0,0,0,0,0
50148,3,1,0,0,15,0,0,0,0,30,0,0
50149,1,1,0,0,37,17,24,8,12,0,0,0
50150,1,1,0,0,0,0,0,0,0,0,0,0
50150,2,1,0,0,0,0,0,0,0,0,0,0
50150,3,1,0,0,0,0,0,0,0,0,0,0
50151,1,1,24,24,24,24,24,24,24,24,24,24
50152,1,1,2,2,2,2,2,2,2,2,2,2
50153,0,1,30,0,0,34,18,46,0,19,15,15
50153,0,2,0,0,41,3,0,0,5,0,0,0
50153,1,1,0,0,0,0,0,0,0,0,0,0
50153,2,1,0,0,0,0,17,0,0,7,25,0
50153,3,1,0,0,0,0,0,0,0,12,0,0
50154,1,1,0,0,0,0,0,0,0,0,0,0
50154,2,1,0,0,0,0,0,0,0,0,0,0
50155,1,1,32,32,32,32,32,32,32,32,32,32
50156,1,1,6,0,0,3,7,0,0,3,0,0
50157,1,1,0,0,0,0,0,0,0,0,0,0
50157,2,1,0,0,0,0,0,0,0,0,0,0
50158,1,1,0,0,0,0,0,0,0,0,0,0
50158,2,1,0,0,0,0,0,0,0,0,0,0
50159,1,1,0,0,0,0,0,0,0,0,0,0
50159,2,1,0,9,0,15,0,0,0,0,0,0
50160,1,1,28,28,28,28,28,28,28,28,28,28
50160,2,1,0,0,0,0,22,18,21,0,0,0
50161,1,1,0,0,0,0,0,0,0,0,0,0
50161,2,1,0,30,0,0,0,0,0,0,0,0
50162,1,1,0,0,0,0,0,0,0,0,0,0
50162,2,1,0,0,0,0,0,0,0,0,0,0
50163,1,1,2,2,2,2,2,2,2,2,2,2
50164,1,1,0,0,0,0,0,0,0,0,0,0
50164,2,1,0,0,0,0,0,0,0,0,0,0
50164,3,1,0,0,0,0,0,0,0,0,0,0
50165,1,1,0,0,0,0,0,0,0,0,0,0
50165,2,1,0,0,0,0,0,0,0,0,0,0
50166,1,1,20,20,20,20,20,20,20,20,20,20
50166,2,1,0,0,0,0,0,0,0,0,0,0
50167,1,1,0,0,0,0,0,0,0,0,0,0
50168,0,1,13,13,13,13,13,13,13,13,13,13
50168,1,1,0,0,0,0,23,20,5,0,0,0
50169,1,1,14,14,14,14,14,14,14,14,14,14
50170,1,1,7,7,7,7,7,7,7,7,7,7
50170,2,1,16,0,9,0,0,0,13,9,0,2
50170,3,1,10,0,8,18,17,0,10,0,13,13
50172,1,1,0,0,0,0,0,0,0,0,0,0
50173,1,1,0,0,23,35,16,0,0,0,11,0
50173,2,1,0,0,0,0,0,0,0,0,0,0
50174,1,1,0,0,0,0,0,0,0,0,0,0
50175,1,1,0,0,0,0,0,0,0,0,0,0
50175,2,1,0,0,0,0,0,13,0,0,0,0
50175,3,1,0,0,0,0,0,0,0,0,0,0
50176,1,1,1,1,1,1,1,1,1,1,1,1
50177,1,1,1,1,1,1,1,1,1,1,1,1
50177,2,1,0,0,0,0,0,0,0,0,0,0
50178,1,1,26,26,26,26,26,26,26,26,26,26
50179,1,1,23,23,23,23,23,23,23,23,23,23
50180,1,1,5,0,0,0,0,46,0,10,0,18
50181,1,1,19,19,19,19,19,19,19,19,19,19
50182,1,1,16,16,16,16,16,16,16,16,16,16
50183,1,1,24,24,24,24,24,24,24,24,24,24
50184,1,1,20,20,20,20,20,20,20,20,20,20
50185,1,1,0,0,0,0,0,0,0,0,0,0
50185,2,1,0,0,0,0,0,0,0,0,0,0
50186,1,1,0,0,0,0,0,0,0,0,0,0
50186,2,1,0,17,0,0,3,0,0,10,0,0
50187,1,1,0,0,0,0,0,12,0,0,0,17
50188,0,1,0,0,0,0,0,0,0,0,0,0
50188,1,1,0,0,0,0,0,0,0,0,0,0
50189,1,1,0,0,0,0,0,0,0,24,0,0
50189,2,1,0,0,0,0,0,0,0,0,0,0
50190,1,1,0,0,0,0,0,0,0,0,0,0
50191,1,1,0,0,0,0,0,0,0,0,0,0