ST_CASE,VEH_NO,PER_NO,P1,P2,P3,P4,P5,P6,P7,P8,P9,P10
120310,2,1,0,5,0,0,0,0,0,14,0,0
120311,1,1,0,0,0,0,0,0,0,0,0,0
120312,1,1,7,7,7,7,7,7,7,7,7,7
120312,2,1,10,0,5,0,0,0,0,16,0,0
120313,1,1,16,16,16,16,16,16,16,16,16,16
120314,1,1,17,17,17,17,17,17,17,17,17,17
120315,1,1,0,0,0,0,0,0,0,17,0,0
120315,2,1,0,0,0,0,0,0,0,23,0,0
120317,0,1,0,0,0,0,0,0,0,0,0,0
120317,1,1,12,0,0,12,0,0,0,0,0,0
120318,1,1,2,2,2,2,2,2,2,2,2,2
120319,1,1,1,1,1,1,1,1,1,1,1,1
120319,2,1,0,0,0,0,0,0,0,0,0,0
120321,1,1,0,0,0,0,0,0,0,0,0,0
120321,2,1,28,0,0,0,0,0,0,0,0,0
120322,1,1,0,0,0,0,0,0,0,0,0,18
120323,1,1,0,0,20,11,0,0,0,0,38,0
120324,1,1,0,25,0,0,11,0,21,11,3,16
120325,1,1,0,0,0,0,0,0,0,0,0,0
120326,0,1,0,0,0,0,19,0,0,0,0,0
120326,1,1,0,0,0,0,0,0,0,0,0,0
120327,1,1,0,0,0,0,24,0,0,0,0,3
120328,0,1,18,20,30,0,0,0,0,26,0,17
120328,1,1,0,0,8,0,0,0,0,0,14,0
120329,1,1,0,0,0,0,0,0,0,0,0,0
120329,2,1,0,0,0,0,0,0,0,0,0,0
120330,1,1,15,15,15,15,15,15,15,15,15,15
120331,0,1,0,0,0,0,35,0,0,30,0,0
120331,1,1,0,0,0,0,0,0,0,0,0,0
120332,1,1,44,0,0,0,24,0,0,20,0,16
120333,1,1,0,0,10,0,0,0,15,0,0,17
120334,1,1,0,0,0,0,0,25,0,0,0,0
120334,2,1,0,11,0,0,6,0,9,0,0,0
120335,0,1,15,15,15,15,15,15,15,15,15,15
120335,1,1,0,0,0,0,0,0,0,0,0,0
120336,1,1,0,0,0,0,0,0,0,0,0,0
120336,2,1,0,0,0,0,0,0,0,0,0,0
120337,1,1,0,0,0,0,0,0,20,0,0,0
120337,2,1,0,0,0,13,0,0,0,0,0,0
120338,0,1,4,4,4,4,4,4,4,4,4,4
120338,1,1,0,0,0,0,6,0,0,0,0,0
120339,0,1,0,0,13,0,0,13,16,0,7,0
120339,1,1,0,0,0,0,0,0,0,0,0,0
120339,2,1,0,0,0,0,0,0,0,0,0,0
120340,0,1,0,0,0,0,0,0,0,0,0,0
120340,1,1,0,0,0,0,0,0,0,0,0,0
120341,1,1,13,13,13,13,13,13,13,13,13,13
120342,1,1,0,0,0,16,0,21,22,0,0,9
120343,1,1,0,0,0,0,0,0,0,0,0,0
120343,2,1,19,19,19,19,19,19,19,19,19,19
120344,1,1,0,0,0,0,0,27,0,0,0,0
120344,2,1,20,0,7,0,0,7,7,0,0,0
120345,1,1,0,0,0,0,0,0,0,0,0,24
120346,1,1,0,0,0,0,0,0,0,0,0,0
120347,0,1,0,0,0,0,0,0,0,0,0,0
120347,1,1,0,0,0,18,0,0,0,38,0,0
120348,0,1,26,18,15,0,13,12,33,26,0,35
120348,1,1,0,0,0,11,0,0,0,0,0,18
120349,1,1,22,22,22,22,22,22,22,22,22,22
120350,1,1,0,0,0,0,0,0,0,0,0,0
120350,2,1,0,0,0,0,0,0,0,0,0,0
120351,1,1,0,0,0,0,0,0,0,0,0,0
120351,2,1,0,0,0,0,0,0,0,0,0,0
120352,1,1,14,40,0,8,15,0,0,25,0,0
120353,1,1,0,0,0,0,0,0,0,0,0,0
120353,2,1,0,0,0,0,0,0,0,0,0,0
120354,0,1,0,28,0,0,23,0,0,32,0,0
120354,1,1,0,0,0,5,0,16,0,0,0,0
120355,1,1,12,8,7,0,11,0,0,0,0,0
120355,2,1,0,0,0,0,0,0,0,0,0,0
120356,1,1,0,0,0,0,0,0,0,0,0,0
120356,2,1,0,0,0,0,0,0,0,0,0,0
120357,1,1,0,0,0,0,0,0,0,0,0,0
120357,2,1,0,0,0,0,0,0,0,0,0,0
120358,0,1,0,0,0,0,0,0,0,0,0,0
120358,1,1,0,0,0,0,0,0,0,0,0,0
120358,2,1,0,0,0,0,0,0,0,0,0,0
120359,1,1,0,0,0,0,0,0,0,0,0,0
120359,2,1,0,0,0,0,0,0,0,0,0,0
120360,0,1,27,0,0,0,0,0,0,0,0,0
120360,1,1,0,0,0,0,0,0,0,0,0,0
120362,1,1,0,0,0,0,0,0,0,0,0,0
120362,2,1,0,0,0,0,0,0,0,0,0,0
120362,3,1,0,0,0,0,0,0,0,18,0,0
120363,1,1,0,0,0,0,0,0,0,0,0,0
120363,2,1,0,0,0,0,0,0,0,0,10,0
120364,1,1,0,0,0,0,0,0,0,0,0,0
120364,2,1,0,0,0,0,10,0,0,0,0,22
120365,0,1,0,0,0,0,0,0,0,19,0,0
120365,1,1,0,0,0,0,0,0,0,0,0,0
120366,1,1,0,0,0,0,0,0,0,0,0,0
120367,0,1,0,0,0,27,0,6,22,0,6,8
120367,1,1,10,10,10,10,10,10,10,10,10,10
120368,1,1,0,0,0,0,0,0,0,0,0,0
120368,2,1,0,0,0,0,0,0,0,19,0,0
120368,3,1,0,0,0,0,0,0,0,0,0,0
120368,4,1,0,0,0,0,0,0,0,0,0,0
120369,1,1,27,27,27,27,27,27,27,27,27,27
120370,0,1,20,20,20,20,20,20,20,20,20,20
120370,1,1,0,0,0,0,0,0,0,0,0,0
120371,1,1,0,0,0,0,0,0,0,0,0,0
120371,2,1,0,0,0,0,0,0,0,0,0,0
120372,1,1,19,19,19,19,19,19,19,19,19,19
120373,1,1,0,0,0,0,0,0,0,0,0,0
120373,2,1,0,0,0,0,0,0,6,0,0,0
120374,1,1,0,0,0,0,0,0,0,0,0,0
120375,0,1,32,32,32,32,32,32,32,32,32,32
120375,1,1,0,0,0,0,0,0,0,0,0,0
120376,1,1,13,13,13,13,13,13,13,13,13,13
120377,1,1,0,12,0,0,0,0,0,0,0,0
120378,1,1,0,0,0,0,0,0,0,0,0,0
120378,2,1,0,0,0,0,0,0,0,0,0,0
120378,3,1,0,0,0,0,0,0,0,0,0,0
120379,1,1,0,0,0,0,0,0,0,0,0,0
120380,1,1,11,11,11,11,11,11,11,11,11,11
120382,1,1,0,0,0,0,0,0,0,19,0,0
120382,2,1,0,0,0,0,0,0,0,0,0,0
120382,3,1,0,0,0,0,0,0,0,0,0,0
120383,1,1,0,0,0,0,0,0,0,0,0,0
120383,2,1,0,0,0,0,0,0,0,0,0,0
120384,1,1,6,29,24,23,14,20,15,14,16,13
120385,1,1,21,21,21,21,21,21,21,21,21,21
120385,2,1,0,0,8,11,7,0,0,0,0,0
120386,0,1,0,0,0,0,0,18,0,29,0,0
120386,1,1,0,0,0,0,0,12,0,8,0,0
120387,0,1,10,0,0,0,0,0,0,0,15,0
120387,0,2,0,0,0,0,0,0,0,0,19,0
120387,0,3,0,0,0,0,0,0,0,0,0,0
120387,1,1,0,0,0,8,0,0,0,0,0,0
120388,1,1,0,0,0,0,0,0,17,0,0,0
120388,2,1,0,0,0,11,14,0,0,0,0,0
120389,1,1,0,0,0,0,0,0,0,0,0,0
120389,2,1,0,0,0,0,0,0,0,0,0,0
120390,1,1,0,0,0,0,0,0,0,0,0,0
120390,2,1,0,0,0,0,0,0,0,0,0,0
120391,1,1,0,0,0,0,0,0,0,0,0,0
120391,2,1,0,0,0,0,0,0,0,0,0,0
120391,3,1,0,0,0,0,0,0,0,0,0,0
120392,1,1,14,14,14,14,14,14,14,14,14,14
120394,1,1,18,18,18,18,18,18,18,18,18,18
120395,1,1,0,0,0,0,0,0,0,0,0,0
120395,2,1,0,0,0,0,0,0,0,0,0,0
120395,3,1,0,0,0,0,0,0,0,0,0,0
120396,0,1,18,0,8,0,0,0,36,0,0,0
120396,1,1,13,0,0,0,0,0,0,0,0,0
120397,0,1,0,0,0,0,10,36,15,0,0,0
120397,1,1,0,19,0,0,0,0,0,0,0,0
120397,2,1,0,0,0,0,10,0,0,0,0,0
120398,1,1,0,0,0,0,0,0,0,0,0,0
120398,2,1,0,0,0,0,0,0,0,0,0,0
120398,3,1,0,0,0,0,0,0,0,0,0,0
120399,0,1,9,9,9,9,9,9,9,9,9,9
120399,0,2,2,0,11,0,26,24,0,24,18,39
120399,1,1,0,0,0,12,0,0,0,0,0,0
120400,1,1,0,0,0,0,0,0,0,0,0,0
120401,1,1,0,0,0,0,0,0,0,0,0,0
120401,2,1,0,0,0,0,0,0,0,0,0,0
120402,0,1,26,17,0,39,0,30,20,0,24,29
120402,1,1,0,0,0,0,10,0,0,0,0,0
120403,1,1,0,0,0,0,0,0,0,0,0,0
120403,2,1,0,0,0,0,0,0,0,0,0,0
120403,3,1,0,0,0,0,0,0,0,0,0,0
120404,1,1,0,0,0,0,0,0,0,0,0,0
120404,2,1,0,0,0,0,0,0,0,0,0,0
120404,3,1,0,0,0,0,0,0,0,0,0,0
120405,1,1,31,31,31,31,31,31,31,31,31,31
120406,1,1,0,0,0,0,0,0,0,0,0,0
120406,2,1,0,0,0,0,0,0,0,0,0,0
120406,3,1,0,0,0,0,0,0,0,0,0,0
120406,4,1,0,0,0,0,0,0,0,0,0,0
120407,1,1,0,0,0,0,0,0,0,0,0,0
120407,2,1,0,0,0,0,0,0,0,0,0,0
120408,1,1,0,0,0,0,0,0,0,0,0,0
120408,2,1,0,0,0,0,0,0,0,0,0,0
120409,1,1,15,15,15,15,15,15,15,15,15,15
120410,1,1,22,24,10,18,18,12,18,17,14,11
120411,1,1,15,15,15,15,15,15,15,15,15,15
120412,1,1,0,0,0,0,0,0,0,0,0,0
120412,2,1,0,0,0,0,0,0,0,0,0,0
120412,3,1,0,0,0,0,0,0,0,0,0,0
120412,4,1,0,0,0,0,0,0,0,0,0,0
120414,1,1,0,0,0,0,0,0,0,0,0,0
120415,1,1,0,0,0,0,0,0,24,0,24,11
120416,1,1,15,15,15,15,15,15,15,15,15,15
120416,2,1,0,0,0,24,0,0,0,0,0,0
120417,1,1,0,0,0,0,0,18,17,0,0,0
120417,2,1,0,0,0,0,0,0,0,0,0,0
120418,1,1,0,0,0,0,0,0,0,0,0,0
120419,0,1,28,28,28,28,28,28,28,28,28,28
120419,1,1,0,0,0,0,0,17,0,0,0,0
120420,1,1,0,0,0,0,0,0,0,16,0,0
120420,2,1,0,0,11,0,0,19,0,0,0,3
120421,1,1,19,19,19,19,19,19,19,19,19,19
120421,2,1,0,0,0,0,0,0,0,0,0,0
120422,1,1,0,0,0,0,0,0,0,0,14,0
120423,1,1,0,0,0,0,0,0,0,0,0,0
120423,2,1,0,0,0,0,0,0,0,0,0,0
120424,1,1,17,17,17,17,17,17,17,17,17,17
120425,1,1,0,0,0,0,0,0,0,0,0,13
120425,2,1,15,0,0,0,0,0,0,0,0,0
120426,1,1,11,15,0,26,0,20,0,0,0,12
120427,1,1,0,0,0,0,0,0,0,0,0,0
120427,2,1,0,0,0,0,0,0,0,0,0,0
120428,1,1,0,0,0,0,0,0,0,0,0,13
120428,2,1,0,0,0,0,0,0,0,0,0,0
120429,1,1,19,19,19,19,19,19,19,19,19,19
120430,1,1,14,14,14,14,14,14,14,14,14,14
120430,2,1,4,4,4,4,4,4,4,4,4,4
120431,1,1,0,0,0,0,0,0,0,0,0,0
120432,1,1,0,0,0,0,0,0,0,0,0,0
120432,2,1,0,0,0,0,0,0,0,0,0,0
120433,1,1,0,0,0,0,0,0,0,0,0,0
120433,2,1,0,0,0,0,0,8,0,0,0,0
120434,0,1,0,0,0,0,0,0,0,0,0,0
120434,1,1,0,0,0,0,0,0,0,0,0,0
120435,1,1,0,0,0,0,0,0,0,0,0,0
120435,2,1,0,0,0,0,0,0,0,0,0,0
120436,1,1,17,17,17,17,17,17,17,17,17,17
120437,1,1,0,0,0,0,0,0,0,0,0,0
120437,2,1,0,0,0,0,0,0,0,0,0,0
120438,1,1,0,0,0,0,0,0,0,0,0,0
120439,1,1,26,26,26,26,26,26,26,26,26,26
120441,0,1,2,2,2,2,2,2,2,2,2,2
120441,1,1,0,0,0,0,0,0,11,0,0,0
120442,1,1,0,0,0,0,10,0,0,0,0,0
120442,2,1,0,0,0,0,0,21,0,0,0,6
120442,3,1,0,0,20,0,0,0,0,0,0,0
120442,4,1,0,0,0,0,19,0,0,0,2,0
120443,1,1,28,0,0,19,23,0,0,0,15,10
120444,0,1,19,19,19,19,19,19,19,19,19,19
120444,1,1,0,0,0,0,0,0,0,0,0,0
120445,1,1,0,0,0,0,0,0,0,0,0,0
120445,2,1,0,16,15,0,0,0,19,0,12,24
120446,0,1,28,28,28,28,28,28,28,28,28,28
120446,1,1,0,0,0,0,0,0,0,0,0,0
120447,0,1,0,0,0,0,0,0,0,31,0,8
120447,0,2,3,3,3,3,3,3,3,3,3,3
120447,0,3,0,0,0,0,0,0,0,0,0,0
120447,0,4,0,0,0,0,0,0,0,0,0,0
120447,1,1,10,10,10,10,10,10,10,10,10,10
120449,1,1,0,0,0,0,0,0,0,0,0,0
120449,2,1,0,0,0,0,0,0,0,0,0,0
120450,1,1,0,0,0,0,0,0,0,0,0,0
120450,2,1,0,0,0,0,0,0,0,0,0,0
120451,1,1,0,23,0,18,0,31,0,0,17,8
120451,2,1,0,0,0,0,0,0,0,0,6,0
120452,0,1,0,34,0,0,0,0,0,0,0,0
120452,1,1,0,0,0,0,0,0,0,0,0,0
120453,0,1,33,8,0,0,19,20,0,16,0,0
120453,1,1,0,0,0,0,0,0,16,0,0,0
120454,0,1,0,0,0,0,0,0,0,0,10,0
120454,1,1,0,0,0,0,0,0,0,0,0,0
120455,1,1,26,26,26,26,26,26,26,26,26,26
120456,1,1,0,0,0,0,0,0,0,0,0,0
120456,2,1,0,15,0,0,0,3,0,0,0,0
120457,1,1,23,23,23,23,23,23,23,23,23,23
120459,1,1,0,0,0,0,0,0,0,0,0,0
120459,2,1,0,0,0,0,0,0,0,0,0,0
120460,0,1,0,0,0,0,12,0,0,0,0,0
120460,1,1,0,0,11,0,0,0,0,0,0,0
120461,0,1,15,27,0,32,0,0,24,0,23,15
120461,1,1,0,0,0,0,0,0,0,0,0,0
120462,1,1,0,0,0,0,0,0,0,0,0,0
120462,2,1,0,0,0,0,0,0,0,0,0,0
120462,3,1,0,0,0,0,0,0,0,0,0,0
120462,4,1,0,0,0,0,0,0,0,0,0,0
120463,1,1,0,0,0,0,0,0,0,0,0,0
120463,2,1,0,0,0,0,0,19,0,0,0,0
120464,1,1,0,0,0,0,0,0,0,0,0,0
120464,2,1,0,0,0,0,0,0,0,0,0,0
120465,0,1,6,6,6,6,6,6,6,6,6,6
120465,1,1,11,11,11,11,11,11,11,11,11,11
120466,1,1,0,0,0,0,0,0,0,25,0,0
120466,2,1,0,0,0,0,0,0,0,0,0,0
120467,1,1,17,17,17,17,17,17,17,17,17,17
120467,2,1,0,0,0,0,0,0,0,0,0,0
120468,1,1,0,0,0,0,8,0,0,0,0,0
120468,2,1,0,0,0,0,0,0,0,0,0,0
120470,1,1,0,0,0,0,0,0,0,0,0,0
120470,2,1,0,0,0,0,0,0,0,0,0,0
120471,1,1,0,0,0,0,0,0,0,0,0,0
120472,1,1,0,12,0,0,0,0,28,0,0,0
120472,2,1,0,0,0,0,0,0,0,0,0,0
120472,3,1,0,0,0,0,0,0,0,0,0,0
120473,0,1,18,18,18,18,18,18,18,18,18,18
120473,1,1,0,13,0,0,0,0,0,0,0,0
120474,1,1,25,25,25,25,25,25,25,25,25,25
120474,2,1,0,0,0,0,34,0,0,0,0,0
120475,1,1,0,0,0,0,0,0,0,0,0,0
120475,2,1,0,0,0,0,0,0,0,0,0,0
120476,0,1,0,31,0,0,23,16,0,0,17,0
120476,1,1,0,0,0,0,0,0,0,0,0,0
120477,1,1,0,0,0,0,0,0,0,0,0,0
120478,1,1,0,20,0,0,0,0,30,22,8,18
120479,1,1,0,0,25,0,0,0,0,0,0,7
120480,1,1,0,0,0,0,0,0,0,0,0,0
120481,1,1,0,29,0,0,0,0,0,0,0,0
120481,2,1,0,0,0,7,0,0,0,0,0,0
120482,1,1,8,8,0,8,0,9,0,0,0,14
120483,1,1,0,0,0,0,0,0,0,0,0,0
120483,2,1,0,0,0,0,0,0,0,0,0,0
120484,1,1,0,0,0,0,0,0,0,0,0,0
120484,2,1,0,0,8,0,0,0,0,0,0,0
120485,1,1,0,0,0,0,0,0,0,0,0,0
120485,2,1,0,0,0,0,0,0,0,0,23,0
120486,1,1,14,14,14,14,14,14,14,14,14,14
120486,2,1,0,0,0,0,0,0,0,0,0,0
120487,0,1,2,2,2,2,2,2,2,2,2,2
120487,1,1,0,0,0,0,0,0,0,0,0,0
120488,1,1,0,0,0,0,0,0,0,0,0,0
120488,2,1,0,0,0,0,0,0,0,0,0,0
120489,1,1,0,0,0,0,0,0,0,0,0,0
120490,1,1,0,0,0,0,29,0,0,0,0,13
120491,1,1,0,0,0,0,0,0,0,0,0,0
120491,2,1,0,0,0,0,0,0,0,0,0,0
120491,3,1,0,0,0,0,0,0,0,0,0,0
120492,0,1,0,0,0,0,0,0,0,0,0,0
120492,1,1,0,0,0,0,0,0,0,0,0,0
120493,0,1,0,0,0,0,0,0,0,0,0,0
120493,1,1,7,0,0,0,0,0,0,0,0,0
120494,0,1,0,23,40,0,32,21,15,0,0,0
120494,0,2,0,45,0,0,13,0,8,0,17,24
120494,1,1,0,0,0,0,0,7,0,36,0,0
120495,0,1,2,2,2,2,2,2,2,2,2,2
120495,1,1,0,0,0,0,0,0,0,0,0,0
120496,1,1,0,0,0,0,0,0,0,0,17,0
120497,1,1,0,0,0,0,0,0,0,0,0,0
120497,2,1,0,0,0,0,0,0,0,0,0,0
120498,0,1,0,0,13,12,0,36,0,0,0,0
120498,1,1,0,0,8,0,0,0,0,0,0,0
120499,1,1,0,0,0,0,0,0,0,0,0,0
120499,2,1,0,0,0,0,0,0,0,0,9,0
120500,1,1,13,13,13,13,13,13,13,13,13,13
120501,1,1,0,0,0,0,0,0,0,0,0,0
120501,2,1,0,0,0,0,0,0,0,0,0,0
120501,3,1,0,0,0,0,0,0,0,0,0,0
120502,1,1,0,0,0,0,0,0,0,0,0,0
120502,2,1,0,0,0,0,0,0,0,12,0,0
120503,1,1,0,0,0,0,0,0,0,0,0,0
120504,1,1,0,0,0,0,0,0,0,0,0,0
120504,2,1,0,0,0,0,0,0,0,0,0,0
120505,1,1,0,0,0,0,0,0,0,0,0,0
120505,2,1,0,0,0,0,0,0,0,0,0,0
120506,1,1,0,0,0,0,0,0,0,0,0,0
120506,2,1,0,0,0,0,0,0,0,38,0,0
120508,0,1,19,4,0,13,5,0,26,19,0,20
120508,0,2,0,0,0,0,0,31,13,0,0,3
120508,0,3,0,0,0,0,0,0,0,0,0,0
120508,1,1,16,30,20,14,12,15,9,13,20,10
120509,1,1,0,0,0,0,0,8,0,0,0,0
120510,0,1,0,0,0,0,0,4,0,26,0,0
120510,1,1,0,0,0,0,23,4,0,18,0,0
120511,1,1,8,8,8,8,8,8,8,8,8,8
120512,1,1,24,24,24,24,24,24,24,24,24,24
120513,1,1,0,0,0,0,0,0,0,0,0,0
120514,0,1,0,0,0,0,0,0,0,0,0,0
120514,1,1,0,0,0,0,0,0,0,0,0,0
120515,1,1,28,11,7,35,20,25,12,11,6,16
120516,1,1,12,12,12,12,12,12,12,12,12,12
120517,1,1,0,0,0,0,0,0,0,0,0,0
120517,2,1,0,0,0,0,0,0,0,0,0,0
120517,3,1,0,0,0,0,0,0,0,0,0,0
120517,4,1,0,0,0,0,0,0,0,0,8,50
120518,1,1,0,0,0,0,0,0,0,0,0,0
120518,2,1,0,0,0,0,0,0,0,0,0,0
120519,1,1,13,13,13,13,13,13,13,13,13,13
120519,2,1,0,0,0,0,0,10,0,0,0,0
120520,1,1,15,15,15,15,15,15,15,15,15,15
120520,2,1,0,0,0,0,0,0,0,0,0,0
120521,1,1,13,13,13,13,13,13,13,13,13,13
120522,1,1,25,25,25,25,25,25,25,25,25,25
120523,0,1,0,0,0,0,0,0,0,0,0,0
120523,0,2,0,0,0,0,0,0,0,0,0,0
120523,0,3,1,1,1,1,1,1,1,1,1,1
120523,1,1,0,0,0,0,0,0,0,0,0,0
120523,2,1,0,0,0,0,0,0,0,0,0,0
120524,1,1,0,0,0,0,0,0,0,0,0,0
120526,1,1,16,16,16,16,16,16,16,16,16,16
120527,1,1,0,0,0,0,0,0,0,0,0,0
120528,1,1,27,27,27,27,27,27,27,27,27,27
120529,1,1,0,0,0,0,0,0,0,0,0,0
120530,0,1,0,0,0,0,0,0,0,0,0,0
120530,1,1,0,0,0,0,0,0,0,0,0,0
120531,1,1,0,0,0,0,0,0,0,0,0,0
120531,2,1,0,0,0,0,0,0,0,0,0,0
120532,1,1,24,24,24,24,24,24,24,24,24,24
120533,0,1,13,3,20,10,10,28,27,20,14,15
120533,1,1,0,0,0,16,0,0,0,0,0,0
120534,0,1,0,0,18,0,41,0,35,0,26,19
120534,0,2,26,16,26,0,17,20,0,25,0,0
120534,1,1,0,6,25,0,8,0,0,0,0,0
120535,0,1,0,0,0,0,0,0,0,0,0,0
120535,1,1,0,0,0,0,4,0,0,0,0,0
120536,0,1,0,0,0,0,0,0,9,0,0,0
120536,1,1,0,0,0,0,0,0,0,0,0,0
120537,1,1,0,0,0,0,0,0,0,0,0,0
120538,0,1,0,0,0,0,0,0,0,0,0,0
120538,1,1,0,0,0,0,0,0,0,0,0,0
120539,1,1,32,32,32,32,32,32,32,32,32,32
120540,1,1,0,0,0,0,0,0,0,0,0,0
120540,2,1,0,0,0,0,0,0,0,0,0,0
120541,1,1,0,0,0,0,0,0,0,0,0,0
120542,1,1,18,18,18,18,18,18,18,18,18,18
120542,2,1,0,0,0,8,0,20,0,0,12,0
120543,1,1,20,20,20,20,20,20,20,20,20,20
120544,1,1,8,8,8,8,8,8,8,8,8,8
120544,2,1,0,0,0,0,0,0,0,0,0,0
120546,1,1,15,15,15,15,15,15,15,15,15,15
120547,1,1,18,18,18,18,18,18,18,18,18,18
120547,2,1,0,0,0,0,0,0,0,0,0,0
120548,1,1,0,0,0,0,0,0,0,0,0,0
120548,2,1,0,0,0,0,0,0,0,0,0,0
120548,3,1,0,0,0,0,0,0,0,0,0,0
120548,4,1,0,0,0,0,0,0,0,0,0,0
120549,1,1,14,14,14,14,14,14,14,14,14,14
120550,1,1,24,24,24,24,24,24,24,24,24,24
120550,2,1,0,0,0,0,0,0,0,0,0,0
120551,0,1,0,0,10,0,0,0,0,0,0,0
120551,1,1,0,0,15,0,0,0,0,0,36,0
120552,1,1,0,0,0,0,20,14,0,0,0,0
120553,1,1,0,0,0,0,0,0,0,0,0,0
120553,2,1,4,4,4,4,4,4,4,4,4,4
120553,3,1,0,0,0,0,0,0,0,0,0,0
120553,4,1,0,0,0,0,0,0,0,0,0,0
120554,1,1,0,0,0,0,0,0,0,0,0,0
120554,2,1,0,0,0,0,0,0,0,0,0,0
120555,1,1,0,0,0,0,0,0,0,0,0,0
120555,2,1,0,0,0,0,0,0,0,0,0,0
120556,1,1,21,21,21,21,21,21,21,21,21,21
120556,2,1,0,0,0,0,0,0,0,0,0,0
120556,3,1,0,0,0,0,0,0,0,0,0,0
120557,1,1,0,0,0,0,0,0,0,0,0,0
120558,0,1,0,0,0,0,0,16,0,0,0,0
120558,1,1,0,0,0,0,0,0,0,0,0,0
120559,1,1,9,9,9,9,9,9,9,9,9,9
120560,1,1,0,0,0,0,0,0,0,0,0,0
120562,0,1,13,13,13,13,13,13,13,13,13,13
120562,1,1,0,0,0,0,0,0,14,0,0,0
120563,1,1,0,4,14,17,0,13,0,4,0,19
120563,2,1,0,14,12,0,0,0,0,0,0,0
120564,1,1,22,22,22,22,22,22,22,22,22,22
120565,1,1,29,29,29,29,29,29,29,29,29,29
120566,0,1,0,0,0,23,0,0,0,0,0,0
120566,1,1,0,0,0,0,0,0,0,0,0,15
120566,2,1,0,0,0,0,0,0,0,0,0,0
120567,1,1,0,0,0,0,0,0,0,0,0,0
120567,2,1,0,0,0,0,0,0,0,0,0,0
120567,3,1,0,0,0,0,0,0,0,0,0,0
120568,1,1,14,14,14,14,14,14,14,14,14,14
120568,2,1,0,0,0,0,0,0,0,0,0,0
120569,0,1,32,32,32,32,32,32,32,32,32,32
120569,1,1,0,0,0,0,0,0,0,0,0,0
120570,0,1,23,23,23,23,23,23,23,23,23,23
120570,1,1,0,0,0,0,0,22,0,0,8,0
120571,0,1,0,0,0,0,0,18,0,0,0,0
120571,1,1,0,0,0,0,0,0,0,0,0,0
120572,0,1,0,0,0,0,0,0,0,0,0,0
120572,1,1,0,0,0,5,15,0,14,0,0,0
120573,1,1,0,0,0,0,0,0,0,0,0,0
120574,0,1,6,0,0,0,0,0,14,0,0,22
120574,1,1,0,0,26,0,0,0,0,0,0,0
120575,1,1,0,0,0,0,0,0,0,0,0,0
120575,2,1,0,0,0,0,0,0,0,0,0,0
120575,3,1,0,0,0,0,0,0,0,0,0,0
120576,1,1,0,0,0,0,0,0,0,0,0,0
120577,0,1,36,36,36,36,36,36,36,36,36,36
120577,1,1,0,0,0,0,0,0,0,0,11,0
120578,0,1,23,23,23,23,23,23,23,23,23,23
120578,1,1,0,0,0,0,0,0,0,0,0,0
120579,1,1,0,0,0,0,0,0,0,0,0,0
120579,2,1,0,0,0,0,0,0,0,0,0,0
120580,0,1,0,0,0,0,0,0,33,0,0,0
120580,1,1,12,12,0,11,18,10,4,28,11,3
120580,2,1,0,0,0,0,0,9,0,0,0,0
120581,1,1,0,0,0,0,0,0,0,0,0,0
120581,2,1,0,0,0,0,0,0,0,0,0,0
120581,3,1,0,0,0,0,0,0,0,0,0,0
120582,1,1,0,0,0,0,0,0,0,0,0,0
120582,2,1,0,0,0,0,0,0,0,0,0,0
120582,3,1,0,0,4,0,0,10,0,0,0,0
120583,1,1,0,0,12,0,0,0,0,18,0,0
120583,2,1,0,0,0,0,12,0,0,0,0,0
120584,1,1,0,0,0,0,0,0,0,0,0,0
120584,2,1,18,0,0,0,0,0,0,0,0,0
120585,0,1,0,0,0,11,0,0,0,0,0,0
120585,1,1,0,23,0,0,0,0,0,0,0,0
120586,1,1,4,4,4,4,4,4,4,4,4,4
120586,2,1,0,0,0,0,0,21,0,0,0,0
120587,0,1,0,0,0,0,0,0,0,0,0,0
120587,1,1,0,0,0,0,0,0,0,0,0,0
120588,0,1,1,1,1,1,1,1,1,1,1,1
120588,1,1,0,0,0,0,10,0,0,0,0,0
120589,1,1,2,2,2,2,2,2,2,2,2,2
120590,1,1,0,4,0,18,0,0,0,0,0,0
120590,2,1,11,29,6,11,4,6,19,0,5,5
120591,0,1,0,0,0,0,0,6,14,0,0,0
120591,1,1,0,0,0,0,0,0,0,0,0,0
120592,0,1,20,20,20,20,20,20,20,20,20,20
120592,1,1,8,8,8,8,8,8,8,8,8,8
120593,0,1,50,50,36,36,21,0,0,7,18,27
120593,1,1,0,0,5,0,0,0,0,0,9,0
120594,1,1,0,0,0,0,0,0,0,0,0,0
120595,1,1,0,0,0,0,0,0,0,0,0,0
120595,2,1,0,0,0,0,0,0,0,0,0,0
120596,0,1,0,0,0,0,0,0,0,0,0,0
120596,1,1,0,0,0,0,0,0,0,0,0,0
120597,1,1,2,2,2,2,2,2,2,2,2,2
120597,2,1,11,30,7,13,14,6,26,21,19,13
120598,1,1,0,19,0,0,0,0,0,0,0,0
120598,2,1,0,0,0,0,0,0,0,0,0,0