ST_CASE,VEH_NO,PER_NO,P1,P2,P3,P4,P5,P6,P7,P8,P9,P10
120599,1,1,0,0,0,0,10,0,0,0,0,0
120599,2,1,0,0,0,0,0,0,0,0,0,0
120600,0,1,0,0,10,0,0,0,0,0,0,0
120600,1,1,0,0,0,0,0,0,0,0,0,13
120601,1,1,0,0,0,0,0,0,0,0,0,0
120601,2,1,0,0,0,0,0,0,0,0,0,0
120602,1,1,0,0,0,0,0,0,0,0,0,0
120602,2,1,0,0,0,0,0,0,0,0,0,0
120603,0,1,0,0,21,24,22,0,0,0,22,0
120603,1,1,0,0,6,0,0,0,0,0,11,14
120604,1,1,0,0,0,0,3,0,0,0,22,0
120604,2,1,0,0,0,0,0,14,0,0,0,0
120605,0,1,0,40,0,0,0,9,36,0,18,17
120605,1,1,0,14,0,0,0,16,0,0,0,0
120606,1,1,0,0,0,0,0,0,0,0,0,0
120607,1,1,0,0,0,0,0,0,0,0,0,0
120608,1,1,0,11,0,18,0,0,0,0,0,32
120609,1,1,18,18,18,18,18,18,18,18,18,18
120609,2,1,0,0,0,0,0,0,0,0,0,0
120609,3,1,0,0,0,0,0,0,0,0,0,0
120609,4,1,0,0,0,0,0,0,0,0,12,0
120611,1,1,24,24,24,24,24,24,24,24,24,24
120612,1,1,0,0,0,0,0,0,0,0,0,0
120612,2,1,0,13,0,0,0,0,16,0,0,15
120612,3,1,0,0,26,11,0,0,0,0,0,0
120614,1,1,0,16,0,0,0,0,0,0,0,0
120614,2,1,0,0,0,0,0,0,0,0,0,0
120615,1,1,18,18,18,18,18,18,18,18,18,18
120616,1,1,0,18,0,0,0,0,0,0,0,0
120616,2,1,26,26,26,26,26,26,26,26,26,26
120617,0,1,11,0,20,0,31,0,0,26,0,4
120617,0,2,17,0,15,0,0,0,0,0,0,0
120617,1,1,9,9,9,9,9,9,9,9,9,9
120618,1,1,14,14,14,14,14,14,14,14,14,14
120618,2,1,0,0,0,0,0,0,0,0,0,0
120619,0,1,12,12,12,12,12,12,12,12,12,12
120619,1,1,11,0,0,0,0,0,11,0,0,0
120620,1,1,0,0,0,0,0,0,0,0,0,0
120621,1,1,0,0,0,0,0,0,0,0,0,0
120621,2,1,0,0,0,0,0,0,0,0,0,0
120622,1,1,0,0,0,0,0,0,0,0,0,0
120622,2,1,0,0,0,0,0,0,0,0,0,0
120623,1,1,0,0,0,0,0,0,0,0,0,0
120623,2,1,0,0,0,0,0,0,0,0,0,0
120624,1,1,6,0,7,17,0,0,0,0,0,0
120624,2,1,0,0,0,0,0,0,0,0,0,0
120625,2,1,0,0,0,0,0,9,0,0,0,0
120625,3,1,0,18,0,0,0,0,10,0,0,0
120626,1,1,8,11,23,29,12,21,23,34,0,0
120626,2,1,0,0,9,18,13,10,0,0,0,11
120627,1,1,26,26,26,26,26,26,26,26,26,26
120628,1,1,15,3,18,18,36,14,22,19,14,9
120629,1,1,0,0,0,0,0,0,0,0,0,0
120629,2,1,0,0,0,0,0,0,0,0,0,0
120630,1,1,0,0,0,0,0,0,0,0,0,0
120631,1,1,5,5,5,5,5,5,5,5,5,5
120632,1,1,2,2,2,2,2,2,2,2,2,2
120634,1,1,0,0,0,0,0,0,0,0,0,0
120634,2,1,0,0,0,0,0,0,0,0,0,0
120635,1,1,13,13,27,18,6,6,13,2,13,8
120636,0,1,0,0,0,0,0,0,0,0,0,0
120636,1,1,0,16,0,0,0,0,15,31,16,0
120637,1,1,17,17,17,17,17,17,17,17,17,17
120638,1,1,19,17,0,21,0,13,15,0,0,0
120639,1,1,0,11,17,0,27,0,8,0,0,0
120640,0,1,18,0,0,0,0,0,0,0,0,0
120640,1,1,0,0,19,0,0,0,0,0,0,0
120641,1,1,0,0,0,0,0,0,0,0,0,0
120642,1,1,0,0,0,0,0,0,0,0,0,0
120642,2,1,0,0,0,0,0,0,0,0,0,0
120643,1,1,0,0,0,17,0,0,0,25,11,9
120644,1,1,23,23,23,23,23,23,23,23,23,23
120644,2,1,0,0,0,0,0,0,0,0,0,0
120645,1,1,19,19,19,19,19,19,19,19,19,19
120646,1,1,24,24,24,24,24,24,24,24,24,24
120647,1,1,0,0,0,0,0,0,0,0,0,0
120647,2,1,0,0,0,0,0,0,0,0,0,0
120648,1,1,14,14,14,14,14,14,14,14,14,14
120649,0,1,0,0,0,0,0,0,0,0,0,0
120649,1,1,0,0,0,0,0,0,0,0,0,0
120649,2,1,0,0,0,17,0,0,0,0,0,0
120649,3,1,0,0,0,0,0,0,0,0,0,0
120649,4,1,0,0,0,0,0,0,0,0,0,0
120650,1,1,22,22,22,22,22,22,22,22,22,22
120651,1,1,0,0,0,5,0,0,0,0,0,0
120651,2,1,0,0,0,0,0,0,0,0,0,0
120652,1,1,0,0,0,0,0,0,0,0,0,0
120653,1,1,14,14,14,14,14,14,14,14,14,14
120653,2,1,0,0,0,0,0,0,0,0,0,0
120654,0,1,0,0,0,0,0,0,0,0,0,0
120654,1,1,0,0,0,0,0,0,0,0,7,0
120655,1,1,0,0,0,23,18,0,8,0,0,0
120655,2,1,0,0,0,0,0,0,9,0,0,0
120656,1,1,0,0,0,0,23,12,0,0,0,0
120656,2,1,0,0,0,0,0,0,0,0,5,0
120657,1,1,21,0,0,0,23,0,0,10,0,25
120658,1,1,0,0,0,0,0,0,0,0,0,0
120658,2,1,0,13,0,0,0,0,0,0,0,0
120659,1,1,8,8,8,8,8,8,8,8,8,8
120660,0,1,21,21,21,21,21,21,21,21,21,21
120660,1,1,0,0,0,0,0,0,0,0,0,0
120661,1,1,0,0,0,0,0,0,0,0,0,0
120661,2,1,0,0,0,0,0,0,0,0,0,0
120662,0,1,26,26,26,26,26,26,26,26,26,26
120662,1,1,0,0,0,0,0,0,0,0,0,0
120663,1,1,0,0,0,0,0,0,0,0,0,0
120663,2,1,0,0,0,0,0,0,0,0,0,0
120664,1,1,7,8,10,25,15,5,11,13,25,15
120665,0,1,0,0,0,0,0,0,0,0,0,0
120665,1,1,0,0,0,0,0,0,0,0,0,0
120666,1,1,0,0,0,0,0,31,0,0,0,0
120666,2,1,0,0,0,0,0,12,0,0,0,0
120667,0,1,0,0,11,0,3,0,0,14,21,10
120667,1,1,24,0,0,0,0,0,18,0,11,0
120668,0,1,0,0,0,25,0,34,0,0,0,0
120668,1,1,0,0,0,0,0,0,0,0,0,0
120669,1,1,17,22,27,18,15,21,9,14,14,4
120670,2,1,19,0,0,0,0,0,0,0,0,0
120671,1,1,0,0,16,0,0,0,12,0,21,16
120671,2,1,0,0,0,0,0,0,0,0,0,0
120672,1,1,9,0,0,0,12,9,21,0,0,30
120673,1,1,0,0,0,0,0,0,0,0,0,0
120674,1,1,0,0,0,0,0,0,0,0,0,0
120675,1,1,0,0,0,41,0,10,0,0,0,0
120676,1,1,20,20,20,20,20,20,20,20,20,20
120676,2,1,0,0,0,0,0,0,0,0,0,0
120676,3,1,0,0,0,0,0,0,0,0,0,0
120677,1,1,25,25,25,25,25,25,25,25,25,25
120679,1,1,0,0,0,0,0,0,0,0,0,0
120679,2,1,0,0,0,0,0,0,0,0,0,0
120680,0,1,28,28,28,28,28,28,28,28,28,28
120680,1,1,0,0,0,0,0,0,0,0,0,0
120681,1,1,24,24,24,24,24,24,24,24,24,24
120682,1,1,0,0,0,0,0,0,0,0,0,0
120682,2,1,0,0,0,0,0,0,0,0,0,0
120683,1,1,0,0,0,0,0,0,0,0,0,0
120684,1,1,23,23,23,23,23,23,23,23,23,23
120685,1,1,0,0,0,0,0,0,0,0,0,0
120685,2,1,0,0,0,0,0,0,0,0,0,0
120686,0,1,39,39,39,39,39,39,39,39,39,39
120686,1,1,0,0,0,0,0,0,0,0,0,0
120687,1,1,0,0,0,3,9,0,0,0,26,6
120687,2,1,0,0,0,0,0,0,0,0,0,0
120688,1,1,0,0,0,0,0,0,0,0,0,0
120688,2,1,0,0,0,0,0,0,0,0,0,0
120688,3,1,0,0,0,0,0,0,0,0,0,0
120689,0,1,5,0,0,29,0,0,0,0,0,0
120689,1,1,0,0,0,0,0,0,0,0,0,0
120690,1,1,4,20,12,0,8,0,0,16,3,8
120690,2,1,22,0,0,0,0,0,11,0,11,0
120690,3,1,18,12,0,0,0,0,0,0,0,35
120691,1,1,11,11,11,11,11,11,11,11,11,11
120692,1,1,0,0,25,0,0,7,34,0,0,0
120693,1,1,0,0,0,0,0,0,0,0,0,0
120693,2,1,0,0,0,0,0,0,0,0,0,6
120695,1,1,16,18,0,14,0,24,22,9,23,0
120696,0,1,43,43,43,43,43,43,43,43,43,43
120696,1,1,0,0,0,0,0,0,0,0,0,0
120697,1,1,0,17,28,11,12,12,10,13,0,13
120698,1,1,0,0,0,0,0,0,0,0,0,0
120698,2,1,0,0,0,0,0,0,17,0,0,0
120699,1,1,0,0,0,0,0,0,0,0,0,0
120699,2,1,0,0,0,0,0,0,0,0,0,0
120700,0,1,37,37,37,37,37,37,37,37,37,37
120700,1,1,0,0,0,0,0,0,0,0,0,0
120701,1,1,0,7,6,4,10,10,0,0,24,12
120701,2,1,0,0,0,0,0,0,0,0,0,0
120702,1,1,3,3,3,3,3,3,3,3,3,3
120702,2,1,0,0,0,0,0,0,0,9,0,0
120703,1,1,0,0,0,0,0,0,0,0,0,0
120704,1,1,15,15,15,15,15,15,15,15,15,15
120705,0,1,0,0,0,0,0,0,0,0,0,0
120705,1,1,0,0,0,0,0,0,0,0,0,0
120706,1,1,0,0,0,13,0,0,0,0,0,0
120706,2,1,0,0,0,0,0,0,31,0,0,0
120707,1,1,20,20,20,20,20,20,20,20,20,20
120708,1,1,0,0,0,0,0,0,24,0,0,0
120708,2,1,0,0,0,0,0,0,0,0,0,0
120709,1,1,0,0,0,0,0,0,0,0,0,0
120710,1,1,0,0,0,0,0,0,0,0,0,0
120711,0,1,18,53,0,21,23,0,23,0,4,31
120711,1,1,0,0,0,16,0,10,0,0,0,0
120712,1,1,0,0,0,0,0,0,0,0,0,24
120713,1,1,0,0,0,0,0,0,0,0,0,0
120713,2,1,0,0,0,0,0,0,0,5,0,0
120714,0,1,0,0,0,0,0,0,0,0,0,0
120714,1,1,0,0,0,0,0,0,0,0,0,5
120715,1,1,0,0,0,0,5,0,0,0,0,0
120715,2,1,0,0,0,0,0,0,0,0,16,31
120716,1,1,0,0,0,0,0,0,0,0,0,0
120716,2,1,0,0,0,0,0,0,0,0,0,0
120717,1,1,0,0,0,0,0,0,0,0,0,0
120717,2,1,0,0,0,0,24,0,0,0,0,0
120718,1,1,0,0,0,0,0,0,0,0,0,0
120718,2,1,0,0,0,0,0,0,0,0,0,0
120719,0,1,10,0,0,0,0,0,0,0,5,0
120719,1,1,0,0,0,25,0,0,0,0,0,0
120720,1,1,0,0,0,0,0,0,0,0,0,0
120720,2,1,0,0,0,0,0,0,0,0,0,0
120720,3,1,0,0,0,0,0,0,0,0,0,0
120721,1,1,0,0,0,0,0,6,0,0,0,0
120721,2,1,0,0,0,0,0,0,0,0,0,0
120722,1,1,19,19,19,19,19,19,19,19,19,19
120722,2,1,8,0,0,0,0,0,0,0,0,0
120723,0,1,0,0,0,0,0,0,0,0,0,0
120723,2,1,0,0,12,0,0,0,0,0,0,0
120724,1,1,15,15,15,15,15,15,15,15,15,15
120725,1,1,0,0,0,0,0,0,0,0,0,0
120726,1,1,0,19,0,0,0,0,0,7,0,0
120726,2,1,0,0,0,0,0,0,0,0,0,0
120727,1,1,0,0,0,0,0,0,0,0,0,0
120727,2,1,0,0,0,0,0,0,0,6,0,0
120728,1,1,19,19,19,19,19,19,19,19,19,19
120728,2,1,0,0,0,0,0,0,0,0,0,0
120728,3,1,25,0,0,0,0,0,0,0,0,0
120728,4,1,0,0,0,0,0,0,0,0,0,0
120729,1,1,32,12,15,5,0,13,0,12,9,11
120730,0,1,0,0,0,0,0,0,0,0,0,0
120730,1,1,0,8,0,0,0,14,0,0,0,0
120731,0,1,18,18,18,18,18,18,18,18,18,18
120731,1,1,0,0,0,0,0,10,0,0,0,0
120732,0,1,24,24,24,24,24,24,24,24,24,24
120732,1,1,0,0,0,0,0,0,0,0,0,0
120733,1,1,0,0,0,0,27,0,0,0,11,16
120734,1,1,0,0,17,0,0,0,0,0,0,0
120735,0,1,18,18,18,18,18,18,18,18,18,18
120735,1,1,0,0,0,0,5,0,0,0,0,0
120736,0,1,22,0,0,14,0,6,13,14,0,0
120736,1,1,0,0,0,0,0,0,0,0,0,0
120737,1,1,0,0,40,11,24,18,0,29,12,23
120739,1,1,35,0,0,0,11,0,0,20,0,24
120740,1,1,0,0,0,0,0,0,0,0,0,0
120740,2,1,0,0,0,0,0,0,0,0,0,0
120741,0,1,16,0,0,19,0,0,0,0,27,0
120741,1,1,0,0,0,0,0,0,0,0,0,0
120742,1,1,0,7,0,0,0,0,0,0,0,0
120742,2,1,0,0,0,0,11,0,0,0,0,16
120742,3,1,0,0,10,0,0,0,0,0,0,0
120743,0,1,0,0,0,0,0,0,0,0,0,0
120743,1,1,0,0,9,0,0,0,0,0,0,0
120744,0,1,0,0,0,0,0,0,0,0,30,19
120744,1,1,0,0,0,0,0,0,0,0,0,0
120745,0,1,15,32,13,25,0,2,0,17,14,0
120745,1,1,0,0,0,0,0,0,0,0,0,0
120746,0,1,0,0,0,0,0,0,0,0,0,0
120746,1,1,0,0,0,0,0,0,0,0,0,0
120747,1,1,0,0,16,0,33,26,18,20,0,19
120748,1,1,11,19,16,9,9,3,7,11,26,19
120749,0,1,8,23,19,0,0,0,10,0,15,0
120749,1,1,7,13,9,8,9,21,23,0,4,10
120750,1,1,0,0,0,0,25,0,0,0,0,0
120751,0,1,22,22,22,22,22,22,22,22,22,22
120751,1,1,0,15,0,0,0,0,0,0,0,0
120752,0,1,24,24,24,24,24,24,24,24,24,24
120752,1,1,0,13,0,0,0,26,0,0,0,0
120753,0,1,0,0,0,0,0,0,0,9,0,0
120753,1,1,10,0,0,0,0,0,10,0,0,0
120754,1,1,0,0,0,0,0,0,0,0,0,12
120755,1,1,0,0,0,0,17,0,0,0,0,0
120755,2,1,0,0,0,0,0,0,0,0,0,0
120756,0,1,30,30,30,30,30,30,30,30,30,30
120756,1,1,0,0,0,0,0,0,15,0,0,22
120757,1,1,0,0,0,0,0,0,0,29,0,0
120757,2,1,0,2,10,14,11,14,17,19,10,16
120758,1,1,22,22,22,22,22,22,22,22,22,22
120759,1,1,0,0,0,0,0,0,0,0,0,0
120760,0,1,16,0,29,19,0,0,0,0,17,0
120760,0,2,0,0,10,0,0,0,13,0,0,0
120760,1,1,17,21,14,19,11,22,8,0,7,8
120761,0,1,0,0,3,0,23,7,24,0,0,0
120761,1,1,0,0,0,0,0,0,0,0,0,0
120762,1,1,0,18,29,0,0,21,9,9,0,0
120763,1,1,0,0,0,0,0,0,0,0,0,0
120764,0,1,41,42,13,43,30,0,4,30,11,17
120764,1,1,0,0,15,0,10,0,0,0,0,0
120765,1,1,0,0,14,0,7,0,0,6,0,0
120765,2,1,0,0,0,24,0,0,0,0,0,0
120765,3,1,0,0,0,0,0,0,0,0,0,0
120766,1,1,0,0,0,0,0,0,0,0,12,0
120766,2,1,8,0,0,0,0,0,0,15,0,0
120767,0,1,0,0,0,0,0,0,0,0,0,0
120767,1,1,0,0,0,0,0,0,0,0,0,0
120768,1,1,0,0,0,0,0,0,0,4,13,0
120768,2,1,0,0,0,0,0,0,0,0,0,0
120769,0,1,0,14,0,0,0,0,0,13,0,0
120769,1,1,0,0,0,0,0,0,0,0,0,0
120771,1,1,30,0,0,15,0,0,0,0,0,0
120771,2,1,0,0,0,0,0,0,0,21,0,0
120772,1,1,0,0,0,0,0,0,0,0,0,0
120772,2,1,0,0,0,13,0,0,0,0,0,0
120773,1,1,0,0,0,0,0,0,0,0,0,0
120774,1,1,11,0,15,0,27,16,18,19,0,0
120774,2,1,0,0,0,0,0,0,0,0,0,0
120775,0,1,0,0,0,0,0,0,0,0,0,0
120775,1,1,0,0,0,14,0,0,20,0,11,0
120776,1,1,0,0,0,0,0,0,0,0,0,0
120776,2,1,0,0,0,0,0,0,0,0,0,0
120777,0,1,0,0,0,0,0,0,0,0,0,0
120777,1,1,0,0,0,0,0,0,0,0,0,0
120778,0,1,0,0,0,0,0,0,0,0,0,0
120778,1,1,0,0,0,0,0,0,0,0,0,0
120779,1,1,0,0,0,0,0,0,0,12,23,0
120779,2,1,0,0,0,0,0,0,0,0,0,11
120781,0,1,0,0,40,27,15,0,0,5,0,0
120781,1,1,0,0,0,0,0,0,0,0,0,0
120782,0,1,0,0,0,0,0,0,0,0,0,0
120782,1,1,0,0,0,0,0,0,0,0,0,0
120783,1,1,0,0,0,17,0,0,0,0,0,15
120784,1,1,0,0,0,0,0,0,0,0,0,0
120784,2,1,0,0,0,0,0,0,8,0,0,0
120784,3,1,0,0,0,0,0,0,0,0,0,25
120785,1,1,0,0,0,0,0,0,0,0,0,0
120786,1,1,0,13,21,0,0,0,7,0,0,0
120786,2,1,0,0,0,0,0,0,0,0,0,0
120787,1,1,18,18,18,18,18,18,18,18,18,18
120787,2,1,0,3,0,0,0,0,0,0,0,0
120788,1,1,17,0,0,0,27,18,0,19,0,0
120789,1,1,0,0,11,10,0,10,0,0,0,0
120789,2,1,0,0,6,0,3,0,23,9,5,6
120790,1,1,19,0,13,20,8,21,24,21,16,15
120791,1,1,10,10,10,10,10,10,10,10,10,10
120792,1,1,14,0,0,0,0,0,0,0,6,0
120793,1,1,0,0,0,0,0,0,0,0,0,0
120793,2,1,0,0,0,0,0,0,0,0,0,0
120793,3,1,0,0,0,0,0,0,0,0,0,0
120794,1,1,16,12,9,22,11,11,16,5,8,2
120794,2,1,0,14,0,0,0,0,0,0,0,0
120795,1,1,17,17,17,17,17,17,17,17,17,17
120796,1,1,0,0,0,0,0,0,0,0,0,0
120796,2,1,0,0,0,0,0,0,0,0,0,0
120797,1,1,24,9,0,0,0,0,0,0,0,0
120797,2,1,0,0,0,0,0,0,0,0,0,0
120798,1,1,0,0,0,0,19,0,0,0,0,0
120798,2,1,0,0,0,0,0,0,0,0,0,0
120799,0,1,0,0,0,0,0,0,0,0,0,0
120799,0,2,0,0,0,0,0,0,0,0,0,0
120799,1,1,12,0,0,0,0,0,0,21,0,0
120800,1,1,0,0,0,0,0,0,0,0,0,0
120800,2,1,16,16,16,16,16,16,16,16,16,16
120801,1,1,0,0,0,0,0,0,0,0,0,0
120802,1,1,10,10,10,10,10,10,10,10,10,10
120803,1,1,0,7,0,0,8,8,0,0,11,3
120803,2,1,0,0,0,0,0,0,0,0,0,0
120804,1,1,0,0,0,0,0,0,0,0,0,0
120804,2,1,0,0,0,0,0,0,0,0,0,0
120805,1,1,17,17,17,17,17,17,17,17,17,17
120805,2,1,0,0,0,0,0,0,0,0,8,0
120806,0,1,12,12,12,12,12,12,12,12,12,12
120806,1,1,0,0,0,0,0,0,0,0,0,0
120807,1,1,0,10,0,0,0,0,0,0,0,0
120808,1,1,0,0,0,0,0,0,0,0,0,0
120809,1,1,11,11,11,11,11,11,11,11,11,11
120809,2,1,0,0,0,0,0,0,0,0,27,0
120810,1,1,0,0,0,0,0,0,0,0,0,0
120810,2,1,0,0,0,0,0,0,0,0,0,0
120811,1,1,0,0,0,0,0,0,0,0,0,0
120811,2,1,0,0,0,0,0,0,0,0,0,0
120812,1,1,0,0,0,37,0,0,0,0,0,34
120813,1,1,19,19,19,19,19,19,19,19,19,19
120814,1,1,0,0,0,0,0,0,0,0,0,0
120814,2,1,0,0,0,0,0,0,0,0,0,0
120815,0,1,0,0,0,0,0,0,0,0,0,0
120815,1,1,0,0,0,0,0,0,0,0,0,0
120816,1,1,16,16,16,16,16,16,16,16,16,16
120816,2,1,0,0,0,0,0,0,0,0,0,0
120817,0,1,0,0,0,0,0,0,0,0,0,0
120817,1,1,0,0,0,0,0,39,0,0,0,0
120818,1,1,0,0,0,0,0,0,0,0,0,0
120819,1,1,0,0,0,0,0,0,0,0,0,0
120820,1,1,39,39,39,39,39,39,39,39,39,39
120821,1,1,0,0,0,0,0,0,0,0,0,0
120821,2,1,0,0,0,0,6,0,0,0,0,0
120821,3,1,0,3,0,0,0,0,0,0,0,0
120822,1,1,0,0,26,25,0,0,15,0,0,17
120823,1,1,0,0,0,0,0,0,0,0,0,0
120823,2,1,0,0,0,0,0,0,0,0,0,0
120824,0,1,0,0,0,0,0,0,17,0,0,0
120824,1,1,0,0,0,0,0,0,0,0,0,0
120825,1,1,0,0,0,0,0,0,0,0,0,0
120826,0,1,22,4,28,19,9,32,22,24,22,18
120826,1,1,0,0,0,0,0,0,0,0,0,0
120827,1,1,4,4,4,4,4,4,4,4,4,4
120828,0,1,0,0,0,0,0,3,0,0,19,13
120828,1,1,0,0,0,0,0,0,0,0,0,15
120829,1,1,0,0,0,0,0,0,0,0,0,0
120830,1,1,3,0,0,0,0,0,0,0,24,0
120830,2,1,19,19,19,19,19,19,19,19,19,19
120831,0,1,0,0,0,0,0,0,0,0,0,0
120831,1,1,23,0,0,0,0,0,0,0,0,0
120832,0,1,0,12,0,0,8,21,18,28,33,7
120832,1,1,6,43,17,14,9,0,0,23,12,0
120833,0,1,0,0,0,0,0,0,0,0,0,0
120833,1,1,0,0,0,0,0,0,0,0,0,0
120834,0,1,0,0,0,0,0,0,0,0,0,0
120834,1,1,0,0,0,0,0,0,0,0,0,0
120835,1,1,0,0,0,0,0,0,0,0,0,0
120835,2,1,0,0,0,0,0,0,0,0,10,0
120836,0,1,16,16,16,16,16,16,16,16,16,16
120836,1,1,0,0,0,0,0,0,0,0,0,0
120837,0,1,26,26,26,26,26,26,26,26,26,26
120837,1,1,0,0,0,0,0,0,0,0,0,0
120838,1,1,0,0,0,0,0,0,0,0,0,0
120838,2,1,0,0,0,0,0,0,0,0,0,0
120838,3,1,0,0,0,0,0,0,0,0,0,30
120838,4,1,0,0,0,0,0,0,0,0,0,0
120838,5,1,0,0,0,18,0,0,0,0,0,0
120839,0,1,0,9,0,0,0,0,0,0,0,0
120839,1,1,30,0,0,0,0,22,10,12,0,0
120840,1,1,0,0,0,0,0,0,0,0,0,0
120841,0,1,26,26,26,26,26,26,26,26,26,26
120841,1,1,13,0,19,0,0,0,0,0,0,0
120842,1,1,18,18,18,18,18,18,18,18,18,18
120843,1,1,16,16,16,16,16,16,16,16,16,16
120843,2,1,0,0,0,0,0,0,0,0,0,0
120843,3,1,0,0,0,0,21,20,0,0,0,0
120844,1,1,0,0,22,0,0,0,0,0,0,0
120844,2,1,0,0,0,0,0,0,0,0,0,0
120845,1,1,0,0,0,0,0,0,0,0,0,0
120845,2,1,0,0,0,0,0,0,0,0,0,0
120846,1,1,19,19,19,19,19,19,19,19,19,19
120846,2,1,0,0,0,0,0,0,0,0,0,0
120847,1,1,0,0,0,0,0,0,0,0,0,0
120847,2,1,0,0,0,0,0,0,0,0,0,0
120848,1,1,0,0,0,0,0,0,0,0,0,0
120849,0,1,0,0,0,0,0,0,0,0,0,26
120849,1,1,0,0,0,0,0,0,0,0,0,0
120850,1,1,0,0,0,0,8,22,0,0,0,26
120851,0,1,0,0,25,0,0,0,8,0,0,13
120851,1,1,0,0,11,0,0,0,0,18,0,0
120853,1,1,15,20,10,18,22,22,11,11,28,18
120853,2,1,0,0,0,0,0,0,0,0,0,0
120854,1,1,19,0,0,12,0,0,0,0,0,0
120855,1,1,0,0,0,0,0,0,0,0,0,0
120855,2,1,0,0,0,0,0,0,0,0,0,0
120856,0,1,0,0,0,0,0,0,0,0,0,0
120856,1,1,0,0,0,0,0,0,0,0,0,0
120857,1,1,26,22,6,0,31,15,9,8,7,6
120858,0,1,0,0,0,0,0,0,0,0,0,0
120858,1,1,16,16,0,23,31,0,28,0,0,14
120859,0,1,17,22,20,0,25,28,17,13,25,32
120859,1,1,0,0,0,0,10,0,3,0,0,0
120860,1,1,0,19,22,13,24,0,16,0,0,0
120861,1,1,0,0,0,0,0,0,0,0,0,0
120862,0,1,10,10,10,10,10,10,10,10,10,10
120862,1,1,0,0,0,0,0,0,11,0,0,0
120863,1,1,22,12,0,20,14,28,13,23,12,9
120864,1,1,0,0,0,16,0,0,29,20,0,28
120864,2,1,0,0,0,0,0,0,0,0,0,0
120864,3,1,0,0,0,0,0,0,0,0,0,0
120865,0,1,0,0,0,11,0,0,0,11,28,0
120865,1,1,0,0,0,0,0,6,0,0,0,9
120866,1,1,0,0,0,0,0,0,0,0,0,0
120866,2,1,0,0,0,0,0,0,0,0,0,0
120866,3,1,0,0,0,0,0,0,0,0,0,0
120867,1,1,0,0,0,0,0,0,0,0,0,0
120867,2,1,0,0,0,0,0,0,0,0,0,0
120867,3,1,0,0,0,0,0,0,0,0,0,0
120868,1,1,0,0,0,0,0,0,0,0,0,0
120868,2,1,0,0,0,0,0,0,0,0,0,0
120869,1,1,0,0,0,0,0,0,0,0,0,0
120869,2,1,0,0,0,0,0,0,0,0,0,0
120870,1,1,0,0,0,0,0,0,0,0,0,0
120870,2,1,0,0,0,0,16,0,0,0,0,13
120870,3,1,0,0,0,0,0,0,0,0,0,0
120871,1,1,18,18,18,18,18,18,18,18,18,18
120872,1,1,3,3,3,3,3,3,3,3,3,3
120872,2,1,0,0,0,0,0,0,0,0,0,0
120873,1,1,0,0,0,0,0,0,0,0,0,0
120873,2,1,0,0,0,0,0,0,0,0,0,0
120874,1,1,0,0,0,12,0,0,0,0,0,0
120874,2,1,0,0,0,0,0,0,0,0,0,0
120875,1,1,0,0,0,0,0,0,0,0,0,0
120875,2,1,0,0,0,0,0,0,0,0,0,0
120876,1,1,0,14,0,0,0,0,0,0,0,0
120876,2,1,0,0,0,0,0,0,18,0,0,0
120877,1,1,14,0,0,0,21,11,9,0,0,14
120878,0,1,33,33,33,33,33,33,33,33,33,33
120878,1,1,0,0,0,0,0,27,6,19,0,29
120879,1,1,11,11,11,11,11,11,11,11,11,11
120881,1,1,0,0,0,0,0,0,0,0,0,0
120882,0,1,47,0,0,0,13,0,0,0,0,0
120882,1,1,10,0,0,0,0,0,0,0,0,0
120883,1,1,0,0,0,0,0,0,0,0,0,0
120884,1,1,0,0,0,0,0,0,0,0,0,45
120885,0,1,14,0,0,0,0,0,0,0,0,0
120885,1,1,0,0,0,0,0,0,0,0,0,0
120886,1,1,0,0,0,0,0,0,0,0,0,0
120887,1,1,24,15,30,6,10,27,31,14,19,24
120888,1,1,0,0,0,0,0,0,0,0,0,0
120889,0,1,0,0,18,0,0,0,0,0,0,0
120889,1,1,0,0,0,0,0,0,0,12,0,0
120890,1,1,17,19,22,20,12,19,17,11,10,18
120890,2,1,0,0,0,0,0,0,0,0,0,0
120891,1,1,0,0,0,0,0,0,0,0,23,0
120891,2,1,0,0,0,0,0,0,0,0,0,0
120892,1,1,0,0,0,0,0,0,0,0,0,0
120893,1,1,0,0,0,0,0,0,0,0,0,0
120893,2,1,0,0,0,0,0,0,0,0,0,0
120894,0,1,0,0,0,0,0,0,0,0,36,0
120894,1,1,0,0,0,0,0,0,0,0,0,0
120895,1,1,21,0,0,28,9,8,12,0,0,3
120895,2,1,0,0,0,6,10,12,0,0,0,0
120896,1,1,15,15,15,15,15,15,15,15,15,15
120897,1,1,0,0,0,0,0,0,0,0,0,0
120898,1,1,16,16,16,16,16,16,16,16,16,16
120898,2,1,0,0,0,0,0,0,0,0,0,5
120899,1,1,0,0,6,0,0,0,0,0,0,0