ST_CASE,VEH_NO,PER_NO,P1,P2,P3,P4,P5,P6,P7,P8,P9,P10
121485,1,1,0,0,0,0,0,0,0,0,0,0
121485,2,1,0,0,0,0,0,0,0,0,0,0
121486,1,1,0,0,0,0,0,0,0,0,0,0
121487,1,1,0,0,0,0,0,0,0,0,0,0
121487,2,1,0,0,0,0,0,0,0,0,0,0
121488,1,1,0,0,0,0,0,0,0,0,0,0
121488,2,1,11,11,11,11,11,11,11,11,11,11
121490,1,1,0,0,0,0,0,0,0,0,0,0
121490,2,1,15,0,0,0,0,0,0,0,0,0
121491,0,1,0,0,29,35,0,0,34,0,19,23
121491,1,1,0,0,0,0,0,0,11,0,0,0
121492,0,1,0,0,0,0,0,0,0,0,0,0
121492,1,1,0,0,0,0,0,0,0,0,0,0
121493,1,1,0,0,0,0,0,0,0,14,0,0
121493,2,1,0,0,0,0,0,0,0,0,0,0
121494,1,1,0,0,0,10,0,19,0,0,0,0
121494,2,1,0,0,0,0,0,0,0,0,0,0
121495,0,1,0,0,0,0,0,0,0,0,0,0
121495,1,1,0,0,0,0,0,0,25,0,0,0
121497,1,1,0,0,0,0,0,0,0,0,0,0
121497,2,1,0,0,14,0,0,0,0,0,0,0
121498,1,1,0,0,0,0,0,0,0,0,0,16
121498,2,1,0,0,0,0,0,0,0,0,0,0
121499,1,1,0,0,0,0,0,0,0,0,0,0
121499,2,1,0,0,0,0,0,0,0,0,0,0
121500,1,1,0,0,0,0,0,0,0,0,0,0
121500,2,1,0,0,0,0,0,0,0,0,0,0
121500,3,1,0,0,0,0,0,0,0,0,0,22
121501,1,1,26,0,13,45,0,7,4,37,15,14
121502,1,1,0,0,0,0,0,0,0,0,0,0
121502,2,1,0,0,0,0,0,0,0,0,0,0
121503,1,1,19,0,0,9,0,0,0,0,0,0
121503,2,1,0,0,0,0,0,0,6,0,0,20
121504,1,1,19,19,19,19,19,19,19,19,19,19
121505,0,1,10,10,10,10,10,10,10,10,10,10
121505,1,1,0,0,0,0,0,0,0,0,0,0
121506,1,1,3,14,0,0,12,0,3,10,3,14
121506,2,1,0,0,0,0,0,0,0,0,0,0
121507,1,1,0,0,0,0,0,0,13,0,0,0
121507,2,1,0,0,0,0,0,0,0,0,0,0
121508,1,1,0,0,0,0,0,0,0,0,0,0
121508,2,1,0,0,0,0,0,0,0,0,0,0
121509,1,1,0,0,0,0,0,0,0,0,0,0
121509,2,1,0,0,0,0,0,0,0,0,0,0
121510,1,1,0,0,0,0,0,0,0,0,26,0
121511,1,1,25,23,27,17,21,18,21,12,30,16
121512,1,1,0,0,0,0,0,0,0,5,0,0
121512,2,1,0,0,0,0,0,0,0,0,0,0
121513,1,1,0,0,0,0,0,0,0,0,0,0
121513,2,1,0,0,0,0,0,0,0,0,0,0
121514,0,1,0,0,33,0,0,0,19,0,0,0
121514,0,2,0,0,18,36,0,17,0,0,31,0
121514,1,1,23,23,23,23,23,23,23,23,23,23
121515,1,1,26,26,26,26,26,26,26,26,26,26
121516,1,1,18,10,0,0,31,0,0,0,0,0
121517,1,1,0,0,0,0,0,0,0,14,0,0
121518,0,1,0,0,53,0,0,0,0,0,0,0
121518,1,1,0,0,0,0,0,0,0,0,0,0
121519,0,1,30,30,30,30,30,30,30,30,30,30
121519,1,1,0,0,0,0,0,0,0,0,0,0
121520,1,1,14,14,14,14,14,14,14,14,14,14
121521,0,1,0,0,0,0,0,0,0,0,0,0
121521,1,1,0,0,0,0,0,0,22,0,0,0
121522,0,1,11,0,0,24,0,0,0,0,0,0
121522,1,1,0,0,0,0,0,0,0,0,0,0
121523,1,1,20,20,20,20,20,20,20,20,20,20
121524,0,1,0,0,0,0,18,0,15,0,0,0
121524,1,1,0,0,0,0,0,0,0,0,0,0
121525,0,1,29,29,29,29,29,29,29,29,29,29
121525,1,1,0,0,0,0,0,0,0,0,0,0
121526,1,1,0,0,0,0,0,0,0,0,0,0
121526,2,1,0,0,0,0,0,0,0,0,0,0
121527,1,1,0,0,0,0,0,0,0,0,0,0
121527,2,1,0,0,25,0,0,0,0,0,0,0
121528,1,1,0,0,0,0,0,0,0,0,0,0
121528,2,1,0,0,0,38,0,0,0,0,0,0
121529,0,1,24,24,24,24,24,24,24,24,24,24
121529,1,1,8,8,8,8,8,8,8,8,8,8
121530,1,1,22,22,22,22,22,22,22,22,22,22
121531,1,1,0,0,0,0,0,0,0,0,0,0
121532,0,1,0,35,23,28,37,0,0,20,27,24
121532,1,1,0,0,0,0,0,0,0,0,0,0
121533,1,1,0,0,0,0,0,0,0,0,0,0
121533,2,1,0,0,0,0,0,0,0,0,0,0
121534,1,2,20,0,13,23,0,18,0,0,13,37
121535,0,1,25,25,25,25,25,25,25,25,25,25
121535,1,1,0,0,0,0,0,0,0,0,0,0
121536,1,1,0,24,2,7,0,7,5,0,16,0
121536,2,1,8,0,0,0,0,0,0,0,0,19
121537,0,1,0,0,0,0,0,0,0,0,0,0
121537,1,1,0,0,0,9,0,0,0,0,0,0
121538,1,1,0,0,0,0,0,0,0,0,0,0
121539,1,1,0,19,0,0,0,0,0,0,0,14
121539,2,1,0,0,0,0,0,0,0,0,0,0
121539,3,1,0,0,0,13,0,5,7,4,22,19
121539,4,1,0,0,0,0,0,0,0,0,0,0
121540,1,1,0,0,0,0,0,0,0,21,0,0
121541,1,1,0,0,0,0,0,0,0,0,0,0
121541,2,1,0,0,0,0,0,0,0,0,0,0
121542,1,1,2,2,2,2,2,2,2,2,2,2
121543,0,1,0,0,0,0,0,0,0,0,0,0
121543,1,1,0,0,0,0,0,0,0,0,0,0
121544,1,1,0,0,0,0,0,0,0,0,0,0
121544,2,1,0,2,14,19,0,0,0,0,13,0
121545,1,1,0,0,0,0,0,0,0,0,0,0
121546,1,1,15,15,15,15,15,15,15,15,15,15
121547,1,1,0,0,0,0,0,0,0,0,0,10
121547,2,1,0,0,0,0,0,0,0,0,0,0
121548,1,1,2,2,2,2,2,2,2,2,2,2
121549,1,1,29,29,29,29,29,29,29,29,29,29
121550,1,1,11,11,11,11,11,11,11,11,11,11
121551,1,1,0,0,0,0,0,0,0,0,0,0
121551,2,1,0,0,0,0,0,0,0,0,0,0
121552,1,1,0,0,0,0,34,0,23,0,0,0
121554,0,1,0,0,0,0,0,0,0,0,0,0
121554,1,1,0,13,0,0,0,26,0,0,13,0
121555,0,1,17,17,17,17,17,17,17,17,17,17
121555,1,1,0,16,8,0,0,8,0,6,0,11
121555,2,1,0,0,0,0,0,0,0,0,0,0
121555,3,1,12,0,0,0,0,0,23,0,0,0
121556,1,1,14,14,14,14,14,14,14,14,14,14
121557,1,1,1,1,1,1,1,1,1,1,1,1
121557,2,1,0,0,0,0,0,0,0,0,0,0
121558,1,1,18,14,15,0,0,0,12,11,17,20
121559,1,2,0,0,0,0,0,0,14,0,0,0
121561,1,1,0,0,0,0,0,0,0,0,27,0
121561,2,1,0,0,0,0,0,0,0,0,0,0
121561,3,1,0,0,0,0,0,0,0,0,0,0
121561,4,1,10,0,0,16,0,21,0,0,0,0
121562,0,1,0,0,0,0,0,0,0,0,0,0
121562,1,1,0,0,0,0,0,0,0,0,0,0
121563,1,1,0,8,0,0,0,0,0,0,0,0
121564,1,1,22,22,22,22,22,22,22,22,22,22
121564,2,1,8,0,0,0,10,0,0,0,0,0
121565,1,1,0,0,15,0,0,0,0,14,0,5
121566,1,1,0,0,0,0,0,0,0,0,13,0
121566,2,1,0,0,0,0,0,0,0,0,0,0
121567,1,1,0,0,0,0,0,0,0,0,0,0
121569,1,1,0,0,0,0,0,0,0,0,0,0
121570,1,1,0,0,0,0,0,0,0,20,0,0
121570,2,1,0,0,0,0,0,0,0,0,0,0
121571,1,1,0,0,0,0,0,0,0,0,0,8
121571,2,1,0,0,16,0,0,0,0,0,0,15
121572,1,1,0,0,0,0,0,0,0,0,0,0
121573,1,1,0,0,0,0,0,0,0,0,0,8
121573,2,1,0,0,0,0,0,0,0,0,8,0
121573,3,1,0,0,0,0,0,0,0,0,0,0
121574,1,1,11,11,11,11,11,11,11,11,11,11
121575,0,1,13,13,13,13,13,13,13,13,13,13
121575,1,1,0,0,0,0,0,0,0,0,0,0
121576,1,1,0,0,0,0,0,0,0,0,0,0
121576,2,1,2,2,2,2,2,2,2,2,2,2
121576,3,1,20,0,0,0,0,0,0,0,0,0
121577,0,1,7,0,0,0,0,0,0,0,0,0
121577,1,1,0,0,0,0,0,13,22,0,0,23
121578,1,1,24,0,0,11,7,0,22,9,0,0
121578,2,1,0,21,8,0,0,0,0,0,0,0
121578,3,1,9,14,22,0,0,15,0,32,8,0
121579,1,1,0,36,0,0,15,0,0,0,8,0
121579,2,1,0,0,0,6,0,0,0,0,0,0
121579,3,1,0,0,0,0,0,0,0,0,0,0
121580,1,1,0,8,0,0,0,0,0,0,0,0
121580,2,1,0,0,0,0,0,0,0,0,0,0
121581,0,1,0,0,0,0,0,0,0,0,0,0
121581,1,1,0,0,0,0,0,0,0,0,0,0
121582,1,1,0,13,0,0,0,0,0,0,0,0
121582,2,1,0,0,0,0,0,0,0,0,0,0
121583,1,1,0,0,0,0,0,0,0,0,0,0
121583,2,1,0,16,0,0,0,0,0,0,0,0
121584,1,1,0,0,0,0,0,0,0,0,0,0
121584,2,1,0,0,0,0,0,0,0,0,0,0
121585,1,1,0,0,0,0,0,0,0,0,0,0
121586,1,1,10,15,14,18,15,11,9,27,5,23
121586,2,1,0,0,13,0,0,0,0,0,0,0
121587,1,1,0,0,0,0,0,0,0,0,0,0
121587,2,1,0,0,17,0,0,0,0,0,0,0
121587,3,1,14,0,0,0,0,0,0,0,0,0
121588,1,1,13,13,13,13,13,13,13,13,13,13
121588,2,1,0,0,0,0,17,0,18,0,0,0
121589,1,1,14,14,14,14,14,14,14,14,14,14
121589,2,1,21,21,21,21,21,21,21,21,21,21
121590,0,1,19,19,19,19,19,19,19,19,19,19
121590,1,1,0,10,0,0,0,0,0,0,0,0
121591,1,1,0,0,0,0,0,0,0,0,0,0
121591,2,1,0,0,0,0,0,0,0,0,17,0
121592,1,1,0,19,22,0,0,0,0,0,0,0
121592,2,1,0,12,0,0,18,2,0,0,0,0
121593,1,1,0,0,0,0,0,0,0,0,0,0
121593,2,1,0,0,0,0,0,0,0,0,0,0
121594,1,1,0,0,0,0,0,0,0,0,0,0
121594,2,1,0,0,0,0,0,0,0,0,0,0
121595,0,1,0,0,0,0,0,0,0,0,0,0
121595,1,1,0,0,10,0,0,15,0,0,0,0
121596,0,1,0,0,0,0,0,0,0,0,0,0
121596,1,1,10,0,10,0,0,0,0,0,0,0
121597,1,1,0,0,0,0,0,0,0,0,0,0
121597,2,1,0,0,0,0,0,0,0,0,0,0
121598,1,1,12,12,12,12,12,12,12,12,12,12
121598,2,1,0,0,0,0,0,0,0,0,0,0
121599,1,1,0,0,0,0,0,0,0,0,0,0
121600,1,1,25,25,25,25,25,25,25,25,25,25
121600,2,1,0,0,0,31,0,0,21,0,0,0
121601,1,1,0,0,0,0,0,0,0,0,0,0
121603,0,1,0,0,0,0,0,0,0,0,0,0
121603,1,1,0,0,0,0,0,0,0,0,0,0
121604,1,1,0,0,0,0,0,0,0,0,0,0
121604,2,1,0,0,0,0,0,0,0,0,0,0
121605,1,1,3,3,3,3,3,3,3,3,3,3
121606,1,1,0,0,0,0,0,0,0,0,0,0
121607,1,1,0,0,0,0,0,0,0,0,0,0
121607,2,1,0,0,0,0,0,0,0,0,0,0
121608,1,1,0,0,0,0,0,0,0,0,8,0
121608,2,1,0,0,0,0,0,0,0,0,0,0
121609,1,1,22,22,22,22,22,22,22,22,22,22
121610,1,1,25,25,25,25,25,25,25,25,25,25
121611,1,1,20,20,20,20,20,20,20,20,20,20
121613,1,1,35,35,35,35,35,35,35,35,35,35
121614,1,1,2,2,2,2,2,2,2,2,2,2
121615,1,1,0,0,0,0,0,0,0,0,0,0
121615,2,1,0,0,0,0,0,0,0,0,0,0
121616,1,1,0,0,0,0,0,0,0,0,0,0
121616,2,1,0,0,2,0,0,0,0,0,0,0
121617,1,1,23,0,0,0,0,0,0,0,0,0
121617,2,1,0,0,0,0,9,0,21,0,0,0
121618,0,1,0,0,10,0,0,0,0,24,0,0
121618,1,1,9,0,10,0,0,0,0,35,0,23
121619,1,1,0,0,0,0,0,0,44,0,0,0
121619,2,1,18,0,0,0,0,0,0,0,0,0
121620,1,1,20,20,20,20,20,20,20,20,20,20
121622,0,1,22,13,32,62,17,0,14,28,23,17
121622,1,1,0,0,0,0,0,0,0,0,0,0
121624,1,1,1,1,1,1,1,1,1,1,1,1
121625,0,1,7,7,7,7,7,7,7,7,7,7
121625,1,1,0,0,0,0,0,0,0,0,0,0
121626,1,1,0,0,0,0,0,0,0,0,0,0
121627,1,1,0,0,0,0,0,0,0,0,0,0
121627,2,1,0,0,0,0,0,0,0,0,0,0
121628,1,1,0,0,0,0,0,0,0,0,0,0
121628,2,1,0,0,0,0,0,0,0,0,0,0
121629,1,1,0,0,6,0,0,0,0,0,0,0
121630,0,1,0,0,0,0,0,0,0,0,0,0
121630,1,1,0,0,0,0,0,0,0,0,0,0
121631,0,1,0,0,19,0,0,0,23,0,0,17
121631,1,1,0,0,27,0,0,0,0,0,0,0
121632,1,1,0,0,0,0,0,0,0,0,0,0
121632,2,1,0,0,0,0,0,6,0,0,0,0
121633,1,1,0,0,0,0,0,0,0,0,0,0
121633,2,1,18,0,0,0,0,0,0,0,0,0
121634,0,1,0,0,0,0,0,0,0,0,0,0
121634,1,1,0,0,22,0,0,0,7,0,0,0
121635,1,1,0,0,0,0,0,0,0,0,0,0
121637,1,1,0,0,0,0,0,0,0,0,0,0
121637,2,1,0,0,0,0,0,0,0,0,0,0
121637,3,1,0,0,0,0,0,0,0,0,0,0
121638,0,1,25,25,25,25,25,25,25,25,25,25
121638,1,1,0,0,0,0,0,0,0,0,0,0
121639,0,1,0,0,0,0,0,0,0,0,0,0
121639,1,1,0,0,0,0,0,0,0,0,0,0
121639,2,1,0,0,0,0,0,0,0,0,0,0
121640,0,1,15,15,15,15,15,15,15,15,15,15
121640,1,1,0,0,0,0,0,0,0,0,0,0
121641,1,1,0,0,0,0,0,0,14,5,6,0
121641,2,1,13,13,13,13,13,13,13,13,13,13
121642,1,1,14,0,0,0,0,0,24,0,0,0
121642,2,1,0,0,0,0,0,0,0,0,0,0
121643,1,1,0,0,0,0,0,0,0,0,0,0
121643,2,1,0,0,0,0,0,0,0,0,0,0
121644,1,1,0,0,0,0,0,0,0,0,0,0
121644,2,1,0,0,0,0,0,0,0,0,0,0
121645,0,1,0,0,0,0,0,0,0,0,0,0
121645,1,1,0,0,0,0,22,0,0,18,0,0
121646,1,1,0,0,0,0,0,11,0,0,0,0
121646,2,1,0,0,0,0,0,0,0,0,0,0
121647,0,1,0,0,0,0,0,0,0,0,0,0
121647,1,1,0,0,0,0,0,0,0,0,0,0
121648,0,1,0,0,0,0,0,0,0,0,0,0
121648,1,1,0,0,0,0,0,0,0,0,0,0
121649,1,1,14,14,14,14,14,14,14,14,14,14
121651,1,1,0,0,0,23,23,0,0,35,20,8
121654,0,1,0,0,0,0,0,0,8,16,0,0
121654,1,1,0,0,0,0,0,0,0,0,9,0
121655,1,1,0,0,0,0,0,0,0,0,0,0
121656,0,1,44,44,44,44,44,44,44,44,44,44
121656,1,1,0,0,0,0,24,14,0,0,9,0
121657,1,1,0,0,0,0,0,0,0,0,0,0
121657,2,1,0,0,0,0,0,0,0,0,0,0
121658,1,1,0,0,0,0,0,0,0,0,0,0
121659,1,1,0,0,0,0,0,0,0,0,0,0
121659,2,1,0,0,0,0,0,0,0,0,0,0
121660,1,1,0,0,0,0,0,0,0,0,0,0
121660,2,1,0,0,0,0,0,0,0,0,0,0
121661,1,1,23,23,23,23,23,23,23,23,23,23
121661,2,1,9,9,9,9,9,9,9,9,9,9
121662,1,1,15,15,15,15,15,15,15,15,15,15
121663,1,1,0,0,0,0,17,0,0,0,0,0
121663,2,1,25,0,16,8,5,0,4,0,11,0
121664,1,1,5,26,27,11,0,0,20,0,4,24
121665,1,1,0,0,0,0,0,0,0,0,0,0
121666,0,1,0,0,0,0,0,0,0,0,0,0
121666,1,1,0,0,0,0,0,0,0,0,0,0
121667,1,1,0,0,0,0,0,0,0,0,0,0
121668,1,1,0,0,0,0,0,21,0,0,0,0
121668,2,1,0,0,0,0,0,0,0,0,0,0
121669,0,1,15,24,0,7,13,10,0,0,12,25
121669,0,2,0,12,0,0,0,16,0,0,11,0
121669,1,1,21,21,21,21,21,21,21,21,21,21
121671,1,1,13,13,13,13,13,13,13,13,13,13
121671,2,1,0,12,0,0,0,6,0,0,0,26
121671,3,1,0,0,0,0,0,10,0,0,0,0
121672,1,1,0,0,0,0,0,0,0,0,0,0
121673,1,1,19,19,19,19,19,19,19,19,19,19
121673,2,1,0,0,0,0,0,0,0,0,0,0
121674,1,1,13,13,13,13,13,13,13,13,13,13
121674,2,1,17,0,0,0,0,0,0,34,0,0
121675,0,1,0,0,0,0,0,0,0,0,0,0
121675,1,1,0,0,0,0,0,0,0,0,0,0
121676,1,1,14,14,14,14,14,14,14,14,14,14
121677,1,1,24,24,24,24,24,24,24,24,24,24
121678,1,1,24,24,24,24,24,24,24,24,24,24
121679,1,1,26,26,26,26,26,26,26,26,26,26
121679,2,1,0,0,0,0,0,0,0,0,0,10
121679,3,1,0,0,0,0,0,0,0,0,0,0
121680,0,1,0,18,40,0,0,0,22,0,0,5
121680,1,1,0,0,0,0,0,0,0,0,0,0
121680,2,1,0,0,0,0,0,0,0,0,0,0
121681,0,1,0,0,0,0,0,0,0,0,0,0
121681,1,1,0,0,0,0,0,0,0,0,0,0
121682,0,1,0,0,23,0,0,0,0,0,0,6
121682,1,1,16,0,0,0,0,0,21,0,0,0
121682,2,1,0,0,0,0,0,0,0,0,0,0
121683,1,1,17,17,17,17,17,17,17,17,17,17
121684,1,1,0,0,20,0,0,0,0,0,0,0
121684,2,1,0,12,13,13,8,0,0,0,0,0
121685,1,1,0,0,0,0,0,0,0,0,0,0
121685,2,1,0,0,0,0,0,0,0,0,0,0
121686,1,1,0,9,0,0,7,0,0,0,0,0
121686,2,1,0,0,0,33,0,0,0,0,0,0
121687,0,1,26,26,26,26,26,26,26,26,26,26
121687,1,1,24,0,0,0,12,9,0,0,0,0
121688,1,1,0,0,0,0,0,0,0,0,0,0
121688,2,1,0,0,0,0,0,0,0,0,0,0
121688,3,1,34,17,0,0,0,0,0,0,0,0
121689,1,1,17,17,17,17,17,17,17,17,17,17
121690,1,1,0,0,0,0,0,0,0,0,0,0
121691,0,1,0,0,0,0,0,0,0,0,0,0
121691,1,1,0,0,0,0,0,0,0,0,0,0
121692,1,1,0,0,0,0,0,0,17,22,0,28
121692,2,1,0,0,0,0,0,0,0,0,0,0
121693,1,1,12,12,12,12,12,12,12,12,12,12
121694,0,1,23,23,23,23,23,23,23,23,23,23
121694,1,1,0,0,0,0,0,0,0,0,0,0
121696,1,1,0,0,0,0,0,0,0,0,0,0
121697,0,1,19,0,0,30,17,14,24,0,0,9
121697,1,1,0,0,0,0,0,13,0,0,0,0
121698,0,1,18,28,13,30,19,20,9,14,28,18
121698,1,1,0,0,0,0,0,0,0,0,0,14
121698,2,1,0,0,0,0,0,9,0,0,0,0
121698,3,1,19,13,0,12,0,0,0,0,7,0
121699,1,1,0,0,0,0,0,0,0,0,0,0
121699,2,1,0,0,0,0,0,0,13,0,0,0
121700,1,1,0,0,0,0,0,0,0,0,0,0
121701,0,1,28,28,28,28,28,28,28,28,28,28
121701,1,1,22,16,28,46,0,23,18,0,0,16
121702,1,1,0,0,0,0,0,0,0,0,0,0
121702,2,1,0,0,0,0,0,0,0,0,0,0
121703,1,1,16,16,16,16,16,16,16,16,16,16
121703,2,1,0,0,0,0,0,0,0,0,0,0
121703,3,1,0,0,0,0,0,0,0,0,0,0
121704,1,1,0,0,31,6,35,0,38,0,19,15
121705,0,1,0,9,0,0,14,0,31,27,0,16
121705,1,1,0,0,22,19,0,9,0,0,0,0
121706,1,1,0,0,0,0,0,0,0,0,0,0
121707,1,1,0,0,0,0,0,0,8,0,0,15
121707,2,1,5,5,5,5,5,5,5,5,5,5
121708,0,1,0,0,0,0,0,0,0,0,0,0
121708,1,1,0,0,0,0,0,0,0,0,0,0
121709,1,1,0,0,0,0,0,0,0,0,0,0
121709,2,1,0,0,0,0,0,0,0,0,0,0
121710,0,1,6,6,6,6,6,6,6,6,6,6
121710,1,1,0,0,0,0,0,0,0,0,0,0
121711,1,1,0,0,0,0,0,0,0,0,0,0
121711,2,1,0,0,0,0,0,0,0,0,0,0
121711,3,1,0,0,0,0,0,0,0,0,0,0
121712,0,1,37,37,37,37,37,37,37,37,37,37
121712,1,1,0,0,0,0,0,0,0,0,0,15
121713,1,1,13,13,13,13,13,13,13,13,13,13
121714,1,1,0,0,0,0,0,0,0,0,0,0
121715,1,1,28,28,28,28,28,28,28,28,28,28
121715,2,1,0,11,0,0,0,0,0,0,0,0
121716,0,1,0,0,0,0,0,0,0,0,0,0
121717,1,1,0,0,0,0,0,0,0,0,0,0
121717,2,1,0,0,0,0,0,0,0,0,0,0
121718,1,1,0,0,0,0,0,0,0,0,0,0
121719,1,1,0,0,0,0,0,0,0,0,0,0
121720,1,1,0,0,0,20,0,0,0,12,0,0
121721,1,1,0,0,0,0,0,0,0,0,0,0
121721,2,1,0,0,0,0,0,0,0,0,0,0
121722,1,1,0,0,0,0,0,0,0,0,0,0
121722,2,1,24,24,24,24,24,24,24,24,24,24
121723,1,1,6,6,6,6,6,6,6,6,6,6
121723,2,1,0,0,0,0,0,0,0,0,0,0
121724,1,1,13,11,0,0,0,0,0,0,0,26
121724,2,1,0,27,0,0,0,0,0,0,0,0
121725,1,1,0,0,0,0,0,0,0,0,0,0
121725,2,1,0,0,0,0,0,0,0,0,0,0
121726,1,1,0,0,8,0,0,0,0,0,0,0
121726,2,1,0,0,0,0,0,0,0,0,0,0
121727,1,1,20,20,20,20,20,20,20,20,20,20
121728,1,1,0,0,0,6,0,0,0,0,0,0
121728,2,1,0,0,0,0,0,0,0,0,0,0
121729,1,1,0,11,18,0,0,20,14,16,0,13
121730,1,1,0,0,0,0,0,0,0,0,0,0
121730,2,1,0,0,0,0,0,9,0,0,0,0
121731,1,1,20,20,20,20,20,20,20,20,20,20
121731,2,1,0,0,0,0,0,0,0,18,0,0
121732,1,1,0,0,0,0,0,27,0,0,0,0
121732,2,1,3,3,3,3,3,3,3,3,3,3
121734,1,1,0,0,0,0,0,0,0,0,0,0
121734,2,1,0,0,0,0,0,0,0,0,0,0
121735,0,1,25,0,9,0,0,18,0,17,0,0
121735,1,1,0,0,0,0,0,0,0,0,0,0
121736,0,1,0,0,0,0,0,0,0,0,0,0
121736,1,1,0,0,0,0,0,0,0,0,0,0
121737,1,1,0,0,0,0,0,0,0,0,0,0
121737,2,1,0,0,0,0,0,0,0,0,0,0
121738,1,1,0,0,0,0,0,0,0,0,0,0
121738,2,1,0,0,0,0,0,0,0,0,8,0
121738,3,1,0,0,0,0,0,0,0,0,36,33
121738,4,1,0,0,0,0,0,0,0,0,0,0
121738,5,1,0,13,0,0,0,0,0,0,0,0
121739,0,1,0,0,0,0,0,30,0,0,0,10
121739,1,1,0,0,29,0,0,0,0,12,0,0
121740,1,1,0,0,0,0,0,0,0,0,0,0
121740,2,1,0,0,0,0,0,0,17,0,0,0
121741,0,1,26,26,26,26,26,26,26,26,26,26
121741,1,1,0,0,0,0,0,0,0,0,0,0
121742,1,1,0,0,0,0,0,0,0,0,0,0
121742,2,1,0,0,0,0,0,0,0,0,0,0
121743,0,1,0,47,0,0,0,0,0,9,24,0
121743,1,1,0,0,17,0,0,0,0,0,0,0
121743,2,1,0,0,24,0,0,0,0,0,0,0
121744,0,1,0,0,0,0,0,0,0,0,0,0
121744,1,1,0,0,0,0,0,0,0,0,0,0
121745,1,1,0,0,0,4,0,0,0,0,0,0
121746,0,1,0,0,0,0,0,0,0,0,0,0
121746,1,1,0,0,0,0,0,0,0,0,0,0
121747,1,1,19,19,19,19,19,19,19,19,19,19
121748,0,1,31,0,11,0,0,0,16,0,0,0
121748,1,1,0,0,0,24,0,14,0,0,0,0
121749,0,1,0,0,0,22,0,0,0,0,0,0
121749,1,1,13,30,0,0,11,0,24,0,0,17
121750,0,1,0,0,0,0,0,0,0,0,0,0
121750,0,2,0,0,0,0,0,0,0,0,0,0
121750,0,3,0,0,0,0,0,0,0,0,28,14
121750,1,1,10,0,0,0,0,0,0,0,0,0
121751,1,1,0,0,0,0,0,0,0,18,0,0
121751,2,1,0,0,0,0,0,0,0,0,0,0
121752,1,1,0,14,23,35,0,5,14,19,21,31
121753,1,1,0,0,0,23,7,0,0,0,0,36
121753,2,1,0,0,0,0,0,0,0,0,0,0
121754,0,1,19,19,19,19,19,19,19,19,19,19
121754,1,1,0,0,0,0,0,0,9,0,0,0
121754,2,1,0,0,0,0,0,3,0,0,0,0
121755,0,1,0,0,0,0,0,0,0,0,0,0
121755,1,1,0,0,0,0,0,0,0,0,0,0
121756,0,1,0,0,0,14,0,0,0,0,9,0
121756,1,1,0,0,0,0,0,0,0,0,0,0
121757,1,1,15,15,15,15,15,15,15,15,15,15
121757,2,1,0,0,0,0,0,12,0,0,0,0
121757,3,1,0,0,0,0,0,35,0,0,0,0
121758,1,1,0,0,0,0,16,0,0,0,0,0
121758,2,1,0,0,0,0,0,0,0,0,0,0
121759,1,1,0,0,11,0,0,0,0,0,28,0
121759,2,1,0,0,0,0,0,0,0,0,0,0
121760,0,1,0,0,0,0,0,0,0,0,0,0
121760,1,1,0,0,0,0,0,0,0,0,0,0
121761,1,1,0,0,0,0,15,0,0,0,0,0
121761,2,1,0,0,0,0,0,6,0,12,0,0
121762,0,1,0,0,0,0,0,0,0,0,0,0
121762,1,1,0,0,0,0,0,0,0,0,0,0
121763,0,1,0,0,0,0,8,0,0,0,0,0
121763,1,1,0,0,0,13,0,0,0,0,0,0
121764,0,1,0,0,0,0,0,0,0,0,0,0
121764,0,2,0,0,0,0,15,0,0,0,0,0
121764,0,3,0,0,0,0,0,0,0,0,0,0
121764,1,1,0,0,0,0,0,0,0,0,0,0
121765,0,1,0,7,0,16,21,0,0,6,35,24
121765,1,1,0,0,0,0,0,0,0,0,9,0
121766,0,1,0,0,0,0,0,0,0,0,0,0
121766,1,1,0,0,0,0,0,0,0,0,0,0
121767,0,1,0,0,0,0,0,0,0,0,0,0
121767,1,1,0,0,0,0,0,0,0,0,0,6
121768,1,1,0,0,0,0,0,0,0,0,0,0
121768,2,1,0,0,0,0,0,0,0,0,0,0
121768,3,1,0,17,0,0,0,0,0,0,0,0
121769,0,1,0,0,0,0,0,0,0,0,0,0
121769,1,1,0,0,0,0,0,0,0,0,0,0
121770,1,1,0,0,0,0,0,0,0,0,0,0
121770,2,1,0,0,0,0,0,0,0,0,0,0
121771,1,1,0,0,0,0,25,0,0,0,0,0
121771,2,1,0,0,0,0,0,0,0,0,0,0
121772,1,1,0,0,0,12,0,0,0,14,0,0
121772,2,1,0,0,0,0,0,0,0,0,0,0
121773,1,1,0,0,0,32,0,0,0,0,6,0
121774,1,1,0,14,0,30,23,0,0,0,10,6
121775,0,1,7,19,21,31,0,10,0,13,17,15
121775,1,1,0,0,0,0,0,0,0,0,0,0
121776,0,1,0,0,0,0,0,0,0,0,0,0
121776,1,1,0,0,0,0,0,0,0,0,0,24
121777,0,1,0,0,0,0,0,0,0,14,0,0