ST_CASE,VEH_NO,PER_NO,P1,P2,P3,P4,P5,P6,P7,P8,P9,P10
122618,0,1,0,0,0,0,31,28,0,0,0,0
122618,1,1,0,0,8,0,0,0,15,0,0,0
122619,0,1,0,0,0,0,8,0,0,0,0,0
122619,1,1,0,0,0,0,0,0,0,0,0,0
122620,1,1,0,0,0,0,0,0,0,0,0,0
122620,2,1,0,0,0,0,0,0,0,0,0,0
122621,1,1,0,0,0,0,0,0,0,0,0,0
122621,2,1,0,0,0,0,0,0,0,0,0,0
122622,0,1,0,0,0,0,0,0,28,0,0,0
122622,0,2,0,0,0,0,10,20,0,0,0,0
122622,1,1,0,0,0,0,0,0,0,0,0,0
122623,1,1,0,15,0,0,0,0,0,0,0,0
122623,2,1,0,0,0,0,0,2,0,0,0,0
122624,1,1,22,7,30,11,15,9,14,10,6,10
122624,2,1,0,0,0,0,0,0,0,5,0,22
122624,3,1,0,0,0,0,0,0,0,0,13,0
122624,4,1,0,0,20,0,0,0,11,0,0,0
122625,0,1,10,0,3,0,9,21,32,19,13,26
122625,1,1,0,0,0,0,0,0,15,0,0,0
122626,1,1,20,24,11,0,12,7,9,25,0,36
122627,0,1,0,0,0,0,0,0,0,0,0,0
122627,1,1,0,0,0,0,0,0,0,0,0,0
122628,1,1,0,0,0,0,0,0,0,0,0,0
122628,2,1,0,0,0,0,0,0,0,0,0,0
122629,0,1,0,0,32,0,0,0,0,0,0,0
122629,1,1,0,0,0,0,0,0,0,8,0,0
122630,1,1,0,0,0,0,0,0,0,0,0,0
122630,2,1,0,0,0,0,0,0,0,0,0,0
122631,1,1,11,11,11,11,11,11,11,11,11,11
122631,2,1,0,0,0,0,0,0,0,0,0,0
122632,0,1,0,0,0,0,0,0,0,0,0,0
122632,1,1,0,0,0,0,0,0,0,0,0,0
122633,1,1,26,26,26,26,26,26,26,26,26,26
122634,0,1,25,25,25,25,25,25,25,25,25,25
122634,1,1,0,0,0,0,0,0,0,0,0,0
122635,1,1,0,0,0,0,0,0,0,0,0,0
122635,2,1,0,0,0,0,0,0,0,0,0,0
122636,1,1,0,26,0,0,0,0,0,0,0,0
122636,2,1,0,0,0,9,5,0,0,0,0,0
122637,1,1,0,0,0,0,0,0,0,0,0,0
122637,2,1,11,0,0,16,0,0,16,0,0,0
122638,0,1,0,0,0,0,0,0,0,0,0,0
122638,1,1,0,0,0,0,0,0,0,0,0,17
122639,1,1,15,24,0,20,10,14,10,6,12,0
122640,0,1,0,0,0,0,0,0,0,0,15,0
122640,1,1,0,0,8,22,0,21,0,0,17,33
122641,1,1,10,0,0,0,0,11,0,0,0,0
122641,2,1,0,0,0,0,0,0,0,9,0,0
122642,0,1,36,0,0,0,0,0,0,0,0,0
122642,1,1,0,0,0,0,0,0,0,0,0,0
122643,0,1,0,0,0,0,0,0,0,0,0,0
122643,1,1,0,0,0,0,0,0,0,0,0,0
122644,1,1,0,37,0,0,0,0,0,0,0,0
122644,2,1,0,0,0,0,0,0,0,0,0,0
122645,1,1,0,0,0,0,0,0,0,0,0,0
122645,2,1,0,0,0,0,0,0,0,0,0,0
122646,1,1,0,0,0,0,0,0,0,0,0,0
122646,2,1,15,16,27,9,0,0,0,5,0,17
122647,1,1,11,0,12,9,8,0,0,0,0,0
122648,1,1,0,0,0,0,0,0,0,0,0,0
122648,2,1,0,0,0,0,0,0,0,0,0,0
122648,3,1,0,0,0,0,0,0,0,0,0,0
122648,4,1,0,4,0,0,0,0,0,0,0,0
122649,0,1,11,24,9,15,17,25,24,31,23,9
122649,0,2,7,17,0,0,12,33,13,0,54,0
122649,1,1,0,0,0,0,0,0,0,0,0,0
122650,0,1,10,0,0,26,23,20,14,16,0,16
122650,1,1,0,0,0,0,0,0,0,0,0,0
122651,0,1,0,0,0,23,38,0,15,18,33,20
122651,1,1,0,0,4,7,12,28,27,0,17,23
122652,1,1,0,0,0,0,0,0,0,0,0,0
122652,2,1,0,0,0,19,0,0,0,0,0,0
122652,3,1,0,0,0,0,0,0,0,0,0,0
122653,1,1,12,12,12,12,12,12,12,12,12,12
122653,2,1,0,0,16,0,0,4,0,0,0,0
122654,0,1,0,0,0,0,0,0,0,0,0,0
122654,1,1,0,0,0,0,0,0,0,0,0,0
122655,0,1,0,0,0,0,0,0,0,0,0,0
122655,1,1,0,0,31,0,0,0,0,0,0,0
122658,1,1,0,0,0,0,0,0,0,0,0,0
122658,2,1,2,2,2,2,2,2,2,2,2,2
122659,0,1,0,0,0,0,0,0,0,0,0,0
122659,1,1,0,0,0,0,0,0,0,0,0,0
122660,1,1,19,0,0,30,21,0,0,20,26,18
122660,2,1,22,22,22,22,22,22,22,22,22,22
122661,1,1,0,0,0,0,0,0,0,0,0,0
122662,1,1,0,0,0,0,0,12,0,0,0,0
122662,2,1,0,0,0,2,17,19,0,0,0,5
122663,0,1,0,0,0,0,0,0,0,0,0,0
122663,1,1,0,0,0,0,21,0,5,0,0,0
122664,0,1,0,0,0,0,0,0,0,0,0,0
122664,1,1,0,0,29,0,0,0,14,0,0,0
122665,1,1,0,0,0,0,0,0,0,0,0,0
122665,2,1,0,0,0,0,0,0,0,0,0,0
122666,0,1,13,8,0,35,0,18,0,18,0,0
122666,1,1,0,0,6,0,0,0,0,0,0,0
122667,0,1,0,0,0,0,0,0,0,0,0,0
122667,1,1,0,0,0,0,0,0,0,0,0,0
122668,1,1,0,0,0,0,0,0,0,0,0,0
122668,2,1,13,13,13,13,13,13,13,13,13,13
122669,0,1,0,0,0,0,0,0,0,0,0,0
122669,1,1,0,0,0,0,0,0,0,0,0,0
122670,1,1,12,12,12,12,12,12,12,12,12,12
122670,2,1,0,0,0,0,0,0,0,0,0,0
122671,1,1,0,0,0,0,0,0,0,0,0,26
122672,1,1,0,0,0,0,0,0,0,0,0,0
122673,0,1,0,0,0,0,0,0,0,0,0,0
122673,1,1,0,9,0,28,27,4,0,34,0,0
122674,0,1,0,14,0,30,0,0,22,9,0,0
122674,1,1,0,0,0,0,0,0,0,0,0,0
122675,0,1,0,0,0,0,26,0,0,0,21,0
122675,1,1,0,0,0,0,0,0,0,0,0,0
122675,2,1,0,0,0,0,0,0,0,0,0,0
122676,1,1,8,0,0,0,0,0,0,24,0,0
122676,2,1,0,0,6,0,0,0,14,0,0,0
122677,0,1,29,0,0,0,0,0,0,0,15,28
122677,1,1,0,0,0,0,0,0,0,0,0,0
122678,0,1,24,0,0,7,0,0,0,18,0,32
122678,1,1,0,0,0,0,0,0,0,0,0,0
122679,0,1,28,29,6,11,10,11,9,0,27,17
122679,1,1,0,0,0,0,0,0,0,0,0,0
122679,2,1,0,0,0,0,0,0,0,20,0,5
122680,1,1,0,0,0,0,0,0,0,0,0,0
122680,2,1,0,0,0,0,0,0,0,0,0,0
122681,1,1,0,0,0,0,0,0,0,0,0,0
122681,2,1,0,0,0,0,0,0,0,0,0,0
122682,1,1,26,26,26,26,26,26,26,26,26,26
122683,1,1,0,0,10,0,0,0,0,0,0,0
122683,2,1,0,0,0,0,0,0,0,0,0,8
122684,1,1,0,0,0,0,0,0,0,0,0,0
122685,1,1,0,13,0,0,0,20,0,24,0,19
122685,2,1,0,0,0,0,0,0,0,0,0,0
122686,0,1,0,14,0,0,0,9,0,0,20,0
122686,1,1,0,0,0,0,0,0,0,0,0,0
122687,0,1,0,0,36,0,0,0,38,0,0,0
122687,1,1,0,0,0,18,0,0,0,0,0,0
122688,0,1,0,11,0,0,0,0,0,0,0,0
122688,1,1,0,0,0,0,0,0,0,0,0,0
122689,1,1,0,0,8,0,0,0,0,0,0,0
122689,2,1,0,0,0,0,9,0,0,0,0,0
122689,3,1,0,0,0,0,0,0,0,0,0,0
122690,1,1,0,8,23,0,0,0,0,0,0,0
122691,1,1,0,0,0,0,0,0,0,0,0,0
122691,2,1,0,0,0,0,0,0,0,0,0,0
122692,1,1,0,0,0,0,0,0,0,0,0,0
122692,2,1,0,0,0,0,0,0,0,0,0,0
122692,3,1,0,0,0,0,0,0,0,0,0,0
122693,0,1,9,5,26,0,0,0,20,25,0,29
122693,1,1,0,0,16,0,6,0,5,27,0,3
122694,0,1,25,25,25,25,25,25,25,25,25,25
122694,2,1,3,3,3,3,3,3,3,3,3,3
122695,1,1,0,0,0,0,0,0,0,0,0,0
122695,2,1,9,0,0,0,0,0,0,0,0,0
122696,0,1,0,0,0,0,0,0,0,25,0,0
122696,1,1,0,0,0,0,0,0,0,0,0,0
122697,1,1,0,0,0,6,0,0,0,0,0,0
122697,2,1,0,0,0,0,0,0,0,0,0,0
122698,1,1,12,12,12,12,12,12,12,12,12,12
122699,1,1,0,0,0,0,0,0,0,0,0,0
122700,0,1,0,29,0,0,0,0,16,0,0,21
122700,1,1,0,0,0,0,0,0,0,0,0,0
122701,1,1,0,0,0,20,0,0,0,0,0,0
122702,1,1,17,17,17,17,17,17,17,17,17,17
122703,1,1,0,0,0,0,0,0,0,0,0,0
122703,2,1,0,0,0,0,0,0,0,0,0,0
122703,3,1,0,0,0,9,0,0,0,0,9,0
122703,4,1,20,10,5,5,0,3,16,10,11,9
122704,1,1,17,17,17,17,17,17,17,17,17,17
122704,2,1,0,0,0,0,0,0,0,0,0,0
122705,1,1,20,0,0,11,7,14,10,22,24,5
122705,2,1,0,0,0,0,0,0,0,0,0,0
122706,1,1,0,0,0,0,0,0,0,0,0,0
122706,2,1,0,0,0,0,0,0,0,0,0,0
122707,1,1,8,8,8,8,8,8,8,8,8,8
122707,2,1,2,2,2,2,2,2,2,2,2,2
122708,1,1,25,0,0,0,0,0,0,0,0,0
122708,2,1,0,0,0,0,15,0,0,0,0,0
122709,1,1,38,22,0,0,0,0,0,0,20,21
122710,1,1,0,21,0,0,0,0,17,0,0,0
122710,2,1,0,0,0,0,0,0,0,0,0,0
122711,1,1,0,0,0,0,0,0,0,0,0,0
122712,1,1,0,0,0,0,0,0,0,0,0,0
122712,2,1,0,0,0,0,0,0,0,0,0,0
122713,1,1,17,0,0,18,20,0,0,17,0,5
122714,1,1,0,0,0,0,15,0,0,0,0,12
122714,2,1,0,0,0,0,0,0,0,0,0,0
122715,1,1,0,0,0,0,0,0,0,0,0,0
122715,2,1,0,0,0,0,0,0,0,0,0,0
122716,1,1,28,0,0,0,0,0,0,0,0,11
122717,1,1,0,0,0,21,0,0,0,0,0,19
122717,2,1,0,6,0,3,0,6,0,0,0,0
122718,1,1,8,0,0,0,0,11,19,0,17,14
122719,1,1,0,21,0,0,0,0,0,0,0,0
122720,0,1,31,31,31,31,31,31,31,31,31,31
122720,1,1,0,0,0,7,0,0,15,0,24,0
122721,0,1,0,0,0,0,0,14,0,0,0,0
122721,1,1,0,0,0,0,0,0,0,0,0,0
122722,0,1,0,20,32,0,21,2,0,15,13,0
122722,1,1,0,0,13,0,0,0,0,0,0,0
122723,1,1,0,13,0,0,0,0,0,0,0,8
122723,2,1,0,0,0,0,0,0,0,0,0,0
122723,3,1,0,0,0,0,0,2,0,0,0,0
122724,1,1,0,0,0,0,0,0,0,0,0,0
122724,2,1,0,0,0,0,0,0,0,0,0,0
122725,0,1,0,0,0,0,0,0,0,0,0,0
122725,1,1,0,0,0,0,0,0,0,0,0,0
122726,1,1,20,13,0,16,13,21,9,0,5,22
122726,2,1,0,0,0,0,0,0,0,0,0,0
122727,1,1,0,9,0,17,17,26,4,18,16,0
122728,1,1,0,0,0,0,0,0,0,0,0,0
122728,2,1,10,0,0,0,8,0,0,6,0,0
122729,1,1,0,0,0,0,10,0,0,0,0,0
122729,2,1,0,0,0,0,0,0,0,0,0,0
122730,1,1,0,0,0,0,0,12,0,0,0,0
122730,2,1,0,0,0,0,0,0,0,0,0,0
122730,3,1,0,0,0,0,0,0,0,0,0,0
122731,1,1,0,0,0,0,0,0,0,0,0,0
122731,2,1,0,0,0,0,0,0,0,0,0,0
122731,3,1,0,0,0,0,0,0,0,0,0,0
122731,4,1,0,0,0,0,0,0,0,0,0,0
122732,1,1,0,0,0,0,0,0,25,0,0,0
122732,2,1,0,0,0,0,0,0,0,0,0,0
122733,0,1,0,0,0,0,0,0,0,0,0,0
122733,1,1,0,0,15,0,20,0,0,0,0,0
122734,1,1,0,0,0,0,0,0,20,0,16,0
122735,1,1,0,0,0,0,0,19,7,23,0,0
122735,2,1,0,0,17,0,23,0,0,0,0,10
122736,1,1,0,0,0,0,0,0,0,0,0,0
122736,2,1,0,0,0,0,0,0,0,0,0,0
122737,1,1,13,13,13,13,13,13,13,13,13,13
122738,1,1,21,21,21,21,21,21,21,21,21,21
122738,2,1,0,0,0,0,0,0,0,0,0,25
122739,0,1,0,0,0,0,0,0,0,0,0,0
122739,1,1,0,0,0,0,0,0,0,0,0,0
122740,0,1,0,0,0,0,0,0,0,0,0,0
122740,1,1,15,0,0,0,0,0,0,0,0,16
122741,1,1,0,0,0,0,0,0,0,0,0,0
122741,2,1,2,2,2,2,2,2,2,2,2,2
122742,1,1,25,25,25,25,25,25,25,25,25,25
122742,2,1,0,0,0,0,0,0,0,0,0,15
122742,3,1,0,0,0,0,14,0,0,0,0,0
122743,1,1,16,0,39,0,0,0,0,0,0,8
122743,2,1,0,0,0,0,0,0,0,0,0,0
122743,3,1,0,0,0,0,0,0,0,0,0,30
122744,0,1,20,15,19,14,32,33,19,16,14,8
122744,1,1,0,0,13,0,0,0,9,0,18,0
122745,1,1,0,8,21,0,24,6,9,7,14,11
122746,1,1,0,0,0,0,0,0,0,0,0,0
122746,2,1,0,0,0,0,0,0,0,0,0,0
122746,3,1,0,0,0,0,0,0,0,0,0,0
122747,1,1,0,0,0,0,0,0,0,0,0,0
122747,2,1,0,0,0,0,0,0,0,0,0,0
122748,1,1,0,7,0,0,0,0,18,0,0,0
122748,2,1,0,16,0,0,0,0,0,0,0,0
122749,1,1,2,0,0,0,20,0,0,0,17,0
122750,1,1,0,0,0,0,0,0,0,0,0,0
122750,2,1,0,0,0,0,0,0,0,0,0,0
122751,0,1,6,6,6,6,6,6,6,6,6,6
122751,1,1,0,0,0,0,0,0,0,0,0,0
122752,1,1,0,0,0,0,0,0,0,0,0,0
122752,2,1,0,0,0,0,0,0,0,0,0,0
122753,0,1,0,0,15,10,0,0,0,17,14,15
122753,1,1,0,0,0,0,0,0,0,0,0,0
122754,1,1,0,0,0,0,0,0,0,7,0,0
122754,2,1,0,0,0,0,0,0,0,0,0,0
122754,3,1,0,0,0,0,0,0,0,0,0,0
122755,1,1,0,18,0,0,0,0,0,0,0,0
122756,0,1,32,0,13,12,33,0,0,34,0,0
122756,1,1,0,0,0,0,32,0,0,16,0,0
122757,1,1,20,20,20,20,20,20,20,20,20,20
122758,1,1,0,0,0,0,0,0,3,11,0,0
122758,2,1,0,0,0,0,3,0,0,11,0,0
122759,1,1,0,29,27,13,9,18,17,19,14,19
122760,1,1,0,0,0,0,0,0,0,0,0,22
122761,1,1,8,0,0,0,0,14,0,0,0,5
122761,2,1,0,0,0,0,0,0,0,0,0,0
122762,0,1,0,0,14,20,0,0,41,0,0,28
122762,1,1,0,0,0,0,0,0,0,9,0,0
122763,0,1,21,21,21,21,21,21,21,21,21,21
122763,1,1,0,0,5,0,19,0,0,0,0,0
122764,1,1,0,0,0,0,0,0,0,0,0,0
122764,2,1,0,0,0,0,0,0,0,0,0,0
122765,1,1,13,13,13,13,13,13,13,13,13,13
122766,0,1,0,22,0,0,0,0,0,0,25,0
122766,1,1,0,0,23,0,0,0,16,0,0,0
122767,1,1,8,21,0,0,0,0,0,0,0,18
122767,2,1,0,24,0,0,0,0,0,9,15,0
122768,1,1,19,0,0,20,12,14,0,0,0,7
122769,0,1,0,35,0,0,29,0,0,0,0,0
122769,1,1,0,0,0,0,0,0,0,0,0,0
122769,2,1,0,0,0,0,0,0,0,0,0,0
122770,0,1,0,0,0,0,0,0,0,0,0,0
122770,1,1,0,0,0,0,0,0,0,0,0,0
122771,0,1,17,0,31,8,17,0,12,18,0,27
122771,1,1,0,20,0,0,0,16,0,0,0,7
122772,1,1,0,0,0,0,0,0,0,0,0,0
122772,2,1,0,0,0,27,0,7,0,0,0,0
122773,1,1,0,0,0,0,0,0,0,0,0,0
122773,2,1,0,0,0,0,0,0,0,0,0,0
122773,3,1,0,0,0,0,0,0,0,0,0,0
122774,1,1,11,0,0,0,19,0,9,31,0,0
122775,1,1,0,0,0,0,0,0,0,0,0,0
122775,2,1,0,0,0,0,0,0,0,0,0,0
122776,0,1,0,13,25,0,19,30,0,26,19,15
122776,1,1,30,0,0,17,6,0,0,0,0,0
122777,1,1,0,0,0,7,0,0,0,0,0,0
122777,2,1,0,0,0,0,0,0,0,0,0,0
122778,0,1,31,31,31,31,31,31,31,31,31,31
122778,1,1,0,0,0,22,20,0,11,0,27,15
122779,0,1,24,24,24,24,24,24,24,24,24,24
122779,1,1,0,0,0,0,0,0,0,0,0,0
122780,1,1,0,0,0,0,0,0,0,0,0,0
122780,2,1,0,0,0,0,0,0,0,0,0,0
122781,0,1,1,1,1,1,1,1,1,1,1,1
122781,1,1,21,0,0,0,0,0,0,0,0,0
122782,0,1,0,0,0,0,0,0,0,0,0,0
122782,1,1,0,0,0,0,0,11,3,0,0,0
122783,1,1,0,0,0,0,0,0,0,0,0,0
122783,2,1,0,0,0,0,0,0,0,0,0,0
122784,1,1,15,15,15,15,15,15,15,15,15,15
122785,1,1,0,0,0,0,0,0,0,0,0,0
122786,0,1,0,0,0,0,0,0,0,0,0,0
122786,1,1,0,0,0,0,0,15,0,0,0,0
122787,1,1,0,31,0,0,0,0,0,0,0,13
122787,2,1,0,0,0,0,0,0,0,0,0,0
122788,0,1,53,0,0,0,0,0,0,0,0,0
122788,1,1,0,0,0,0,0,0,0,0,0,0
122789,0,1,0,0,0,0,0,0,0,0,0,0
122789,1,1,0,0,0,0,0,0,0,0,28,0
122790,1,1,13,16,18,9,0,0,0,0,3,0
122791,0,1,10,10,10,10,10,10,10,10,10,10
122791,1,1,0,0,0,0,0,0,0,0,10,0
122792,0,1,0,21,21,31,29,8,0,0,0,11
122792,1,1,11,0,0,0,0,0,0,0,0,0
122793,1,1,0,0,17,0,0,0,0,0,0,0
122793,2,1,10,0,0,0,0,0,0,0,0,0
122794,0,1,9,0,0,21,0,9,0,33,0,0
122794,1,1,0,0,0,0,0,0,9,0,0,6
122795,1,1,0,0,0,21,14,14,0,0,0,0
122796,0,1,22,0,22,0,27,23,0,0,0,0
122796,1,1,0,0,0,0,0,0,0,0,0,0
122797,1,1,0,0,31,0,17,0,0,0,0,0
122797,2,1,0,22,0,0,0,0,0,0,0,0
122798,1,1,0,0,0,0,0,0,0,0,0,0
122798,2,1,0,17,0,0,0,0,11,17,0,12
122799,1,1,0,0,0,0,0,0,0,0,0,0
122799,2,1,0,0,0,0,0,0,0,0,0,0
122800,1,1,21,21,21,21,21,21,21,21,21,21
122801,0,1,0,0,0,0,0,26,0,0,0,0
122801,1,1,0,0,0,0,0,0,0,0,0,0
122802,0,1,21,0,0,0,0,0,0,0,0,0
122802,1,1,0,0,0,0,0,0,0,0,0,0
122803,1,1,11,0,19,0,7,0,0,25,23,0
122803,2,1,0,0,0,0,0,0,0,0,0,0
122803,3,1,0,0,0,0,0,0,0,0,0,0
122804,0,1,0,11,0,26,18,0,10,24,12,23
122804,1,1,0,0,0,0,0,0,0,0,23,0
122805,1,2,0,0,14,20,0,0,0,33,21,31
122806,1,1,0,0,0,0,0,0,0,0,0,0
122806,2,1,0,0,0,0,0,0,23,0,0,0
122807,1,1,0,0,0,0,0,0,0,0,0,0
122808,1,1,0,0,0,0,0,0,18,0,0,0
130001,1,1,25,25,25,25,25,25,25,25,25,25
130002,1,1,19,19,19,19,19,19,19,19,19,19
130003,1,1,0,0,0,0,0,34,0,0,0,0
130004,1,1,0,0,0,0,0,0,0,0,20,0
130004,2,1,0,0,0,0,0,0,0,0,0,0
130005,1,1,0,0,0,0,0,0,0,0,0,0
130006,1,1,19,24,0,0,0,10,27,0,23,0
130007,1,1,0,0,0,0,0,0,0,17,0,0
130007,2,1,0,0,0,0,0,25,0,0,0,0
130008,0,1,11,11,11,11,11,11,11,11,11,11
130008,1,1,22,11,0,25,0,0,0,0,0,0
130009,1,1,0,0,0,0,0,0,0,0,0,0
130010,1,1,0,0,0,0,0,0,0,0,0,0
130010,2,1,0,0,0,0,0,0,0,0,0,0
130011,0,1,0,0,0,0,0,0,0,0,0,0
130011,1,1,0,0,15,6,0,34,13,25,0,29
130012,0,1,0,0,0,0,22,0,31,0,0,26
130012,1,1,0,0,0,0,0,0,0,0,0,0
130013,1,1,0,0,0,0,0,0,0,0,0,0
130013,2,1,0,0,0,0,0,0,0,0,0,0
130014,1,1,0,0,0,0,0,20,0,0,0,0
130014,2,1,0,0,0,0,0,0,0,0,0,0
130015,0,1,7,7,7,7,7,7,7,7,7,7
130015,1,1,0,0,0,0,0,0,0,0,0,0
130016,0,1,0,0,0,0,25,0,0,0,0,0
130016,1,1,0,0,0,0,0,0,0,0,0,0
130017,1,1,16,14,0,0,0,0,13,14,0,0
130018,1,1,0,0,0,0,0,0,0,0,0,0
130018,2,1,0,0,15,0,0,0,0,0,0,0
130019,1,1,0,0,0,0,0,0,0,13,0,0
130019,2,1,0,0,0,0,0,0,0,0,0,0
130019,3,1,0,0,0,0,0,0,0,0,0,0
130019,4,1,0,0,0,0,0,0,0,17,0,0
130020,1,1,0,0,0,0,0,0,0,0,0,0
130020,2,1,0,0,0,0,0,0,0,0,0,0
130021,0,1,0,0,0,18,0,0,0,0,0,0
130021,1,1,0,0,0,0,0,0,0,0,0,0
130022,1,1,0,0,0,0,0,0,0,0,0,0
130023,1,1,0,0,0,0,0,0,0,0,0,0
130024,1,1,0,0,0,0,0,0,0,0,0,0
130024,2,1,0,0,0,0,0,0,0,0,0,0
130025,1,1,0,0,0,0,0,0,0,0,0,0
130026,1,1,29,29,29,29,29,29,29,29,29,29
130027,1,1,8,8,8,8,8,8,8,8,8,8
130027,2,1,0,0,0,0,0,0,0,0,0,0
130028,1,1,19,7,15,23,20,16,25,15,7,6
130029,0,1,7,7,7,7,7,7,7,7,7,7
130029,1,1,0,0,0,0,0,0,0,0,0,0
130030,1,1,30,30,30,30,30,30,30,30,30,30
130031,1,1,0,0,0,0,0,0,0,0,0,0
130032,1,1,0,0,0,0,0,0,0,0,0,0
130032,2,1,0,0,0,0,0,0,0,0,0,0
130033,1,1,0,0,10,0,0,0,0,0,0,0
130034,1,1,0,0,0,0,0,0,0,0,0,0
130035,1,1,0,0,0,0,0,0,0,0,0,0
130035,2,1,0,0,0,0,0,0,0,0,0,0
130036,1,1,0,0,0,0,0,0,18,20,0,0
130037,1,1,14,0,0,18,26,17,12,31,19,19
130038,0,1,0,0,0,0,0,0,0,0,0,0
130038,1,1,0,0,0,0,0,0,0,0,0,0
130039,0,1,0,0,0,0,0,0,0,0,0,0
130039,1,1,0,0,0,0,7,0,0,0,0,0
130040,1,1,0,0,0,0,0,0,0,0,0,0
130040,2,1,0,0,7,0,0,0,0,0,12,27
130041,1,1,4,4,4,4,4,4,4,4,4,4
130042,0,1,10,10,10,10,10,10,10,10,10,10
130042,1,1,0,0,0,0,0,0,0,0,0,0
130043,1,1,0,0,0,0,0,0,0,0,0,0
130044,1,1,0,0,0,0,0,0,0,0,0,0
130045,0,1,37,37,37,37,37,37,37,37,37,37
130045,1,1,0,0,0,0,0,0,0,9,0,0
130046,0,1,0,0,0,0,0,0,0,0,0,0
130046,1,1,0,0,20,0,0,0,0,0,13,0
130047,1,1,0,0,25,0,0,0,0,0,0,0
130047,2,1,0,0,0,0,0,0,0,0,0,0
130048,1,1,0,0,0,0,0,0,0,0,0,0
130048,2,1,0,0,0,0,0,0,0,0,0,0
130049,1,1,30,30,30,30,30,30,30,30,30,30
130049,2,1,0,0,0,0,0,0,0,0,0,0
130050,1,1,0,0,0,0,0,0,0,0,0,0
130051,1,1,11,11,11,11,11,11,11,11,11,11
130051,2,1,0,0,0,0,0,0,0,0,0,0
130051,3,1,0,0,0,0,0,0,0,0,0,0
130052,1,1,0,0,0,15,0,0,0,0,0,0
130053,0,1,17,17,17,17,17,17,17,17,17,17
130053,1,1,0,12,8,0,0,0,0,0,0,0
130054,1,1,0,0,0,0,0,0,0,0,0,0
130055,1,1,0,0,0,0,0,0,0,0,0,0
130055,2,1,0,0,0,0,0,0,0,0,0,0
130056,1,1,12,12,12,12,12,12,12,12,12,12
130057,0,1,0,0,0,0,0,0,0,0,0,0
130057,1,1,0,0,0,0,0,0,0,0,0,0
130058,1,1,0,0,0,0,0,0,0,0,0,0
130058,2,1,0,0,0,0,0,0,0,0,0,0
130059,1,1,0,0,0,0,0,0,0,0,0,0
130060,1,1,0,0,0,0,0,0,0,0,0,0
130061,1,1,0,0,0,0,0,0,0,0,0,0
130062,1,1,21,21,21,21,21,21,21,21,21,21
130062,2,1,0,0,0,0,0,0,0,0,0,0
130063,0,1,0,0,0,0,0,0,0,0,0,0
130063,1,1,0,0,0,0,0,0,0,0,0,0
130064,0,1,0,0,0,0,0,0,8,0,0,16
130064,1,1,0,26,0,7,0,0,0,0,5,0
130065,1,1,0,0,0,0,20,0,0,0,0,0
130066,1,1,0,0,0,0,0,0,0,0,0,0
130066,2,1,0,0,0,0,0,0,0,0,0,0
130066,3,1,0,0,0,0,0,0,0,0,0,0
130067,1,1,9,20,11,9,6,0,20,7,4,4
130067,2,1,0,0,0,0,0,0,0,8,0,0
130068,1,1,0,0,0,0,0,0,0,0,0,0
130068,2,1,0,0,0,0,0,0,0,0,0,0
130068,3,1,0,0,0,0,0,0,0,0,0,0
130069,1,1,18,18,18,18,18,18,18,18,18,18
130070,1,1,0,0,0,0,0,0,0,0,0,0
130071,1,1,0,0,0,0,0,0,0,0,0,0
130072,1,1,0,13,0,0,0,0,0,0,0,0
130072,2,1,0,0,0,0,0,0,0,0,0,0
130072,3,1,0,0,0,0,0,0,0,0,0,0
130073,1,1,31,31,31,31,31,31,31,31,31,31
130073,2,1,0,0,0,0,0,0,0,0,0,0
130073,3,1,0,0,0,0,0,0,0,0,0,0
130074,1,1,12,12,12,12,12,12,12,12,12,12
130074,2,1,0,0,0,0,0,0,0,0,0,0
130075,1,1,0,0,0,0,0,0,0,0,0,0
130075,2,1,13,13,13,13,13,13,13,13,13,13
130076,1,1,0,0,0,0,14,0,0,21,0,0
130077,0,1,0,0,0,0,0,0,0,0,0,0
130077,1,1,17,0,10,0,0,0,0,0,0,0
130078,1,1,0,0,0,0,0,0,0,0,0,0
130078,2,1,0,0,0,0,0,0,0,0,9,0
130078,3,1,0,0,0,0,0,0,0,0,0,31
130079,1,1,0,0,0,0,0,0,0,0,0,0
130079,2,1,26,9,0,0,0,0,0,0,0,0
130080,1,1,0,0,0,0,0,26,0,0,0,0
130081,0,1,0,0,0,0,0,0,0,0,0,0
130081,1,1,0,0,0,0,0,0,0,0,0,0
130082,1,1,12,12,12,12,12,12,12,12,12,12
130083,1,1,0,0,0,0,0,0,0,0,0,0
130084,0,1,0,0,0,0,0,0,0,0,0,0
130084,1,1,0,0,0,0,0,0,0,0,0,0
130085,1,1,0,0,0,0,0,0,0,0,0,0
130085,2,1,0,0,0,0,0,0,0,28,0,0
130086,1,1,0,0,0,0,0,0,0,0,0,0
130086,2,1,0,0,0,0,0,0,0,7,21,0
130087,1,1,0,0,0,0,0,0,0,0,0,0
130087,2,1,40,40,40,40,40,40,40,40,40,40
130088,1,1,0,0,0,0,0,0,0,0,0,0
130089,1,1,0,0,0,0,0,0,0,0,0,0
130089,2,1,0,0,0,0,0,0,0,0,0,0
130090,1,1,0,24,0,0,0,0,0,0,0,0
130090,2,1,0,0,0,0,0,0,0,0,0,0
130091,1,1,0,0,0,0,0,0,0,0,0,0