ST_CASE,VEH_NO,PER_NO,P1,P2,P3,P4,P5,P6,P7,P8,P9,P10
130091,2,1,0,0,0,0,0,0,0,0,0,0
130092,1,1,0,0,0,0,0,0,0,0,0,0
130092,2,1,0,0,0,0,0,0,0,0,0,0
130093,0,1,27,27,27,27,27,27,27,27,27,27
130093,1,1,0,0,0,0,0,0,0,0,0,0
130094,1,1,8,8,8,8,8,8,8,8,8,8
130095,0,1,40,40,40,40,40,40,40,40,40,40
130095,1,1,0,0,0,0,0,0,0,0,0,0
130096,1,1,26,26,26,26,26,26,26,26,26,26
130097,1,1,0,0,0,0,0,0,0,0,0,0
130098,1,1,0,0,0,0,0,0,0,0,0,0
130099,1,1,3,3,3,3,3,3,3,3,3,3
130099,2,1,0,0,0,0,9,0,0,20,17,0
130099,3,1,0,0,0,0,0,0,0,0,0,0
130100,1,1,11,11,11,11,11,11,11,11,11,11
130101,1,1,10,10,10,10,10,10,10,10,10,10
130102,1,1,0,0,0,25,0,0,0,0,0,0
130102,2,1,0,0,0,0,0,0,0,0,0,0
130103,1,1,0,0,0,0,0,0,16,0,0,0
130105,1,1,0,0,0,0,0,0,0,0,0,0
130105,2,1,0,0,0,0,0,0,0,0,0,0
130106,1,1,0,0,0,9,0,0,0,0,0,0
130106,2,1,0,0,0,0,0,0,0,0,0,0
130107,1,1,19,19,19,19,19,19,19,19,19,19
130108,1,1,0,0,0,0,0,0,0,0,0,0
130108,2,1,0,0,0,0,0,0,0,0,0,0
130110,1,1,0,0,0,0,0,0,0,0,0,0
130111,1,1,0,0,0,0,28,0,0,0,0,10
130111,2,1,0,0,0,0,0,0,0,0,0,0
130112,1,1,6,6,6,6,6,6,6,6,6,6
130112,2,1,0,0,0,0,0,0,0,0,0,0
130113,1,1,0,0,0,0,0,0,10,0,0,0
130113,2,1,0,0,0,0,0,0,0,0,0,0
130114,1,1,0,0,0,0,0,0,0,0,0,0
130114,2,1,0,0,0,0,0,0,0,0,0,0
130114,3,1,0,0,0,0,0,0,0,0,0,0
130115,1,1,0,0,0,0,0,0,0,0,0,0
130115,2,1,0,0,0,0,0,0,0,0,0,0
130115,3,1,0,0,0,0,0,0,0,0,0,0
130116,0,1,21,21,21,21,21,21,21,21,21,21
130116,1,1,0,0,15,0,0,0,0,0,0,0
130117,1,1,0,0,0,0,0,0,0,0,0,0
130117,2,1,0,0,0,0,0,0,0,0,0,0
130118,1,1,9,9,9,9,9,9,9,9,9,9
130119,1,1,0,0,0,0,0,0,0,0,0,0
130120,1,1,0,0,0,17,0,0,0,0,0,0
130121,0,1,0,0,0,0,0,0,0,0,0,0
130121,1,1,0,0,0,0,0,0,0,6,0,0
130122,1,1,0,28,22,0,34,0,4,20,0,14
130122,2,1,0,0,0,0,0,0,0,0,0,0
130123,0,1,0,0,0,0,0,0,0,0,26,6
130123,1,1,0,0,0,24,0,0,0,0,0,0
130124,1,1,31,31,31,31,31,31,31,31,31,31
130125,1,1,16,16,16,16,16,16,16,16,16,16
130126,1,1,0,0,0,0,0,0,0,11,0,0
130127,1,1,0,0,0,0,0,0,0,0,0,0
130127,2,1,0,0,0,0,0,0,0,0,0,0
130128,1,1,0,0,0,0,0,0,0,0,19,10
130129,1,1,0,0,0,0,0,0,0,0,0,0
130130,1,1,0,0,0,0,0,0,0,0,0,0
130130,2,1,0,0,0,0,0,0,0,0,0,0
130131,0,1,0,0,0,0,0,0,0,0,0,0
130131,1,1,0,0,0,0,0,0,0,0,0,0
130132,1,1,0,0,0,16,0,0,0,0,0,0
130133,0,1,0,0,0,0,0,0,0,24,0,33
130133,1,1,13,13,13,13,13,13,13,13,13,13
130134,1,1,0,0,0,0,0,0,0,0,0,0
130135,1,1,0,0,0,0,0,0,0,0,0,0
130136,1,1,0,0,0,0,0,0,0,0,0,0
130137,1,1,0,13,22,26,4,27,10,18,8,0
130137,2,1,0,0,0,0,0,0,0,0,0,0
130138,1,1,14,8,29,24,8,12,7,31,13,18
130139,1,1,0,0,0,0,0,0,0,0,0,0
130139,2,1,0,0,0,4,0,0,0,0,0,0
130140,1,1,12,0,0,16,15,0,0,0,0,0
130141,1,1,0,0,0,0,0,0,0,0,0,0
130141,2,1,0,0,0,0,0,0,0,0,0,0
130142,1,1,28,28,28,28,28,28,28,28,28,28
130143,1,1,24,24,24,24,24,24,24,24,24,24
130144,1,1,13,13,13,13,13,13,13,13,13,13
130145,1,1,0,0,0,0,0,0,0,0,0,0
130145,2,1,0,0,0,0,0,0,0,0,0,0
130146,1,1,0,0,0,0,0,0,0,0,0,0
130146,2,1,0,0,0,0,0,0,0,0,0,0
130147,0,1,28,28,28,28,28,28,28,28,28,28
130147,1,1,0,0,0,0,0,0,0,0,0,0
130148,0,1,0,0,0,0,0,0,0,0,0,0
130148,1,1,0,0,0,0,0,0,0,0,0,0
130149,0,1,20,20,20,20,20,20,20,20,20,20
130149,1,1,0,0,0,0,0,0,0,0,0,0
130150,1,1,0,0,0,0,0,0,0,0,0,0
130151,1,1,11,11,11,11,11,11,11,11,11,11
130152,1,1,0,0,0,0,0,0,0,0,0,0
130152,2,1,0,0,0,0,0,0,0,0,0,0
130153,1,1,0,0,0,0,0,0,17,0,0,0
130153,2,1,0,0,0,0,0,0,0,0,0,0
130153,3,1,0,0,0,0,0,0,0,0,0,0
130154,1,1,12,12,12,12,12,12,12,12,12,12
130155,1,1,0,0,0,0,0,0,0,0,0,0
130156,1,1,0,0,0,0,0,0,0,0,0,0
130156,2,1,0,0,0,0,0,0,0,0,0,0
130157,1,1,11,11,11,11,11,11,11,11,11,11
130158,1,1,0,0,0,0,0,0,0,0,0,0
130159,1,1,10,10,10,10,10,10,10,10,10,10
130159,2,1,0,0,0,0,0,0,0,0,0,0
130160,1,1,0,0,0,0,0,0,0,0,0,0
130161,1,1,0,0,21,0,8,0,0,0,0,0
130162,1,1,0,0,0,0,0,0,0,0,0,0
130163,1,1,6,6,6,6,6,6,6,6,6,6
130164,1,1,23,23,23,23,23,23,23,23,23,23
130165,1,1,0,0,0,0,0,0,0,0,0,0
130165,2,1,30,30,30,30,30,30,30,30,30,30
130166,1,1,0,0,0,0,0,0,0,0,0,0
130167,1,1,0,0,0,0,0,0,0,0,0,0
130168,1,1,0,0,0,0,0,0,0,0,0,0
130169,1,1,0,0,0,0,0,0,0,0,0,0
130169,2,1,11,11,11,11,11,11,11,11,11,11
130170,1,1,15,15,15,15,15,15,15,15,15,15
130170,2,1,3,3,3,3,3,3,3,3,3,3
130171,1,1,0,0,0,9,0,0,0,0,0,0
130172,1,1,0,0,0,0,0,0,0,0,0,0
130172,2,1,12,0,0,0,0,0,0,0,0,0
130172,3,1,0,0,4,0,0,0,0,0,0,0
130172,4,1,20,0,0,0,0,30,0,0,15,0
130173,1,1,9,23,31,13,19,17,9,19,15,26
130174,1,1,0,0,0,0,0,0,0,0,0,0
130174,2,1,0,0,0,0,0,0,0,0,0,0
130175,1,1,0,0,0,5,0,0,0,9,0,0
130175,2,1,0,0,0,0,0,0,0,0,0,0
130176,0,1,0,0,0,0,0,0,0,0,0,0
130176,1,1,0,0,24,0,0,0,0,0,0,11
130177,1,1,18,18,18,18,18,18,18,18,18,18
130177,2,1,0,0,0,0,0,0,0,0,0,0
130178,0,1,0,0,0,0,0,0,0,0,0,0
130178,1,1,0,0,0,16,0,0,0,0,0,0
130179,0,1,0,0,0,0,0,0,0,0,0,0
130179,1,1,0,0,0,0,0,0,0,0,0,0
130180,1,1,0,0,0,0,0,0,0,0,0,0
130180,2,1,0,0,0,0,0,0,0,0,0,0
130181,1,1,0,0,0,0,0,0,0,0,0,0
130181,2,1,0,0,0,0,0,0,0,0,0,0
130181,3,1,0,0,0,0,0,0,0,0,0,0
130182,1,1,0,0,0,0,0,0,0,0,0,0
130182,2,1,0,0,0,0,0,0,0,0,0,0
130183,0,1,19,19,19,19,19,19,19,19,19,19
130183,1,1,0,0,0,0,0,0,0,0,0,0
130184,1,1,11,11,11,11,11,11,11,11,11,11
130185,1,1,0,0,0,0,0,0,0,0,0,0
130185,2,1,0,0,0,0,0,0,0,0,0,0
130186,1,1,25,25,25,25,25,25,25,25,25,25
130186,2,1,0,0,0,0,0,0,0,0,0,0
130187,1,1,19,19,19,19,19,19,19,19,19,19
130187,2,1,0,0,0,0,0,0,0,0,0,0
130188,0,1,0,0,0,0,0,0,0,0,0,0
130188,1,1,0,0,0,0,0,0,0,0,0,0
130189,1,1,0,0,0,0,0,0,0,0,0,0
130190,1,1,0,0,0,0,0,0,0,0,0,0
130190,2,1,0,0,0,0,0,0,0,0,0,0
130191,0,1,6,6,6,6,6,6,6,6,6,6
130191,1,1,0,0,0,0,0,0,0,0,0,0
130192,1,1,24,24,24,24,24,24,24,24,24,24
130192,2,1,0,5,0,0,0,0,0,12,0,0
130193,1,1,13,13,13,13,13,13,13,13,13,13
130193,2,1,0,0,0,0,0,0,0,0,0,0
130194,1,1,0,0,0,0,0,20,0,0,0,11
130194,2,1,0,0,0,0,0,0,0,14,0,0
130195,1,1,0,0,0,0,0,0,0,0,0,0
130196,1,1,0,0,0,0,0,0,0,0,0,0
130196,2,1,0,0,0,0,0,0,0,0,0,0
130196,3,1,0,0,0,0,0,0,0,0,0,0
130196,4,1,0,0,0,0,0,0,0,0,0,0
130197,0,1,0,0,28,0,0,25,0,10,0,0
130197,1,1,0,0,0,0,0,0,0,0,0,0
130198,1,1,0,0,0,0,0,0,0,0,0,0
130198,2,1,13,13,13,13,13,13,13,13,13,13
130199,1,1,0,0,0,0,0,0,0,0,0,0
130199,2,1,0,0,0,0,0,0,0,0,0,0
130199,3,1,0,0,0,0,0,0,0,0,0,0
130199,4,1,0,0,0,0,0,0,0,0,0,0
130199,5,1,0,0,0,0,0,0,0,14,0,0
130200,1,1,0,0,18,0,0,0,0,0,7,0
130201,1,1,0,0,0,0,0,0,0,0,0,0
130201,2,1,0,0,17,0,0,0,0,0,0,0
130202,1,1,0,0,0,0,0,0,0,0,0,0
130202,2,1,0,0,0,0,0,0,0,0,0,0
130203,1,1,0,0,0,0,0,0,0,0,0,0
130203,2,1,0,0,0,0,0,0,0,0,0,0
130204,1,1,0,0,0,0,0,0,0,0,0,0
130205,1,1,0,0,0,0,0,0,0,0,0,0
130205,2,1,0,0,0,0,0,0,0,0,0,0
130206,1,1,0,0,0,0,0,0,0,0,0,0
130207,0,1,10,13,23,15,0,0,0,17,14,18
130207,1,1,0,19,0,0,0,0,0,0,0,0
130208,1,1,0,0,0,0,0,0,0,0,0,0
130209,1,1,24,24,24,24,24,24,24,24,24,24
130209,2,1,0,0,0,0,0,0,0,0,0,0
130210,1,1,8,8,8,8,8,8,8,8,8,8
130210,2,1,25,0,0,0,0,0,0,0,0,0
130211,1,1,0,0,0,0,0,0,21,0,0,0
130212,0,1,12,12,12,12,12,12,12,12,12,12
130212,1,1,0,0,0,0,0,0,0,0,0,0
130213,1,1,15,15,15,15,15,15,15,15,15,15
130213,2,1,0,0,0,0,0,0,0,0,0,0
130214,1,1,24,0,4,3,0,0,0,0,0,0
130214,2,1,0,0,0,0,0,0,0,0,0,0
130215,0,1,0,0,0,0,0,0,0,0,0,0
130215,1,1,2,18,19,11,21,17,18,12,24,16
130216,1,1,0,0,0,0,0,0,0,0,0,0
130216,2,1,2,2,2,2,2,2,2,2,2,2
130217,1,1,0,0,0,0,0,0,0,0,0,0
130218,1,1,8,8,8,8,8,8,8,8,8,8
130219,1,1,15,16,16,16,13,0,19,20,17,23
130220,1,1,0,0,0,0,0,0,0,0,0,0
130221,1,1,0,0,0,0,0,0,0,0,0,17
130221,2,1,0,0,0,0,0,0,0,0,0,0
130222,1,1,24,24,24,24,24,24,24,24,24,24
130223,0,1,0,0,0,0,0,0,0,0,0,0
130223,1,1,0,0,0,0,0,0,0,0,0,0
130224,1,1,0,0,0,0,0,0,0,0,0,0
130225,1,1,0,0,0,0,0,0,0,0,0,0
130226,1,1,0,0,0,0,0,0,0,0,0,0
130226,2,1,0,0,0,0,0,0,0,0,0,0
130227,1,1,0,7,0,12,0,0,0,0,0,0
130228,0,1,0,0,0,0,0,0,0,0,0,0
130228,1,1,0,0,0,0,0,12,0,0,0,0
130229,1,1,0,0,0,0,0,0,0,0,0,12
130230,1,1,0,0,0,0,7,0,0,10,0,0
130231,1,1,0,0,0,0,0,0,0,0,0,0
130232,1,1,21,9,30,4,0,12,7,10,21,21
130233,0,1,0,0,0,0,0,0,0,0,0,0
130233,1,1,0,0,0,0,0,0,0,0,0,0
130234,1,1,0,0,0,0,0,0,0,0,0,17
130235,0,1,0,0,0,0,0,0,0,0,0,0
130235,1,1,0,0,0,0,0,0,0,0,0,0
130236,1,1,0,0,0,0,0,0,0,0,0,0
130236,2,1,0,0,0,0,0,0,0,0,0,0
130237,1,1,0,0,0,0,0,0,0,15,0,0
130237,2,1,0,0,0,0,0,0,0,0,0,0
130238,1,1,0,0,0,0,0,0,0,0,0,0
130239,0,1,0,0,0,0,0,0,0,0,0,0
130239,1,1,0,0,0,0,17,0,0,0,0,0
130240,1,1,15,0,17,21,14,0,3,0,0,12
130241,1,1,32,13,12,26,33,20,26,22,10,3
130242,1,1,18,18,18,18,18,18,18,18,18,18
130242,2,1,0,0,0,0,0,0,7,0,0,0
130243,1,1,17,17,17,17,17,17,17,17,17,17
130244,1,1,0,0,0,0,0,0,0,0,0,0
130245,1,1,19,16,13,0,38,26,17,42,0,0
130246,1,1,0,0,3,0,0,14,0,0,0,0
130247,1,1,0,0,0,0,0,0,0,0,0,0
130248,1,1,0,0,0,0,0,0,0,0,0,0
130248,2,1,0,0,0,0,0,0,0,0,0,0
130249,1,1,0,0,0,0,0,0,20,0,0,0
130249,2,1,0,0,0,0,0,0,0,0,0,0
130249,3,1,0,0,0,0,0,0,0,0,0,0
130249,4,1,12,0,0,0,0,0,0,0,0,0
130250,1,1,36,36,36,36,36,36,36,36,36,36
130250,2,1,0,0,0,0,0,0,0,0,0,0
130251,1,1,16,16,16,16,16,16,16,16,16,16
130251,2,1,0,0,0,0,0,0,0,0,0,0
130251,3,1,0,0,0,0,0,0,0,0,0,17
130251,4,1,4,0,0,0,0,0,0,34,0,0
130251,5,1,0,0,0,18,0,26,0,0,0,0
130251,6,1,0,0,0,0,0,0,0,0,0,0
130252,1,1,0,0,0,0,0,0,0,0,0,0
130252,2,1,0,0,0,0,0,0,0,0,0,0
130252,3,1,0,0,0,0,0,0,0,0,0,0
130253,1,1,0,0,12,0,28,0,0,0,0,0
130253,2,1,26,26,26,26,26,26,26,26,26,26
130253,3,1,0,0,0,0,0,0,0,0,0,0
130253,4,1,0,11,0,0,0,0,0,0,0,0
130254,1,1,0,0,0,0,0,0,0,0,0,0
130254,2,1,0,0,0,0,0,0,0,0,0,0
130255,1,1,0,0,0,0,0,0,0,0,0,0
130255,2,1,0,0,0,0,0,0,0,0,0,0
130256,1,1,0,0,0,0,0,0,0,0,0,0
130257,1,1,0,0,0,0,0,0,0,0,0,0
130257,2,1,0,0,0,0,0,0,0,0,0,0
130258,1,1,0,0,0,0,0,0,0,0,0,0
130259,1,1,0,0,0,0,0,0,0,0,0,0
130260,1,1,0,0,0,0,0,0,0,0,0,0
130260,2,1,0,0,0,0,0,0,0,0,0,0
130261,1,1,25,0,28,21,0,17,22,36,13,20
130262,1,1,0,0,0,0,0,0,0,0,0,0
130262,2,1,0,0,0,0,0,0,0,0,0,0
130263,1,1,0,0,0,0,0,0,0,0,0,0
130264,1,1,0,0,0,0,0,0,0,0,0,0
130264,2,1,22,22,22,22,22,22,22,22,22,22
130265,0,1,2,2,2,2,2,2,2,2,2,2
130265,1,1,0,0,0,0,21,0,0,0,0,0
130266,0,1,32,32,32,32,32,32,32,32,32,32
130266,1,1,0,0,0,0,0,17,18,0,0,0
130267,1,1,10,10,10,10,10,10,10,10,10,10
130267,2,1,0,0,0,0,0,0,0,0,0,0
130268,1,1,10,10,10,10,10,10,10,10,10,10
130269,1,1,0,0,0,0,0,0,0,0,0,0
130269,2,1,0,0,0,0,0,0,0,0,0,0
130270,1,1,0,0,0,0,0,0,0,0,0,0
130270,2,1,0,0,0,0,0,0,0,0,0,0
130270,3,1,0,0,0,0,0,0,0,0,0,0
130271,0,1,0,0,35,6,0,5,0,0,24,0
130271,1,1,0,0,0,0,0,0,0,0,0,0
130272,0,1,7,7,7,7,7,7,7,7,7,7
130272,1,1,0,0,6,0,15,0,0,0,0,0
130273,0,1,25,25,25,25,25,25,25,25,25,25
130273,1,1,0,0,0,0,0,0,0,0,0,47
130274,1,1,0,0,0,0,0,0,0,0,0,0
130274,2,1,0,0,0,0,0,0,0,0,0,0
130275,1,1,25,25,25,25,25,25,25,25,25,25
130275,2,1,0,0,0,0,0,0,0,0,0,0
130276,1,1,0,0,0,0,0,0,0,0,0,0
130277,1,1,0,0,0,0,0,0,0,0,0,0
130278,0,1,0,0,0,0,0,0,0,0,0,0
130278,1,1,0,0,0,0,0,0,0,0,0,0
130279,1,1,0,0,0,0,0,0,0,0,0,0
130280,1,1,0,0,0,0,0,0,0,0,0,0
130281,1,1,32,32,32,32,32,32,32,32,32,32
130282,0,1,0,0,0,0,0,0,0,0,0,0
130282,1,1,0,0,0,0,0,0,0,69,0,0
130283,1,1,0,0,0,0,0,21,0,0,0,0
130283,2,1,0,0,0,0,0,0,0,0,0,0
130284,0,1,0,0,0,0,0,0,0,0,0,0
130284,1,1,0,0,0,0,24,0,0,0,0,0
130285,1,1,0,0,0,0,0,0,0,0,0,0
130286,1,1,0,0,0,0,0,0,0,0,0,0
130286,2,1,0,0,0,0,29,0,12,0,0,25
130287,1,1,0,0,0,0,0,0,0,0,0,0
130288,1,1,25,25,25,25,25,25,25,25,25,25
130289,1,1,0,0,0,0,0,0,0,0,0,0
130289,2,1,0,0,0,0,0,0,0,0,0,0
130290,0,1,0,0,0,0,0,0,0,0,0,0
130290,1,1,15,18,16,15,11,0,15,32,0,19
130291,1,1,0,0,0,0,0,0,0,0,0,0
130292,1,1,22,17,7,15,12,25,11,13,15,9
130292,2,1,0,0,0,0,0,0,0,0,0,0
130293,0,1,0,0,0,0,0,0,0,0,15,0
130293,1,1,0,0,0,0,0,0,0,0,0,0
130293,2,1,0,0,0,0,0,0,0,0,0,0
130294,1,1,0,0,0,0,0,0,0,0,0,0
130295,1,1,0,0,0,0,0,0,0,0,10,0
130295,2,1,0,0,0,0,0,0,0,0,0,0
130296,1,1,0,0,0,0,0,0,0,0,0,0
130296,2,1,0,0,0,0,0,0,0,0,0,0
130297,1,1,0,0,0,0,28,17,0,0,0,0
130298,1,1,0,0,0,0,0,0,0,0,0,0
130298,2,1,0,0,0,0,0,0,0,0,0,0
130299,0,1,0,0,0,0,0,0,0,0,0,0
130299,1,1,0,0,0,0,0,0,0,0,0,0
130300,1,1,0,0,0,36,0,0,0,0,0,0
130301,1,1,0,0,0,0,0,0,0,0,0,0
130301,2,1,0,0,0,0,0,0,0,0,0,0
130302,0,1,0,0,22,0,0,0,14,0,0,0
130302,1,1,0,0,0,0,5,0,0,0,0,0
130303,1,1,0,0,0,0,0,0,0,0,0,0
130303,2,1,0,0,0,0,0,0,0,0,0,0
130304,1,1,0,0,0,15,0,0,0,0,0,0
130304,2,1,2,2,2,2,2,2,2,2,2,2
130305,1,1,0,0,0,0,0,31,0,0,0,7
130306,1,1,0,0,0,0,0,0,0,0,0,0
130306,2,1,0,0,0,0,0,0,0,0,0,0
130306,3,1,0,35,0,0,0,0,0,0,0,0
130306,4,1,0,0,0,0,0,0,0,0,0,0
130307,0,1,0,0,0,0,0,0,0,0,0,0
130307,1,1,0,0,0,0,0,0,0,0,0,0
130308,1,1,32,32,32,32,32,32,32,32,32,32
130309,1,1,0,0,0,0,0,0,0,0,0,0
130309,2,1,0,0,13,14,0,0,6,0,0,0
130310,1,1,0,0,0,0,0,0,0,0,0,0
130310,2,1,0,0,0,0,0,0,0,0,0,0
130311,1,1,0,0,0,0,0,0,0,0,0,0
130311,2,1,0,0,0,0,0,0,0,0,0,0
130312,1,1,0,0,0,0,0,0,0,0,0,0
130313,1,1,0,0,0,0,0,0,0,0,0,0
130313,2,1,0,0,0,0,0,0,0,0,0,0
130313,3,1,0,0,0,0,0,0,17,0,0,0
130314,1,1,0,0,0,0,0,0,0,0,0,0
130314,2,1,0,0,0,0,0,0,0,0,0,0
130315,1,1,0,0,0,0,0,0,0,0,0,0
130315,2,1,0,0,0,0,0,0,0,0,0,0
130316,0,1,16,16,16,16,16,16,16,16,16,16
130316,1,1,0,0,0,0,0,0,0,0,0,0
130317,1,1,18,26,3,20,0,12,0,16,0,0
130318,1,1,0,0,0,0,0,0,0,0,0,0
130318,2,1,0,0,0,15,0,0,0,0,0,0
130319,1,1,25,25,25,25,25,25,25,25,25,25
130320,1,1,8,25,24,0,0,0,0,0,0,0
130321,1,1,19,19,19,19,19,19,19,19,19,19
130322,0,1,10,10,10,10,10,10,10,10,10,10
130322,1,1,0,0,12,18,0,25,0,16,16,12
130323,1,1,0,0,0,0,0,0,0,0,0,0
130323,2,1,0,0,0,0,0,0,0,0,0,0
130324,1,1,12,0,0,0,0,0,0,0,0,0
130324,2,1,11,11,11,11,11,11,11,11,11,11
130325,1,1,0,0,0,0,0,0,0,0,0,0
130325,2,1,0,0,0,0,0,0,0,0,0,0
130326,1,1,10,10,10,10,10,10,10,10,10,10
130327,1,1,0,0,0,0,0,0,0,0,0,0
130327,2,1,0,0,0,0,0,0,0,0,0,0
130328,1,1,0,0,0,0,0,0,0,0,0,0
130329,0,1,0,0,29,0,9,22,0,0,28,11
130329,1,1,0,0,0,0,0,0,0,0,0,0
130330,1,1,17,17,17,17,17,17,17,17,17,17
130330,2,1,0,0,0,0,0,0,0,0,0,0
130331,1,1,0,0,0,0,0,0,0,0,0,0
130332,1,1,0,0,0,0,0,0,0,0,0,0
130332,2,1,0,0,0,0,0,0,0,0,0,0
130333,1,1,0,0,8,0,0,0,0,3,0,0
130333,2,1,0,0,0,0,0,0,0,0,0,0
130334,1,1,0,0,0,0,0,0,0,0,0,0
130335,1,1,0,0,0,0,0,0,0,0,0,0
130335,2,1,0,0,0,0,0,0,0,0,0,0
130336,1,1,0,0,0,0,0,18,0,10,0,0
130337,1,1,19,19,19,19,19,19,19,19,19,19
130338,1,1,0,0,0,0,0,0,0,0,0,0
130339,1,1,0,0,0,0,0,0,0,0,0,0
130339,2,1,0,0,0,0,0,0,0,0,0,0
130340,1,1,0,0,0,0,0,0,0,0,0,0
130340,2,1,0,0,0,0,0,0,0,0,0,0
130341,0,1,0,0,0,0,0,0,0,0,0,0
130341,1,1,0,0,0,0,0,0,0,0,0,0
130342,1,1,0,0,0,0,0,0,0,0,0,0
130342,2,1,0,0,0,0,0,0,0,0,0,0
130342,3,1,0,0,0,17,0,0,0,0,0,0
130343,1,1,0,0,0,0,0,0,0,0,0,0
130344,1,1,0,0,0,0,0,0,0,0,0,0
130345,0,1,0,0,0,0,0,0,0,0,0,0
130345,1,1,0,9,0,0,0,0,0,0,0,0
130346,0,1,0,0,0,0,0,0,0,0,0,0
130346,1,1,9,9,9,9,9,9,9,9,9,9
130347,1,1,8,8,8,8,8,8,8,8,8,8
130347,2,1,0,0,0,0,0,0,0,0,0,0
130348,1,1,12,0,0,0,0,0,0,0,0,0
130349,1,1,0,0,0,6,20,6,0,0,0,0
130349,2,1,0,0,8,12,0,0,9,9,11,12
130349,3,1,0,0,0,0,0,0,0,0,0,0
130350,1,1,7,0,0,18,0,24,16,0,30,0
130351,1,1,0,0,0,0,0,0,0,0,0,0
130352,1,1,0,0,0,0,0,0,0,0,0,0
130353,1,1,2,2,2,2,2,2,2,2,2,2
130354,1,1,0,0,0,0,0,0,0,0,0,0
130355,1,1,0,0,0,0,0,0,0,0,0,0
130355,2,1,0,0,0,0,0,0,0,0,0,0
130356,1,1,0,0,0,0,0,0,0,0,0,0
130357,1,1,0,0,0,0,0,0,0,0,0,0
130357,2,1,0,0,0,0,0,0,0,0,0,0
130358,1,1,0,0,0,0,0,0,0,0,0,0
130358,2,1,0,0,0,0,0,0,0,0,0,0
130358,3,1,0,0,0,0,0,0,0,0,0,0
130359,1,1,0,0,0,0,0,0,0,0,0,0
130360,1,1,0,0,0,0,0,0,0,0,0,0
130361,0,1,16,16,16,16,16,16,16,16,16,16
130361,1,1,0,0,0,0,0,0,0,0,0,9
130362,1,1,0,0,0,0,0,0,27,0,0,0
130362,2,1,0,4,0,0,0,0,0,0,0,0
130363,0,1,0,0,0,0,46,0,0,0,0,0
130363,1,1,0,0,0,0,0,0,0,0,0,0
130364,1,1,28,16,15,0,28,12,0,10,0,0
130365,0,1,11,0,0,28,0,22,0,0,17,0
130365,1,1,0,0,0,0,0,0,0,0,0,0
130366,1,1,0,0,0,0,0,0,0,0,0,0
130367,0,1,0,0,0,0,0,0,0,0,0,0
130367,1,1,13,0,0,0,16,0,0,0,0,0
130368,1,1,0,0,0,0,0,0,0,0,0,0
130369,1,1,0,0,0,0,0,0,0,0,0,0
130369,2,1,0,0,0,0,0,0,0,0,0,0
130370,1,1,12,0,0,0,0,0,0,28,0,0
130370,2,1,0,0,0,0,0,0,0,0,0,0
130371,1,1,0,0,0,15,0,0,0,0,0,0
130371,2,1,0,0,0,13,0,0,0,0,0,0
130372,1,1,0,0,0,0,0,0,0,0,0,0
130373,0,1,7,7,7,7,7,7,7,7,7,7
130373,1,1,0,0,0,0,0,0,0,0,0,0
130374,1,1,0,0,0,0,0,0,0,0,0,0
130375,1,1,8,8,8,8,8,8,8,8,8,8
130376,1,1,0,0,0,0,0,0,0,0,0,0
130376,2,1,30,0,0,0,30,0,0,21,0,0
130376,3,1,0,0,0,0,0,0,0,0,0,0
130377,0,1,17,17,17,17,17,17,17,17,17,17
130377,1,1,0,0,0,19,0,0,0,0,25,12
130378,1,1,7,0,15,0,0,19,0,0,14,0
130378,2,1,0,0,0,0,0,0,0,0,0,0
130379,1,1,0,0,0,0,0,0,0,0,0,0
130379,2,1,0,0,0,0,0,0,0,0,0,0
130380,0,1,0,0,0,0,0,0,0,0,0,0
130380,1,1,0,0,0,0,0,0,0,0,0,0
130381,1,1,0,0,0,0,0,0,0,0,0,0
130381,2,1,0,0,0,0,0,0,0,0,0,0
130382,1,1,12,13,7,0,8,0,0,15,0,0
130383,1,1,0,0,0,0,0,0,32,0,0,0
130384,1,1,0,0,0,0,0,0,0,0,0,0
130385,1,1,0,0,0,0,0,0,0,0,0,0
130385,2,1,0,0,0,0,0,0,0,0,0,0
130385,3,1,0,0,0,0,0,0,0,0,0,0
130385,4,1,0,0,0,0,0,0,0,0,0,0
130385,5,1,0,0,0,0,0,0,27,0,0,0
130385,6,1,0,0,0,0,0,0,0,10,0,0
130385,7,1,0,0,0,0,0,0,0,0,0,0
130386,0,1,0,0,25,14,0,0,29,12,27,30
130386,1,1,0,0,0,0,0,0,0,0,0,0
130387,1,1,0,0,0,0,0,0,0,0,0,0
130388,1,1,0,0,0,0,0,0,0,0,0,0
130388,2,1,0,0,0,0,0,0,0,0,0,0
130389,1,1,0,0,0,0,0,0,0,0,0,0
130389,2,1,0,0,10,0,0,0,0,0,0,0
130389,3,1,0,0,0,0,0,0,13,0,0,0
130390,1,1,0,0,0,0,0,0,0,0,0,0
130390,2,1,9,0,0,5,0,6,0,10,22,0
130391,1,1,18,0,0,0,20,0,7,0,0,14
130392,1,1,0,0,0,0,0,0,0,0,0,0
130392,2,1,20,23,0,0,0,12,0,0,0,0
130393,1,1,20,20,20,20,20,20,20,20,20,20
130394,1,1,0,0,0,0,0,0,0,0,0,0
130395,1,1,0,0,0,0,0,0,0,0,0,0
130396,1,1,0,0,0,0,0,0,0,0,0,0
130396,2,1,0,0,0,0,0,0,16,0,0,0