ST_CASE,VEH_NO,PER_NO,P1,P2,P3,P4,P5,P6,P7,P8,P9,P10
130397,1,1,0,0,0,0,0,0,0,0,0,0
130397,2,1,0,0,0,0,0,0,0,0,0,0
130398,1,1,25,25,25,25,25,25,25,25,25,25
130398,2,1,0,0,0,0,0,0,0,0,0,0
130399,1,1,0,0,0,0,0,0,0,0,0,0
130399,2,1,0,0,0,0,0,0,0,0,0,0
130400,0,1,16,16,16,16,16,16,16,16,16,16
130400,1,1,0,0,0,0,0,0,0,0,0,0
130401,0,1,7,7,7,7,7,7,7,7,7,7
130401,1,1,0,0,0,0,0,0,0,0,0,0
130401,2,1,0,0,0,0,0,0,0,0,0,0
130402,1,1,0,18,0,12,6,0,0,0,0,0
130402,2,1,0,0,0,0,0,0,0,0,0,0
130402,3,1,0,12,0,0,0,0,0,0,0,0
130403,1,1,0,0,0,0,0,0,0,0,0,0
130404,1,1,12,12,12,12,12,12,12,12,12,12
130405,1,1,11,11,11,11,11,11,11,11,11,11
130405,2,1,0,0,0,0,0,0,0,0,9,0
130406,1,1,18,11,29,19,28,26,22,14,18,30
130407,1,1,0,0,0,0,0,0,0,0,0,0
130408,0,1,3,3,3,3,3,3,3,3,3,3
130408,1,1,0,0,23,0,0,10,8,0,0,14
130409,1,1,0,0,0,0,0,0,0,0,0,0
130409,2,1,0,0,0,0,0,0,0,0,0,0
130410,1,1,0,0,0,0,0,0,0,0,0,0
130410,2,1,0,0,0,0,0,0,0,0,0,0
130411,1,1,0,0,30,0,0,0,0,0,0,0
130411,2,1,0,0,0,0,0,0,13,12,0,0
130412,1,1,0,0,0,0,0,0,0,0,0,0
130413,0,1,27,27,27,27,27,27,27,27,27,27
130413,1,1,0,0,0,0,0,0,0,0,0,0
130414,0,1,0,0,0,0,0,0,0,0,0,0
130414,0,2,4,0,0,0,0,32,0,0,0,0
130414,0,3,0,0,0,0,0,0,0,0,10,0
130414,0,4,0,0,0,0,0,0,0,0,0,0
130414,1,1,0,0,0,0,0,0,0,0,0,0
130415,1,1,0,0,0,0,0,0,0,0,0,0
130416,1,1,0,0,0,0,0,0,18,0,0,0
130417,1,1,2,2,2,2,2,2,2,2,2,2
130418,1,1,0,0,0,0,0,0,0,0,0,0
130419,1,1,0,0,0,0,0,0,0,14,0,0
130419,2,1,0,0,0,0,0,0,0,0,0,0
130420,1,1,0,0,0,0,0,0,0,0,0,0
130421,1,1,0,0,0,13,0,0,0,0,0,0
130421,2,1,0,0,0,0,0,0,0,0,0,0
130422,1,1,17,9,32,6,12,20,0,5,28,0
130423,1,1,20,0,0,0,0,0,4,10,0,0
130423,2,1,0,0,0,26,0,5,0,0,6,0
130424,1,1,5,5,5,5,5,5,5,5,5,5
130425,1,1,0,0,0,0,0,0,0,0,0,0
130426,1,1,10,25,27,13,20,30,18,19,35,11
130427,1,1,0,0,0,0,0,0,0,0,0,0
130427,2,1,0,0,0,0,0,0,0,0,0,0
130428,1,1,0,0,0,0,0,0,12,0,22,0
130428,2,1,0,0,0,0,0,0,0,0,0,0
130430,1,1,23,23,23,23,23,23,23,23,23,23
130431,1,1,0,29,19,0,0,0,13,0,0,0
130432,1,1,0,0,0,0,0,0,0,0,0,0
130432,2,1,0,0,0,0,0,0,0,0,7,0
130433,1,1,10,10,10,10,10,10,10,10,10,10
130434,0,1,0,0,0,0,0,0,0,0,0,0
130434,1,1,11,11,11,11,11,11,11,11,11,11
130435,0,1,0,0,0,0,0,0,0,0,0,0
130435,1,1,0,0,0,0,0,23,0,0,0,0
130436,1,1,0,0,0,0,0,0,0,0,0,0
130437,0,1,0,0,0,0,0,0,0,0,0,0
130437,1,1,0,0,0,0,0,0,0,0,0,0
130439,1,1,0,0,0,0,0,0,0,0,0,0
130439,2,1,0,0,0,0,0,14,0,0,0,0
130440,1,1,0,0,0,0,0,0,0,0,0,0
130440,2,1,0,0,0,0,0,0,0,0,0,0
130441,1,1,30,27,23,7,23,22,14,16,19,19
130442,1,1,44,19,32,9,22,10,13,8,8,13
130443,1,1,6,6,6,6,6,6,6,6,6,6
130444,1,1,0,0,0,0,0,0,0,0,0,0
130444,2,1,0,0,0,0,0,0,0,0,0,0
130445,1,1,0,0,0,0,0,0,0,0,0,0
130445,2,1,0,0,0,0,0,0,0,0,0,0
130446,1,1,0,0,0,0,0,0,0,0,0,0
130447,0,1,0,0,0,0,0,0,0,32,0,0
130447,1,1,0,0,0,0,0,0,0,0,0,0
130448,1,1,15,15,15,15,15,15,15,15,15,15
130449,1,1,0,0,0,0,0,0,0,0,0,0
130450,1,1,0,0,0,0,0,0,0,0,0,0
130450,2,1,0,0,0,0,0,0,0,0,0,0
130451,1,1,0,0,0,0,0,0,0,0,0,0
130451,2,1,0,0,0,0,0,0,0,0,0,0
130452,1,1,0,0,17,0,0,0,16,0,0,0
130453,1,1,0,0,0,0,0,0,0,11,0,0
130453,2,1,0,0,0,0,0,0,0,0,0,0
130454,1,1,0,0,0,0,0,0,0,0,0,0
130454,2,1,0,0,0,0,0,0,0,0,0,0
130455,1,1,13,13,13,13,13,13,13,13,13,13
130456,0,1,0,0,0,0,0,0,0,0,13,0
130456,1,1,0,0,0,0,0,0,0,0,11,18
130457,1,1,0,0,0,0,0,0,0,0,0,0
130457,2,1,0,0,0,0,0,0,0,0,0,0
130458,1,1,0,0,0,0,0,0,0,0,0,0
130458,2,1,0,0,3,0,0,0,0,0,0,7
130459,1,1,0,0,0,0,0,0,0,0,0,0
130460,1,1,0,0,0,0,0,0,0,0,0,0
130460,2,1,0,0,0,0,0,0,0,0,0,0
130460,3,1,0,0,0,0,0,0,0,0,0,0
130461,1,1,23,23,23,23,23,23,23,23,23,23
130462,1,1,14,14,14,14,14,14,14,14,14,14
130462,2,1,24,24,24,24,24,24,24,24,24,24
130463,0,1,0,0,0,0,0,0,0,0,0,0
130463,1,1,0,0,0,0,0,0,0,0,0,0
130464,1,1,0,0,0,0,0,0,0,0,0,0
130465,1,1,21,21,21,21,21,21,21,21,21,21
130465,2,1,0,0,40,0,0,0,0,0,0,27
130466,1,1,0,0,0,0,0,0,0,0,0,0
130466,2,1,0,0,0,0,0,0,0,0,0,0
130467,0,1,23,0,0,0,0,0,0,0,0,0
130467,1,1,0,0,0,0,0,0,0,14,0,0
130468,1,1,0,0,0,0,0,0,0,0,0,0
130469,1,1,0,14,0,0,0,0,0,0,0,0
130469,2,1,0,0,0,0,0,0,0,0,0,0
130470,0,1,0,28,28,27,0,0,15,0,32,49
130470,1,1,0,0,0,0,0,0,0,0,0,0
130471,1,1,0,0,0,0,0,0,0,10,0,0
130472,0,1,0,0,0,0,0,20,0,0,0,31
130472,1,1,0,0,12,0,0,0,0,0,0,0
130473,1,1,0,0,0,0,0,0,0,12,25,39
130473,2,1,0,0,0,0,0,0,0,0,0,0
130474,1,1,0,0,0,0,0,0,0,0,0,0
130474,2,1,0,0,28,0,0,17,0,0,0,0
130475,0,1,14,14,14,14,14,14,14,14,14,14
130475,1,1,0,0,0,0,0,10,0,0,0,0
130476,1,1,0,8,0,0,0,0,33,8,0,42
130477,1,1,0,0,0,0,13,0,0,0,0,0
130478,1,1,0,0,13,0,17,0,0,25,0,0
130479,1,1,0,0,0,0,0,0,0,0,0,0
130479,2,1,0,0,0,0,0,0,0,0,0,0
130480,1,1,0,0,0,0,0,0,0,0,0,0
130480,2,1,0,0,0,0,0,0,0,0,0,0
130480,3,1,0,0,0,0,0,0,0,0,0,0
130480,4,1,0,0,0,0,0,0,0,0,0,0
130480,5,1,0,0,0,0,0,0,0,0,0,0
130480,6,1,0,0,0,0,0,0,0,0,0,0
130480,7,1,0,0,0,0,0,0,0,0,0,0
130481,0,1,11,11,11,11,11,11,11,11,11,11
130481,1,1,0,0,0,0,0,0,0,0,0,0
130481,2,1,32,0,0,9,0,4,0,0,19,0
130482,0,1,0,0,0,0,0,0,0,0,0,0
130482,1,1,0,0,0,0,0,0,0,0,19,0
130483,1,1,0,0,0,0,0,0,0,0,0,0
130483,2,1,0,0,0,0,0,0,0,0,0,0
130484,1,1,8,8,8,8,8,8,8,8,8,8
130485,1,1,0,0,0,0,0,0,0,0,0,0
130485,2,1,0,0,36,0,21,0,0,0,0,0
130486,1,1,0,0,0,0,0,0,22,0,3,0
130486,2,1,0,0,0,0,0,0,0,0,0,0
130487,1,1,0,0,0,0,7,0,10,0,0,0
130488,1,1,0,0,0,0,0,0,0,0,0,0
130488,2,1,0,0,0,0,0,0,0,0,0,0
130489,1,1,27,27,27,27,27,27,27,27,27,27
130490,1,1,15,15,15,15,15,15,15,15,15,15
130490,2,1,19,19,19,19,19,19,19,19,19,19
130491,1,1,0,0,0,0,0,0,0,0,0,0
130491,2,1,0,0,0,0,0,0,0,0,0,0
130492,1,1,0,0,19,0,0,0,18,0,19,0
130493,1,1,19,19,19,19,19,19,19,19,19,19
130493,2,1,0,0,0,0,11,0,0,0,0,0
130494,1,1,14,14,14,14,14,14,14,14,14,14
130495,1,1,0,0,0,6,0,0,0,0,0,0
130496,1,1,21,27,0,0,0,7,20,0,17,14
130497,1,1,0,0,0,0,0,0,0,0,0,0
130497,2,1,24,0,0,0,0,0,0,0,0,0
130498,1,1,0,0,0,0,0,0,0,0,0,0
130498,2,1,0,0,0,0,0,0,0,0,0,0
130498,3,1,0,11,15,10,0,0,9,0,24,0
130498,4,1,0,0,0,0,0,0,0,4,0,5
130499,1,1,10,10,10,10,10,10,10,10,10,10
130500,1,1,0,0,0,0,0,0,0,0,0,0
130500,2,1,0,0,0,0,0,0,0,0,0,0
130501,0,1,0,0,0,0,0,0,0,0,0,0
130501,1,1,0,0,0,0,0,0,0,0,0,0
130502,1,1,12,12,12,12,12,12,12,12,12,12
130502,2,1,0,0,0,0,0,0,0,0,0,0
130502,3,1,0,0,0,0,0,0,0,0,0,0
130502,4,1,0,0,0,0,0,0,0,0,13,0
130503,1,1,12,12,12,12,12,12,12,12,12,12
130504,1,1,0,0,0,0,0,0,0,0,0,0
130504,2,1,0,0,0,0,0,0,0,0,0,0
130505,1,1,0,20,0,16,0,0,0,18,0,0
130505,2,1,0,0,0,0,0,0,0,0,0,0
130506,1,1,0,0,0,0,0,0,0,0,0,0
130506,2,1,0,0,0,0,0,0,0,0,0,0
130507,1,1,0,0,0,0,0,0,0,0,0,0
130508,1,1,0,0,0,0,0,0,0,0,0,0
130509,1,1,0,0,0,0,0,0,0,0,0,0
130509,2,1,0,0,0,0,0,0,0,0,0,0
130509,3,1,0,0,0,0,0,0,0,0,0,0
130510,1,1,0,0,0,0,0,0,0,0,0,0
130511,1,1,24,24,24,24,24,24,24,24,24,24
130511,2,1,0,0,0,0,0,0,0,0,0,0
130512,1,1,0,0,0,0,0,0,17,0,0,0
130512,2,1,0,0,0,0,0,0,0,0,0,0
130513,1,1,0,0,0,0,0,0,0,0,0,0
130514,1,1,0,0,0,0,0,0,0,0,0,0
130514,2,1,0,0,0,0,0,0,0,0,0,0
130515,1,1,0,12,0,0,0,0,0,0,0,0
130515,2,1,0,0,0,0,0,0,0,0,0,0
130516,1,1,0,0,0,0,0,0,0,0,0,0
130517,1,1,5,0,15,15,0,27,12,4,21,10
130518,0,1,0,0,0,0,0,0,0,0,0,0
130518,1,1,0,0,0,0,0,0,0,0,0,0
130519,1,1,0,0,0,0,0,0,20,0,8,16
130520,1,1,26,26,26,26,26,26,26,26,26,26
130521,1,1,0,0,0,0,0,0,0,0,0,0
130521,2,1,0,0,0,0,0,0,0,0,0,0
130522,1,1,0,0,0,0,0,14,0,20,0,15
130522,2,1,0,7,0,20,0,21,0,0,0,0
130522,3,1,7,0,0,0,0,0,0,0,0,0
130523,1,1,0,0,0,0,0,0,0,0,0,0
130524,1,1,0,0,0,0,0,0,14,0,0,0
130524,2,1,0,11,9,7,0,22,0,0,0,0
130525,0,1,25,25,25,25,25,25,25,25,25,25
130525,1,1,34,16,12,0,4,47,0,0,21,0
130525,2,1,36,0,46,3,19,39,18,0,8,4
130526,1,1,0,0,0,0,0,0,0,0,0,0
130527,1,1,16,0,17,12,0,0,11,13,0,34
130528,1,1,8,14,0,0,27,0,0,0,0,0
130528,2,1,0,0,0,0,0,0,0,0,0,0
130529,1,1,18,18,18,18,18,18,18,18,18,18
130529,2,1,0,0,23,0,0,0,0,0,0,0
130530,1,1,0,0,0,0,0,0,0,0,0,0
130530,2,1,0,10,0,0,0,0,0,0,0,0
130531,1,1,0,0,0,0,26,0,15,0,0,0
130532,0,1,0,0,15,0,0,0,0,0,0,0
130532,1,1,0,0,0,0,0,0,0,0,0,0
130533,1,1,0,0,0,0,0,0,0,0,0,0
130533,2,1,0,0,0,0,0,0,0,0,0,0
130533,3,1,0,0,0,0,0,0,0,0,0,0
130534,1,1,0,0,0,0,0,0,0,0,0,0
130535,1,1,0,0,0,16,0,0,0,15,8,0
130535,2,1,0,0,0,0,0,0,0,0,0,0
130535,3,1,0,0,0,0,0,0,0,0,0,0
130536,1,1,0,0,0,0,0,0,0,0,0,0
130537,1,1,0,0,0,0,0,0,0,0,0,0
130537,2,1,0,0,0,0,0,0,0,0,0,0
130538,1,1,0,0,0,0,0,0,0,0,0,0
130538,2,1,0,0,0,0,0,0,0,0,0,0
130538,3,1,21,0,0,0,0,0,0,0,0,0
130538,4,1,0,0,0,0,0,2,0,0,0,0
130538,5,1,0,0,0,0,0,0,0,0,0,0
130539,1,1,27,10,13,43,24,13,28,10,16,0
130540,1,1,0,0,0,0,0,0,0,0,0,6
130540,2,1,0,0,0,0,0,0,0,0,0,0
130541,1,1,0,0,0,0,0,0,0,0,0,0
130541,2,1,0,0,0,0,0,0,0,0,0,0
130542,1,1,0,0,0,0,0,0,0,0,0,0
130542,2,1,0,0,0,0,0,0,0,0,0,0
130543,1,1,5,5,5,5,5,5,5,5,5,5
130543,2,1,0,0,0,0,0,0,0,0,0,0
130544,1,1,0,0,25,0,0,0,0,0,0,0
130544,2,1,0,0,0,0,0,0,0,0,0,0
130545,1,1,0,0,0,0,0,0,28,0,0,0
130546,1,1,0,0,0,0,0,0,0,0,0,0
130546,2,1,0,0,0,0,0,0,0,0,0,0
130546,3,1,0,16,0,0,0,3,0,0,0,0
130547,1,1,0,0,0,0,0,0,0,0,7,14
130547,2,1,0,0,0,0,0,0,0,0,0,0
130547,3,1,0,11,0,0,0,0,0,0,7,0
130548,1,1,22,22,22,22,22,22,22,22,22,22
130549,1,1,20,20,20,20,20,20,20,20,20,20
130550,1,1,0,0,0,0,0,0,0,0,0,0
130550,2,1,18,24,4,10,6,24,0,18,10,0
130551,1,1,0,0,0,0,0,0,0,0,0,0
130551,2,1,0,20,0,0,0,0,0,0,0,0
130552,1,1,7,7,7,7,7,7,7,7,7,7
130553,1,1,29,22,9,16,16,0,13,25,16,42
130554,1,1,12,0,25,19,0,0,0,20,0,0
130555,1,1,0,0,0,0,0,0,0,0,0,0
130555,2,1,21,13,25,25,18,17,31,17,40,19
130555,3,1,0,0,0,0,0,0,0,0,0,0
130556,0,1,0,0,0,0,0,0,0,0,0,0
130556,1,1,0,0,0,0,0,0,0,0,0,0
130557,1,1,0,0,0,0,0,0,0,0,0,0
130557,2,1,0,0,0,0,0,0,0,0,0,0
130558,1,1,0,0,0,0,0,0,0,0,0,0
130558,2,1,0,0,0,0,0,4,0,0,0,0
130559,1,1,0,0,8,0,0,0,0,0,0,0
130559,2,1,0,0,0,0,0,0,0,18,0,0
130560,1,1,0,19,0,0,0,9,0,0,0,0
130560,2,1,0,0,0,0,0,0,0,0,0,0
130561,1,1,0,0,28,10,0,18,0,0,0,18
130562,1,1,16,0,0,0,0,0,0,0,0,0
130563,1,1,0,0,0,0,0,0,0,0,0,0
130563,2,1,0,0,0,0,0,0,0,0,0,0
130564,1,1,16,19,16,14,0,16,16,15,8,21
130564,2,1,0,0,0,0,0,0,0,0,0,0
130565,1,1,18,18,18,18,18,18,18,18,18,18
130566,1,1,0,0,0,0,0,0,0,0,0,0
130566,2,1,0,0,0,0,0,0,0,0,0,0
130566,3,1,0,0,0,0,0,0,0,0,0,4
130567,1,1,0,0,0,0,0,0,0,0,0,0
130567,2,1,0,0,0,0,0,0,0,0,0,0
130568,0,1,0,0,0,0,0,0,0,0,0,0
130568,1,1,0,0,0,0,0,0,0,0,0,0
130569,1,1,21,21,21,21,21,21,21,21,21,21
130570,0,1,2,2,2,2,2,2,2,2,2,2
130571,1,1,0,0,0,0,0,0,0,0,0,0
130571,2,1,0,0,0,0,0,0,0,0,0,0
130571,3,1,0,0,0,0,0,0,0,0,0,0
130572,1,1,27,27,27,27,27,27,27,27,27,27
130573,1,1,0,0,0,0,0,0,0,0,0,0
130573,2,1,0,0,0,0,0,0,0,0,0,0
130574,1,1,14,14,14,14,14,14,14,14,14,14
130574,2,1,0,5,12,0,2,0,0,0,0,6
130575,1,1,0,0,0,0,0,0,0,0,0,0
130575,2,1,0,0,0,0,0,0,0,0,0,0
130576,1,1,6,6,6,6,6,6,6,6,6,6
130577,1,1,0,21,0,17,14,16,3,15,0,12
130577,2,1,0,27,0,0,0,0,0,0,0,0
130578,1,1,0,0,0,0,0,0,0,0,0,0
130579,1,1,0,0,0,0,0,0,0,0,0,0
130580,1,1,0,0,0,0,0,0,0,0,0,0
130581,0,1,0,0,0,0,0,0,0,0,0,0
130581,1,1,0,0,0,0,0,7,0,0,0,0
130582,1,1,11,11,11,11,11,11,11,11,11,11
130583,1,1,8,0,0,0,0,0,17,26,0,0
130583,2,1,0,0,0,0,0,0,0,0,0,0
130584,1,1,0,0,0,0,0,0,0,0,0,0
130584,2,1,0,0,0,0,0,0,0,0,0,0
130585,1,1,12,12,12,12,12,12,12,12,12,12
130586,1,1,0,0,0,0,0,0,0,0,0,0
130586,2,1,0,0,0,0,0,0,0,0,0,0
130587,1,1,0,0,0,0,0,0,0,0,0,0
130587,2,1,0,0,0,0,0,0,0,0,0,0
130588,1,1,0,0,0,6,0,0,0,0,0,0
130588,2,1,0,0,0,0,0,0,0,9,0,0
130589,0,1,24,24,24,24,24,24,24,24,24,24
130589,1,1,0,0,0,0,0,0,0,0,0,0
130590,1,1,0,0,0,0,0,5,0,0,0,0
130590,2,1,0,0,0,0,0,0,0,0,0,0
130591,1,1,0,0,0,0,0,0,0,0,0,0
130591,2,1,0,0,0,0,0,0,0,0,0,0
130592,1,1,0,0,0,0,0,0,0,0,0,0
130592,2,1,0,0,0,0,0,0,0,0,0,0
130593,1,1,0,0,0,0,0,0,0,0,0,0
130593,2,1,0,0,0,0,0,0,0,0,0,0
130594,1,1,0,0,0,0,0,0,0,0,0,0
130595,1,1,0,0,0,0,0,0,12,0,0,0
130595,2,1,0,0,0,0,0,0,0,0,0,0
130596,1,1,0,0,0,0,0,0,0,0,0,0
130596,2,1,0,0,0,0,0,0,0,0,0,0
130597,1,1,0,0,0,0,0,0,0,0,0,0
130597,2,1,0,0,0,0,0,0,0,0,0,0
130598,0,1,0,0,0,0,0,0,0,0,0,0
130598,1,1,0,0,0,0,0,0,0,0,0,0
130599,1,1,40,40,40,40,40,40,40,40,40,40
130600,1,1,3,3,3,3,3,3,3,3,3,3
130601,1,1,22,22,22,22,22,22,22,22,22,22
130602,1,1,22,3,15,4,18,14,23,5,10,13
130602,2,1,0,0,0,5,14,9,0,0,0,0
130603,0,1,0,0,0,0,0,0,0,0,0,0
130603,1,1,5,5,5,5,5,5,5,5,5,5
130604,1,1,0,0,0,0,0,0,0,0,0,0
130605,1,1,0,0,0,0,0,0,0,0,0,0
130605,2,1,0,0,0,0,0,0,0,0,0,0
130606,1,1,26,26,26,26,26,26,26,26,26,26
130607,1,1,0,0,36,0,0,0,0,0,0,39
130608,1,1,0,0,0,0,0,0,0,0,0,0
130609,1,1,0,0,0,0,0,0,0,0,0,0
130609,2,1,0,0,0,0,0,0,0,0,0,0
130610,1,1,0,18,10,0,7,17,0,0,0,0
130611,1,1,0,0,0,0,0,0,0,0,0,0
130611,2,1,0,0,0,0,0,0,0,0,0,0
130612,1,1,0,0,0,0,0,0,0,0,0,0
130613,1,1,0,0,0,0,0,0,0,0,0,0
130613,2,1,0,0,0,0,0,0,0,0,0,0
130614,1,1,0,0,0,0,0,0,0,0,0,0
130614,2,1,0,0,0,0,0,0,0,0,0,0
130615,1,1,6,0,13,38,10,19,11,10,14,18
130615,2,1,0,0,0,0,0,0,0,18,0,0
130616,1,1,0,0,0,0,0,0,0,0,0,0
130617,1,1,0,0,0,0,0,0,0,0,0,0
130617,2,1,0,0,0,0,0,0,0,0,0,0
130618,1,1,9,9,9,9,9,9,9,9,9,9
130618,2,1,11,11,11,11,11,11,11,11,11,11
130619,1,1,0,0,0,0,0,0,0,0,0,0
130619,2,1,0,0,0,0,0,0,0,0,0,0
130620,1,1,0,0,0,0,0,0,0,0,0,0
130620,2,1,22,4,0,0,0,0,0,0,0,0
130621,1,1,0,0,0,0,0,0,0,0,0,0
130622,1,1,0,0,4,0,0,0,15,0,0,0
130622,2,1,0,10,0,8,0,0,0,0,0,0
130622,3,1,0,0,0,0,0,0,0,0,0,0
130622,4,1,0,0,0,0,0,0,0,0,0,0
130623,1,1,0,0,0,0,0,0,0,0,0,0
130623,2,1,0,0,0,0,0,0,0,0,0,0
130624,0,1,0,0,0,0,0,0,0,0,0,0
130624,1,1,0,0,0,0,0,0,0,0,0,0
130625,1,1,0,0,0,0,0,0,0,0,0,0
130625,2,1,0,0,0,0,0,0,0,0,0,0
130626,1,1,0,0,0,0,0,0,0,0,0,0
130626,2,1,16,0,0,0,14,0,0,0,0,0
130627,1,1,0,0,0,0,0,0,0,0,0,0
130627,2,1,0,0,13,0,0,0,0,0,0,0
130628,1,1,0,0,0,0,0,23,0,0,0,0
130629,1,1,0,0,0,0,0,0,0,0,0,0
130629,2,1,0,0,0,0,0,0,0,0,0,0
130630,1,1,0,0,0,0,0,0,0,0,0,0
130631,1,1,0,0,0,0,0,0,0,0,0,0
130632,1,1,0,0,0,0,0,0,0,0,16,0
130632,2,1,0,0,0,0,0,0,0,0,0,0
130633,1,1,3,3,3,3,3,3,3,3,3,3
130634,1,1,0,0,0,0,0,0,0,0,0,0
130634,2,1,0,0,0,0,0,0,0,0,0,0
130635,1,1,0,0,0,0,0,0,0,0,12,0
130636,1,1,18,0,0,0,0,0,0,0,0,0
130637,1,1,8,8,8,8,8,8,8,8,8,8
130638,1,1,0,0,0,0,0,0,0,0,0,0
130639,1,1,0,0,0,0,0,0,0,0,0,0
130640,1,1,0,0,0,0,23,0,0,0,0,0
130642,1,1,0,0,0,0,0,0,0,0,0,0
130643,1,1,0,0,0,0,0,0,0,0,0,0
130643,2,1,0,0,0,0,0,0,58,0,0,0
130644,0,1,11,17,29,13,17,25,34,23,11,19
130644,1,1,0,0,0,0,17,21,16,6,0,0
130645,1,1,0,0,0,0,0,0,0,0,0,0
130646,1,1,0,0,0,0,0,0,0,0,0,0
130647,1,1,20,0,0,0,0,16,0,0,9,0
130648,1,1,5,5,5,5,5,5,5,5,5,5
130648,2,1,0,0,0,0,0,0,0,0,0,0
130649,1,1,0,0,0,0,0,0,0,0,0,0
130650,1,1,0,0,0,0,0,0,0,0,0,0
130650,2,1,10,0,0,0,0,0,0,0,0,0
130651,1,1,7,15,20,0,12,0,0,0,2,22
130651,2,1,3,3,3,3,3,3,3,3,3,3
130651,3,1,0,0,0,0,0,0,0,0,0,0
130652,1,1,0,0,0,0,0,0,10,0,23,0
130652,2,1,10,11,0,0,0,0,0,0,0,0
130653,1,1,3,3,3,3,3,3,3,3,3,3
130654,1,1,14,14,14,14,14,14,14,14,14,14
130655,1,1,0,21,0,19,28,14,0,0,12,21
130655,2,1,0,0,0,0,0,0,0,0,0,0
130656,1,1,0,0,0,0,0,0,0,0,0,0
130657,1,1,0,0,0,0,0,17,0,0,0,0
130658,1,1,0,0,0,0,0,0,0,0,0,0
130659,1,1,33,0,0,0,9,0,0,0,0,0
130660,0,1,0,0,0,0,0,0,0,0,0,0
130660,1,1,0,0,0,0,0,0,0,0,0,0
130661,1,1,0,0,35,0,0,0,16,0,0,0
130662,1,1,0,0,0,0,0,0,0,0,0,0
130662,2,1,3,3,3,3,3,3,3,3,3,3
130663,1,1,0,0,0,0,0,0,0,0,0,0
130663,2,1,0,0,0,0,0,0,0,0,0,0
130664,1,1,0,0,0,0,0,0,0,0,0,0
130664,2,1,0,0,13,0,0,0,0,0,0,0
130665,0,1,0,0,0,0,0,0,0,0,0,0
130665,1,1,0,0,0,0,0,0,0,0,0,0
130665,2,1,0,0,0,0,0,0,0,0,0,0
130666,1,1,0,0,0,0,0,0,0,0,0,0
130666,2,1,0,0,0,0,0,0,0,0,0,0
130667,1,1,13,13,13,13,13,13,13,13,13,13
130667,2,1,0,0,0,0,0,0,0,0,0,0
130668,1,1,0,0,0,0,0,0,0,0,0,0
130669,1,1,32,0,0,0,11,16,18,0,0,0
130670,1,1,0,0,0,0,0,0,0,16,0,0
130670,2,1,0,0,0,0,0,0,0,0,0,0
130671,1,1,0,0,0,0,0,0,0,0,0,0
130671,2,1,0,0,0,0,0,0,0,0,0,0
130672,1,1,6,6,6,6,6,6,6,6,6,6
130672,2,1,0,0,0,0,0,0,0,0,0,0
130673,1,1,8,8,8,8,8,8,8,8,8,8
130674,1,1,0,0,0,0,0,0,0,0,0,0
130674,2,1,21,26,0,0,0,11,9,0,13,10
130675,1,1,1,1,1,1,1,1,1,1,1,1
130676,1,1,0,0,0,0,0,11,0,0,11,0
130677,1,1,0,0,0,0,0,0,0,0,0,0
130678,1,1,0,0,0,0,0,0,0,0,0,0
130678,2,1,0,0,0,0,0,0,0,0,0,0
130679,1,1,0,0,0,0,0,0,0,0,0,0
130680,1,1,22,22,22,22,22,22,22,22,22,22
130681,1,1,0,0,0,0,0,0,0,0,0,0
130681,2,1,0,0,0,0,0,0,0,0,0,0
130682,1,1,0,0,0,0,0,0,0,0,0,0
130682,2,1,0,0,0,0,0,0,0,0,0,0
130683,1,1,0,19,0,0,0,0,0,0,0,0
130683,2,1,0,0,0,0,0,0,0,0,0,0
130684,0,1,3,3,3,3,3,3,3,3,3,3
130684,1,1,0,0,0,0,0,0,0,0,0,0
130685,1,1,0,0,0,0,0,14,0,0,0,0
130685,2,1,0,0,0,0,0,0,0,0,0,0
130686,1,1,0,0,0,0,0,0,0,0,0,0
130686,2,1,0,0,0,0,0,0,0,0,0,0
130686,3,1,0,0,0,0,0,0,0,0,0,0
130686,4,1,0,0,0,0,0,0,0,0,0,0
130688,1,1,0,0,4,0,0,0,0,0,0,9
130688,2,1,0,0,0,0,0,0,0,0,0,0
130689,1,1,0,0,0,0,0,0,0,0,0,0
130690,1,1,0,0,0,0,0,0,28,0,0,0
130691,1,1,0,0,0,0,0,0,0,0,0,0
130691,2,1,0,0,0,0,9,0,0,0,0,0
130692,1,1,0,0,0,6,0,0,0,0,0,0
130692,2,1,0,0,0,0,0,0,0,0,0,0
130693,1,1,19,6,0,0,10,0,9,44,15,8
130694,1,1,6,0,13,5,18,0,4,12,0,19
130695,1,1,0,0,0,0,0,0,0,0,0,0
130696,1,1,0,0,11,0,0,0,0,0,0,0
130696,2,1,0,16,0,0,0,0,0,0,0,0
130697,0,1,12,12,12,12,12,12,12,12,12,12
130697,1,1,0,0,0,0,0,0,0,0,13,0
130698,1,1,0,0,0,0,0,0,0,0,0,0
130698,2,1,0,0,0,0,0,0,0,0,0,0
130698,3,1,0,0,0,0,0,0,0,0,0,0
130699,1,1,0,0,0,0,0,0,0,0,0,0
130699,2,1,0,0,0,0,0,0,0,0,0,0
130700,1,1,0,0,0,0,0,0,0,0,0,0
130700,2,1,0,0,0,0,0,0,0,0,0,0
130700,3,1,0,0,0,0,0,0,0,0,0,0
130701,0,1,0,0,0,0,0,50,0,0,0,0
130701,1,1,0,0,0,0,0,0,0,0,0,0
130702,1,1,18,18,18,18,18,18,18,18,18,18