ST_CASE,VEH_NO,PER_NO,P1,P2,P3,P4,P5,P6,P7,P8,P9,P10
130703,1,1,0,0,0,0,0,0,0,0,0,0
130703,2,1,0,16,0,9,13,0,0,0,0,0
130704,1,1,19,19,19,19,19,19,19,19,19,19
130704,2,1,0,0,22,0,0,0,0,0,0,0
130705,1,1,21,23,17,0,37,16,0,8,0,12
130705,2,1,17,0,0,0,0,0,0,0,0,0
130706,1,1,0,0,0,0,0,0,0,0,0,0
130706,2,1,0,0,0,0,0,0,0,0,0,0
130707,1,1,0,0,0,0,0,0,0,0,0,0
130707,2,1,0,0,0,0,0,0,0,0,0,0
130708,1,1,25,16,12,3,11,17,14,15,30,18
130708,2,1,0,0,0,0,0,0,0,0,0,0
130709,0,1,0,0,0,0,0,0,0,0,0,0
130709,1,1,0,0,0,0,0,0,0,0,0,0
130710,1,1,0,0,0,0,0,0,0,0,0,0
130711,1,1,0,0,0,0,0,0,0,0,0,0
130711,2,1,0,0,0,0,0,0,0,0,0,0
130712,0,1,28,28,28,28,28,28,28,28,28,28
130712,1,1,0,0,0,0,0,0,0,0,0,0
130712,2,1,0,0,11,0,0,0,0,0,0,11
130713,1,1,9,9,9,9,9,9,9,9,9,9
130713,2,1,0,0,0,0,0,0,0,0,0,2
130714,1,1,13,13,13,13,13,13,13,13,13,13
130714,2,1,0,0,0,0,0,0,0,0,0,0
130715,1,1,28,28,28,28,28,28,28,28,28,28
130716,1,1,0,0,0,0,18,0,0,16,19,0
130717,1,1,0,0,0,31,0,0,9,0,0,0
130718,0,1,28,28,28,28,28,28,28,28,28,28
130718,1,1,0,0,0,0,0,0,0,0,0,0
130719,1,1,0,0,0,0,19,0,0,0,0,0
130719,2,1,0,0,0,0,0,0,0,0,0,0
130719,3,1,0,0,0,0,0,0,0,0,0,14
130720,0,1,27,27,27,27,27,27,27,27,27,27
130720,1,1,0,0,0,0,0,0,19,0,0,0
130721,1,1,21,21,21,21,21,21,21,21,21,21
130721,2,1,16,0,0,14,23,11,9,0,8,2
130722,0,1,2,2,2,2,2,2,2,2,2,2
130722,1,1,13,0,0,25,0,0,0,0,0,41
130723,1,1,0,0,0,0,0,0,0,0,0,0
130724,1,1,0,0,0,0,0,0,0,0,0,0
130725,1,1,0,0,0,0,0,0,0,0,0,0
130725,2,1,0,0,0,0,0,0,0,0,0,0
130725,3,1,0,0,0,0,0,0,0,0,0,0
130726,0,1,28,8,16,19,0,13,24,16,0,14
130726,1,1,12,12,12,12,12,12,12,12,12,12
130727,1,1,13,13,13,13,13,13,13,13,13,13
130728,1,1,0,0,0,0,0,0,0,0,0,0
130728,2,1,0,0,0,0,0,0,0,0,0,0
130729,1,1,15,28,28,23,17,0,0,30,0,16
130729,2,1,0,0,0,0,0,0,15,0,0,0
130729,3,1,18,0,0,0,0,0,0,0,0,0
130729,4,1,0,0,0,0,0,0,0,0,0,0
130729,5,1,0,0,0,0,0,0,0,0,0,0
130730,1,1,0,0,0,0,0,0,0,0,0,0
130731,1,1,0,0,0,0,0,0,0,0,0,0
130731,2,1,0,0,0,13,0,0,0,0,0,0
130732,1,1,10,10,10,10,10,10,10,10,10,10
130733,1,1,0,0,0,0,0,0,0,0,0,0
130734,1,1,0,0,0,0,0,0,0,0,0,0
130735,1,1,0,0,0,0,0,0,0,0,0,0
130736,1,1,0,0,0,0,0,0,0,0,0,0
130737,1,1,0,0,0,0,0,0,0,0,0,0
130737,2,1,0,0,0,0,0,0,0,0,0,0
130738,1,1,0,0,18,0,0,0,0,0,0,0
130738,2,1,0,0,0,0,0,0,0,0,0,0
130739,1,1,0,0,0,0,10,0,0,0,0,0
130740,1,1,0,0,0,0,0,0,0,0,0,0
130741,1,1,0,0,0,0,0,0,0,0,0,0
130741,2,1,0,0,0,0,0,0,0,0,0,0
130742,1,1,0,0,0,0,0,0,0,0,0,15
130742,2,1,0,0,0,0,0,0,0,0,0,0
130743,1,1,0,0,0,0,0,0,0,0,0,0
130744,1,1,0,22,38,36,21,23,0,0,19,0
130744,2,1,0,27,0,0,0,12,11,0,0,15
130745,1,1,13,11,11,20,9,6,0,8,20,24
130745,2,1,3,3,3,3,3,3,3,3,3,3
130746,1,1,0,0,0,0,0,0,0,0,0,0
130746,2,1,0,0,0,0,0,0,0,0,0,0
130747,1,1,0,0,0,0,0,0,0,0,0,0
130747,2,1,0,0,0,0,0,0,0,0,22,0
130748,1,1,0,0,0,0,0,0,0,0,0,0
130748,2,1,0,0,0,0,0,0,0,0,0,0
130749,1,1,0,0,0,0,0,0,0,0,0,0
130749,2,1,0,0,0,0,0,0,0,0,0,0
130750,1,1,12,0,0,0,0,0,0,8,0,13
130751,0,1,0,0,0,0,0,0,0,0,0,0
130751,1,1,0,0,0,0,0,8,0,0,0,0
130752,1,1,0,0,0,0,0,0,0,0,0,0
130753,0,1,0,0,17,0,0,0,0,30,0,3
130753,1,1,11,11,28,4,0,0,23,0,0,0
130754,1,1,0,17,0,0,0,10,0,32,0,9
130755,1,1,14,14,14,14,14,14,14,14,14,14
130756,0,1,0,0,0,0,0,0,0,0,0,0
130756,1,1,10,0,0,0,4,0,0,0,6,0
130757,1,1,13,5,25,15,14,15,0,4,0,0
130758,1,1,0,15,12,0,0,0,0,0,0,0
130758,2,1,0,0,0,0,0,0,0,0,0,0
130758,3,1,0,0,0,0,0,0,0,0,0,0
130758,4,1,0,0,0,0,0,0,0,0,0,0
130759,1,1,0,0,0,0,0,0,0,0,0,0
130759,2,1,0,0,0,0,0,0,0,0,0,0
130760,1,1,7,27,0,0,0,0,0,0,11,0
130760,2,1,14,12,0,0,0,0,5,0,20,9
130761,1,1,15,15,15,15,15,15,15,15,15,15
130762,1,1,0,6,0,0,0,0,0,0,0,7
130763,1,1,0,0,0,0,0,0,0,0,0,0
130764,1,1,0,0,0,0,0,0,0,0,0,0
130764,2,1,0,0,0,0,0,0,0,0,0,0
130765,1,1,0,0,0,0,0,0,0,0,0,0
130765,2,1,0,0,0,0,0,0,0,0,0,0
130766,1,1,27,0,8,0,15,5,0,0,10,14
130767,0,1,14,14,14,14,14,14,14,14,14,14
130767,1,1,4,0,0,21,6,0,0,0,13,0
130768,1,1,0,0,0,0,0,0,0,0,0,0
130768,2,1,0,0,0,0,0,0,0,0,0,0
130769,1,1,23,23,23,23,23,23,23,23,23,23
130770,1,1,0,0,0,0,0,0,0,0,0,0
130771,1,1,0,0,0,0,0,0,0,0,0,0
130772,1,1,0,0,0,0,0,0,0,0,0,0
130772,2,1,0,0,0,0,0,0,0,0,0,0
130773,1,1,0,0,0,0,0,0,0,0,0,0
130773,2,1,0,0,0,0,0,0,0,14,16,0
130773,3,1,0,0,0,15,0,0,3,0,0,0
130774,1,1,0,0,0,0,0,0,0,0,0,0
130775,0,1,0,0,0,0,0,0,0,0,0,0
130775,1,1,0,0,0,0,0,0,0,0,15,0
130776,1,1,0,18,0,0,0,0,0,0,0,0
130777,2,1,0,0,0,0,0,0,0,0,0,0
130778,1,1,0,0,0,0,0,0,0,0,0,0
130778,2,1,0,0,0,0,0,0,0,0,0,0
130779,1,1,0,0,0,0,0,0,0,0,0,0
130779,2,1,0,0,0,0,0,0,0,0,0,0
130780,1,1,0,9,0,0,0,15,26,0,0,14
130781,1,1,0,0,0,0,19,0,0,0,0,0
130782,1,1,0,18,0,0,0,0,0,4,0,0
130782,2,1,5,5,5,5,5,5,5,5,5,5
130783,1,1,0,0,0,0,0,26,0,0,0,25
130784,1,1,18,18,18,18,18,18,18,18,18,18
130785,1,1,0,0,0,0,0,0,0,0,0,0
130785,2,1,0,0,0,0,0,0,0,0,0,0
130786,1,1,0,0,0,0,0,0,0,0,0,0
130786,2,1,0,0,0,0,0,0,0,0,0,0
130787,1,1,16,16,16,16,16,16,16,16,16,16
130788,1,1,0,11,0,0,24,0,11,0,0,0
130788,2,1,2,0,0,0,0,34,0,0,0,0
130789,1,1,0,0,0,0,0,0,0,0,0,0
130790,0,1,6,6,6,6,6,6,6,6,6,6
130790,1,1,36,0,0,0,0,0,0,0,0,0
130791,1,1,33,8,10,4,13,16,6,20,26,13
130792,1,1,17,17,17,17,17,17,17,17,17,17
130792,2,1,0,0,0,0,56,0,0,0,0,0
130792,3,1,0,0,0,0,0,5,0,0,0,8
130793,1,1,24,24,24,24,24,24,24,24,24,24
130794,0,1,21,21,0,0,0,13,0,0,0,19
130794,1,1,26,0,0,0,0,6,18,0,19,0
130795,1,1,0,0,0,0,0,0,9,0,0,0
130796,1,1,8,0,15,0,0,19,0,0,0,0
130796,2,1,0,0,0,0,0,13,0,15,0,0
130797,1,1,0,0,0,0,23,0,0,0,0,0
130797,2,1,0,0,0,0,0,0,0,0,0,0
130797,3,1,0,0,0,0,0,0,0,0,0,0
130797,4,1,0,0,0,0,0,0,0,0,0,0
130798,0,1,0,0,0,0,0,0,0,0,0,0
130798,1,1,0,0,0,0,0,7,0,0,0,18
130799,1,1,0,0,13,2,0,10,0,0,16,0
130800,1,1,0,0,0,0,0,0,0,0,0,0
130801,1,1,0,0,0,0,0,0,0,0,0,9
130801,2,1,0,0,0,0,0,0,12,0,10,0
130802,1,1,0,22,0,0,0,0,0,0,0,0
130802,2,1,0,0,0,0,0,0,0,0,0,0
130803,1,1,0,0,0,0,0,0,0,0,0,0
130803,2,1,0,0,0,0,0,0,0,0,0,0
130804,1,1,0,0,0,0,0,0,0,0,0,0
130804,2,1,0,0,0,0,0,0,0,0,0,0
130804,3,1,0,0,0,0,20,0,0,0,0,0
130805,1,1,14,14,14,14,14,14,14,14,14,14
130805,2,1,0,0,0,0,0,19,0,0,0,0
130805,3,1,0,0,0,0,0,0,0,0,0,0
130806,0,1,16,16,16,16,16,16,16,16,16,16
130806,1,1,0,11,8,0,0,34,19,0,0,0
130807,1,1,0,0,0,0,0,0,0,0,0,18
130808,0,1,18,18,18,18,18,18,18,18,18,18
130808,1,1,0,0,0,0,0,27,0,0,0,0
130809,0,1,0,0,0,0,0,0,0,0,0,0
130809,1,1,0,0,0,0,0,0,0,0,0,0
130810,0,1,17,17,17,17,17,17,17,17,17,17
130810,1,1,11,0,23,14,28,14,24,0,25,0
130811,1,1,0,0,0,0,0,0,0,0,0,0
130812,0,1,0,0,0,0,0,0,0,0,0,0
130812,1,1,0,0,0,12,0,0,0,0,0,0
130813,0,1,16,16,16,16,16,16,16,16,16,16
130813,1,1,0,0,0,0,0,0,0,0,0,17
130814,1,1,0,0,0,0,0,0,0,0,0,0
130814,2,1,0,0,0,0,0,0,0,0,0,0
130815,0,1,8,8,8,8,8,8,8,8,8,8
130815,1,1,0,0,0,25,0,0,0,0,0,22
130816,1,1,0,0,0,0,0,0,0,0,0,0
130816,2,1,0,0,0,0,9,0,0,0,0,0
130816,3,1,0,0,0,0,0,0,0,0,0,0
130817,1,1,0,0,0,0,0,0,0,0,0,0
130817,2,1,0,0,0,0,0,0,0,0,0,0
130818,1,1,0,0,0,0,0,0,0,0,0,0
130819,1,1,0,0,0,0,27,0,0,0,29,0
130819,2,1,0,0,0,0,0,0,0,0,0,0
130820,1,1,0,0,0,9,0,0,0,0,0,0
130820,2,1,0,0,0,0,0,0,0,0,0,0
130821,0,1,24,0,0,0,0,0,0,0,0,0
130821,1,1,0,0,0,0,0,0,0,0,0,0
130822,1,1,0,0,0,0,0,0,0,0,0,0
130822,2,1,0,0,0,0,0,0,0,0,0,0
130823,0,1,0,0,13,0,20,0,8,0,0,12
130823,1,1,14,0,0,11,0,26,0,0,0,0
130823,2,1,0,0,0,0,0,0,0,0,0,0
130823,3,1,21,0,10,0,0,0,0,27,0,0
130823,4,1,0,0,0,0,0,0,0,0,0,0
130824,1,1,13,13,13,13,13,13,13,13,13,13
130825,0,1,0,0,0,0,0,0,0,0,0,0
130825,1,1,9,9,9,9,9,9,9,9,9,9
130826,1,1,0,0,0,0,0,19,0,0,0,0
130826,2,1,10,0,0,0,0,0,0,0,0,0
130826,3,1,0,0,0,0,0,0,0,0,0,0
130827,1,1,0,0,0,0,0,0,0,0,0,0
130828,1,1,0,0,0,0,0,0,0,0,0,0
130829,1,1,0,0,0,0,0,0,0,0,0,0
130829,2,1,0,0,0,0,0,0,0,0,0,0
130830,0,1,31,7,5,0,0,28,0,0,0,0
130830,1,1,2,2,2,2,2,2,2,2,2,2
130831,1,1,0,0,0,0,0,0,0,0,0,0
130832,1,1,0,20,0,0,0,0,0,0,0,0
130833,1,1,0,0,0,0,0,0,0,0,0,0
130833,2,1,0,0,0,0,0,0,0,0,0,0
130834,1,1,0,0,20,0,0,0,0,0,0,0
130835,1,1,0,0,0,0,0,0,0,0,0,0
130836,1,1,0,0,0,0,0,0,0,0,0,0
130837,1,1,0,0,0,0,0,0,0,0,0,0
130837,2,1,0,0,0,0,0,0,11,0,0,0
130838,0,1,0,0,0,0,0,0,0,0,0,0
130838,1,1,0,0,0,0,0,0,0,0,0,0
130839,1,1,0,0,0,0,0,0,0,0,0,0
130839,2,1,0,0,0,0,0,0,0,0,0,0
130839,3,1,0,0,0,0,0,0,0,0,0,0
130839,4,1,0,0,0,0,0,0,0,0,0,0
130840,1,1,0,0,0,0,0,0,0,0,0,0
130840,2,1,0,0,0,0,0,0,0,0,0,0
130841,1,1,22,7,39,0,0,0,19,0,15,0
130842,0,1,0,0,0,0,0,0,0,0,0,0
130842,1,1,0,0,0,0,0,0,0,66,0,0
130843,1,1,3,3,3,3,3,3,3,3,3,3
130843,2,1,0,0,0,0,10,0,0,0,0,0
130844,1,1,10,0,0,0,2,0,15,6,32,0
130845,1,1,0,0,0,0,0,0,0,0,0,0
130845,2,1,0,0,0,0,0,0,0,0,0,0
130846,1,1,19,19,19,19,19,19,19,19,19,19
130847,1,1,0,0,0,0,0,0,0,0,0,0
130847,2,1,0,0,0,0,0,0,0,0,0,0
130847,3,1,0,0,0,0,0,14,0,0,0,0
130848,1,1,0,0,0,0,0,0,0,0,0,0
130849,1,1,0,0,0,0,0,0,0,0,0,0
130849,2,1,0,0,0,0,0,0,0,0,0,0
130850,1,1,0,0,0,0,0,0,0,0,0,0
130850,2,1,0,0,7,0,0,0,0,0,0,0
130851,0,1,0,0,0,0,0,0,0,0,0,0
130851,1,1,0,0,0,0,0,0,0,0,0,0
130852,0,1,0,0,0,14,0,0,23,0,0,9
130852,1,1,0,0,0,0,0,0,0,0,0,0
130853,1,1,0,0,0,0,0,0,0,0,0,0
130853,2,1,0,0,0,0,0,0,0,0,0,0
130853,3,1,0,0,0,0,0,0,0,0,0,0
130854,1,1,0,0,0,16,0,4,0,0,0,0
130854,2,1,5,5,5,5,5,5,5,5,5,5
130855,1,1,0,0,0,0,29,0,0,0,0,0
130856,1,1,0,0,0,0,0,0,0,0,0,0
130856,2,1,0,0,12,0,0,0,0,0,0,0
130857,1,1,0,0,0,0,0,0,0,0,0,0
130857,2,1,0,0,0,0,0,0,0,0,0,0
130858,1,1,0,0,0,24,0,0,0,0,0,0
130858,2,1,10,10,10,10,10,10,10,10,10,10
130859,0,1,0,0,0,0,0,0,0,0,0,0
130859,1,1,0,0,0,16,0,0,15,0,0,0
130860,1,1,0,0,0,0,0,0,0,0,0,42
130861,1,1,0,0,0,0,0,0,0,0,0,0
130862,1,1,22,22,22,22,22,22,22,22,22,22
130863,0,1,0,0,0,0,31,0,21,15,0,0
130863,1,1,13,5,5,0,0,0,0,0,28,38
130864,1,1,0,0,0,0,0,0,0,0,0,0
130864,2,1,0,0,0,0,0,0,0,0,0,0
130865,1,1,0,0,0,0,0,0,0,0,0,0
130866,1,1,14,14,14,14,14,14,14,14,14,14
130866,2,1,0,0,0,0,0,0,6,0,0,0
130867,1,1,12,12,12,12,12,12,12,12,12,12
130867,2,1,0,0,0,0,0,0,0,0,0,0
130868,1,1,0,0,0,0,0,0,0,0,0,0
130868,2,1,0,0,0,0,0,0,0,0,0,0
130869,1,1,0,0,19,3,0,0,0,0,0,0
130869,2,1,0,0,0,0,0,0,0,0,0,0
130869,3,1,0,0,0,0,0,0,0,0,0,0
130870,0,1,0,25,0,15,0,19,0,0,20,27
130870,1,1,0,0,0,0,0,0,17,16,0,0
130871,0,1,0,0,0,0,0,0,0,0,0,0
130871,1,1,0,0,0,0,0,0,0,0,0,0
130872,1,1,0,0,0,0,0,0,0,0,0,0
130872,2,1,0,0,0,0,0,0,0,0,0,0
130873,0,1,0,0,0,0,0,0,0,0,0,0
130873,1,1,0,0,0,0,0,0,0,0,0,0
130873,2,1,17,0,0,0,0,0,0,0,0,0
130874,1,1,0,0,0,0,0,0,0,0,0,0
130875,1,1,0,0,0,0,0,0,0,0,0,0
130875,2,1,0,0,15,0,0,17,0,0,15,0
130876,0,1,0,0,0,0,0,0,0,0,0,0
130876,1,1,0,0,0,0,0,0,0,0,0,0
130877,1,1,0,0,0,0,0,0,0,0,0,0
130878,1,1,0,0,0,0,0,0,0,0,0,0
130879,1,1,0,0,0,0,0,0,0,0,0,0
130879,2,1,0,0,0,0,0,0,0,0,0,0
130880,0,1,20,20,20,20,20,20,20,20,20,20
130880,1,1,18,0,0,0,0,9,0,0,0,0
130881,1,1,0,0,0,0,0,0,0,0,0,0
130881,2,1,0,0,0,0,0,0,0,0,0,0
130882,1,1,0,0,0,0,4,0,0,0,0,0
130883,0,1,0,0,0,0,0,0,13,16,0,0
130883,1,1,0,0,0,0,0,0,0,0,0,0
130884,1,1,0,0,0,0,0,0,0,0,0,0
130884,2,1,0,0,0,0,0,0,0,0,0,0
130884,3,1,0,0,0,0,0,13,8,0,4,0
130885,1,1,18,18,18,18,18,18,18,18,18,18
130885,2,1,0,0,0,0,0,0,0,0,0,0
130886,1,1,0,0,12,0,0,0,0,0,0,0
130887,1,1,2,2,2,2,2,2,2,2,2,2
130887,2,1,0,0,0,0,0,0,0,0,0,0
130888,1,1,0,0,0,0,0,0,0,0,0,0
130889,1,1,0,0,0,0,0,0,0,9,0,0
130890,1,1,17,13,13,20,23,8,24,4,24,19
130891,1,1,16,16,16,16,16,16,16,16,16,16
130892,1,1,0,0,0,0,0,0,0,0,0,0
130892,2,1,0,0,0,0,0,0,0,0,0,0
130893,1,1,3,3,3,3,3,3,3,3,3,3
130894,1,1,0,7,0,0,0,0,0,0,0,0
130895,1,1,0,0,0,0,0,0,0,0,0,0
130895,2,1,0,0,0,0,0,0,0,0,0,0
130896,1,1,0,0,0,0,0,0,0,0,0,0
130896,2,1,0,0,0,0,0,0,0,0,0,0
130896,3,1,0,0,0,0,0,0,0,0,0,0
130897,1,1,0,0,0,0,0,0,0,0,0,0
130897,2,1,0,0,0,0,0,0,0,0,0,0
130898,1,1,0,0,0,0,0,0,0,0,0,0
130898,2,1,0,0,0,0,0,0,0,0,0,0
130899,1,1,0,0,0,0,0,0,16,0,0,0
130899,2,1,0,0,0,0,0,0,0,0,0,16
130900,1,1,16,16,16,16,16,16,16,16,16,16
130900,2,1,22,0,0,0,0,0,0,9,0,0
130901,1,1,0,0,0,0,0,0,0,0,0,0
130901,2,1,0,0,0,0,5,9,0,0,7,0
130902,1,1,0,0,0,0,0,0,0,0,0,0
130902,2,1,0,0,0,0,0,0,0,0,0,0
130903,1,1,9,0,0,0,0,0,0,0,0,0
130903,2,1,0,0,0,0,0,0,0,0,0,0
130904,1,1,0,0,0,0,0,0,0,0,0,0
130905,1,1,0,0,0,0,0,0,0,0,0,0
130905,2,1,0,0,0,0,0,0,0,0,0,0
130906,0,1,27,29,22,23,23,9,23,23,43,12
130906,1,1,0,0,0,0,0,0,0,0,0,0
130907,1,1,0,0,14,0,0,0,0,0,0,0
130907,2,1,0,0,0,0,0,0,0,0,0,0
130908,0,1,2,2,2,2,2,2,2,2,2,2
130908,1,1,0,22,0,0,0,0,0,0,0,0
130909,1,1,40,7,7,21,17,15,24,24,15,13
130910,1,1,0,0,0,0,0,0,0,0,0,0
130911,1,1,9,9,9,9,9,9,9,9,9,9
130911,2,1,0,0,3,0,0,12,0,0,0,0
130911,3,1,0,0,0,0,0,0,0,0,0,0
130911,4,1,0,0,0,0,0,0,0,0,0,0
130912,1,1,0,0,0,0,0,0,0,0,0,0
130912,2,1,0,0,0,0,0,0,0,0,0,0
130913,0,1,7,7,7,7,7,7,7,7,7,7
130913,1,1,0,0,4,0,0,0,0,0,13,0
130914,1,1,0,0,0,22,23,0,16,23,28,7
130915,1,1,0,0,0,0,0,0,0,0,0,0
130915,2,1,0,0,0,0,0,0,0,0,0,0
130916,1,1,0,11,0,0,0,0,15,0,19,0
130916,2,1,0,0,0,0,0,0,0,0,0,0
130917,1,1,0,0,0,0,0,0,0,0,0,0
130917,2,1,0,0,0,0,0,0,0,0,0,0
130918,1,1,0,27,19,0,19,13,20,20,0,16
130919,1,1,0,0,9,19,0,22,0,14,22,22
130919,2,1,0,0,0,0,0,0,0,0,0,20
130920,0,1,25,25,25,25,25,25,25,25,25,25
130920,1,1,0,10,11,0,30,35,10,14,22,0
130921,1,1,17,17,17,17,17,17,17,17,17,17
130921,2,1,0,0,0,0,0,0,0,0,0,0
130922,0,1,29,29,29,29,29,29,29,29,29,29
130922,1,1,0,0,11,0,0,0,0,0,0,0
130923,1,1,18,18,18,18,18,18,18,18,18,18
130924,1,1,0,0,0,0,0,0,0,0,0,0
130925,1,1,0,0,0,0,0,0,0,0,0,0
130925,2,1,0,0,0,0,0,0,0,0,0,0
130926,1,1,11,11,11,11,11,11,11,11,11,11
130926,2,1,5,9,4,0,0,0,0,0,34,0
130927,1,1,0,0,0,0,0,0,0,0,0,0
130927,2,1,0,0,0,0,0,0,0,0,0,0
130928,1,1,28,28,28,28,28,28,28,28,28,28
130929,1,1,31,18,0,0,10,0,0,0,0,7
130930,1,1,29,29,29,29,29,29,29,29,29,29
130930,2,1,0,0,0,0,0,0,0,0,0,0
130931,1,1,16,16,16,16,16,16,16,16,16,16
130931,2,1,0,18,0,0,0,0,0,0,0,0
130932,1,1,0,0,0,0,0,0,0,0,0,0
130933,1,1,0,0,0,0,0,0,0,0,0,0
130933,2,1,14,14,14,14,14,14,14,14,14,14
130934,1,1,0,0,0,0,0,0,0,0,0,0
130935,1,1,21,0,10,0,0,0,0,0,0,0
130936,1,1,0,0,0,0,0,0,0,0,0,0
130936,2,1,0,0,0,0,0,0,0,0,16,0
130937,1,1,0,0,0,0,0,0,0,0,0,0
130938,1,1,0,0,0,0,0,0,0,0,0,0
130938,2,1,0,0,0,0,0,0,0,0,0,0
130939,1,1,0,0,0,0,0,0,0,0,0,0
130939,2,1,0,0,0,0,0,0,0,0,0,0
130940,1,1,0,0,0,0,0,0,0,0,0,0
130941,1,1,11,0,0,0,0,3,0,10,0,0
130941,2,1,0,0,0,0,0,0,0,0,0,0
130942,1,1,0,0,0,0,0,0,0,0,0,0
130942,2,1,0,0,0,0,0,0,0,0,0,0
130943,1,1,22,22,22,22,22,22,22,22,22,22
130944,1,1,6,6,6,6,6,6,6,6,6,6
130945,1,1,0,0,0,0,0,0,0,0,0,0
130945,2,1,0,0,0,0,0,0,0,0,0,0
130945,3,1,0,0,0,0,0,0,0,0,0,0
130946,1,1,27,27,27,27,27,27,27,27,27,27
130947,0,1,0,0,0,0,0,0,0,0,0,0
130947,0,2,0,0,0,0,0,0,0,0,0,0
130947,1,1,0,0,0,0,0,0,0,0,0,0
130948,1,1,0,16,21,34,16,10,21,0,14,0
130949,1,1,0,0,0,0,0,0,0,0,0,0
130950,0,1,0,0,0,0,0,0,0,0,0,0
130950,1,1,0,0,0,34,0,21,24,20,0,0
130951,1,1,0,0,0,0,0,0,0,0,0,0
130952,0,1,0,0,0,0,0,0,0,0,0,0
130952,1,1,18,9,19,24,18,18,9,11,5,13
130953,1,1,19,19,19,19,19,19,19,19,19,19
130954,1,1,0,0,0,0,0,0,0,0,0,0
130954,2,1,0,0,0,0,0,0,0,0,0,0
130955,1,1,0,0,0,0,0,0,0,0,0,0
130955,2,1,0,0,0,0,0,0,0,0,0,19
130955,3,1,0,0,0,0,0,0,0,0,0,0
130956,1,1,0,0,30,0,0,0,37,0,0,14
130957,1,1,17,17,17,17,17,17,17,17,17,17
130958,0,1,0,0,0,0,0,0,0,0,0,0
130958,1,1,10,38,0,0,0,34,0,0,0,0
130959,1,1,0,0,0,0,0,0,0,0,0,0
130960,1,1,0,0,0,0,0,0,0,0,0,0
130961,1,1,0,0,0,0,0,0,0,0,0,0
130961,2,1,0,0,0,0,0,0,0,0,0,0
130962,1,1,0,0,0,0,0,0,0,0,0,0
130962,2,1,2,2,2,2,2,2,2,2,2,2
130963,1,1,9,9,9,9,9,9,9,9,9,9
130964,1,1,0,20,0,0,0,0,0,10,0,0
130964,2,1,0,0,0,6,0,0,0,0,0,0
130965,1,1,20,11,26,0,0,14,10,17,14,15
130966,0,1,24,0,0,0,0,0,0,0,0,0
130966,1,1,0,39,0,27,0,0,0,0,25,25
130967,1,1,0,0,0,0,0,0,0,0,0,0
130967,2,1,0,0,0,0,0,0,0,0,0,0
130968,1,1,0,0,0,0,0,0,0,0,0,0
130968,2,1,0,0,0,0,0,0,0,0,0,0
130969,1,1,13,13,13,13,13,13,13,13,13,13
130970,1,1,0,0,0,0,0,0,0,0,0,0
130970,2,1,0,0,0,0,0,0,0,0,0,0
130971,1,1,0,0,0,0,0,0,0,0,0,0
130971,2,1,0,0,0,0,0,0,0,0,0,0
130972,1,1,0,0,0,0,0,0,0,0,0,0
130972,2,1,0,0,0,0,0,0,0,0,0,0
130973,1,1,0,0,0,0,0,0,0,0,0,0
130974,1,1,10,10,10,10,10,10,10,10,10,10
130974,2,1,0,0,0,9,0,0,13,0,0,0
130975,1,1,30,30,30,30,30,30,30,30,30,30
130975,2,1,0,0,0,0,0,0,0,0,0,0
130976,1,1,13,9,0,0,13,30,0,12,12,23
130977,0,1,0,0,0,0,0,0,0,0,0,0
130977,1,1,0,0,20,0,0,6,0,0,0,0
130978,1,1,15,19,10,22,8,15,16,0,11,3
130979,1,1,0,0,0,0,0,0,0,0,0,0
130979,2,1,0,0,0,0,0,0,0,0,0,0
130979,3,1,0,0,0,0,0,0,0,0,0,0
130979,4,1,0,0,0,0,0,0,0,0,0,0
130979,5,1,0,0,0,0,0,0,0,0,0,0
130980,1,1,0,0,0,0,11,0,0,0,0,0
130980,2,1,0,0,0,0,0,0,0,0,0,0
130981,1,1,0,0,0,0,0,0,0,0,0,0
130981,2,1,0,0,0,0,0,0,0,0,0,0
130982,1,1,0,0,11,0,0,0,0,0,0,0
130983,1,1,19,19,19,19,19,19,19,19,19,19
130983,2,1,0,0,0,0,0,0,0,0,0,0
130984,1,1,0,0,0,0,0,0,0,0,0,0
130985,1,1,27,19,15,20,10,29,0,10,18,13
130986,1,1,0,0,0,0,0,0,0,0,0,0
130987,0,1,0,0,23,0,0,17,11,0,0,0
130987,1,1,0,0,0,0,0,0,0,0,12,0
130988,0,1,0,0,0,30,7,0,0,27,0,25
130988,1,1,0,0,0,0,0,0,0,0,0,0
130989,0,1,0,0,0,0,0,0,0,0,0,0
130989,1,1,13,16,6,8,0,0,22,0,0,0
130990,1,1,0,0,0,0,0,0,0,0,0,0
130990,2,1,22,22,22,22,22,22,22,22,22,22
130991,1,1,0,0,0,25,0,0,0,0,0,0
130992,1,1,0,0,24,8,0,11,0,16,9,0
130993,1,1,18,10,0,0,0,11,0,13,13,0
130993,2,1,0,0,14,0,0,11,0,0,0,0
130994,1,1,0,7,0,20,0,0,0,0,0,0
130995,1,1,0,0,0,0,0,0,0,0,0,0
130995,2,1,0,0,0,0,0,0,0,0,0,0
130996,1,1,6,6,6,6,6,6,6,6,6,6
130997,1,1,0,0,0,0,0,0,0,0,0,0
130998,1,1,0,0,0,0,12,0,0,0,0,0
130998,2,1,0,0,0,0,0,0,0,0,13,0