ST_CASE,VEH_NO,PER_NO,P1,P2,P3,P4,P5,P6,P7,P8,P9,P10
131298,1,1,0,0,0,0,0,0,0,32,0,38
131298,2,1,0,0,0,0,13,0,0,0,0,0
131298,3,1,0,0,9,0,0,0,0,0,0,17
131299,1,1,19,0,0,10,0,0,0,0,0,0
131300,1,1,0,0,0,0,0,0,0,0,0,0
131301,0,1,0,0,0,0,0,0,0,0,0,0
131301,1,1,0,0,0,0,0,0,0,0,0,0
131301,2,1,0,0,0,0,0,0,0,0,0,0
131301,4,1,0,0,0,0,0,0,0,0,10,38
131302,1,1,0,0,0,0,0,0,0,0,0,0
131302,2,1,0,0,0,0,0,0,0,0,0,0
131303,1,1,0,0,0,0,0,0,0,0,0,0
131303,2,1,0,0,0,0,0,0,0,0,0,0
131303,3,1,0,0,0,0,0,0,0,0,0,0
131304,0,1,0,0,0,0,0,0,0,0,0,0
131304,1,1,0,0,0,0,0,13,0,11,0,0
131305,1,1,12,26,21,0,0,0,0,0,0,0
131305,2,1,0,0,0,0,0,0,0,0,0,0
131306,1,1,0,0,0,0,0,0,0,0,0,0
131306,2,1,0,0,0,0,0,0,0,12,0,0
131307,1,1,24,0,0,0,0,17,13,0,11,0
131307,2,1,24,10,0,0,10,12,0,0,0,0
131308,0,1,38,38,38,38,38,38,38,38,38,38
131308,1,1,0,0,15,0,0,0,0,0,0,0
131309,1,1,26,26,26,26,26,26,26,26,26,26
131309,2,1,0,0,0,0,0,0,0,0,24,0
131310,1,1,0,0,0,0,0,0,0,0,0,0
131311,1,1,13,13,13,13,13,13,13,13,13,13
131312,0,1,0,30,17,0,14,0,0,32,0,0
131312,1,1,0,0,0,0,0,0,0,0,0,0
131313,1,1,0,15,0,0,0,0,0,0,6,0
131314,1,1,5,41,21,6,17,14,14,10,34,17
131315,1,1,39,0,19,14,20,11,0,17,15,12
131316,1,1,0,0,17,0,0,0,0,5,19,21
131317,1,1,25,25,25,25,25,25,25,25,25,25
131318,1,1,0,7,0,6,0,0,0,0,0,0
131318,2,1,0,0,0,0,0,9,0,9,29,0
131319,1,1,0,0,0,0,0,0,0,0,0,0
131319,2,1,0,0,0,0,0,0,0,0,0,0
131320,0,1,14,55,17,0,27,16,0,0,0,0
131320,1,1,0,0,0,0,0,0,0,0,0,0
131321,0,1,0,0,0,0,0,0,0,0,0,0
131321,1,1,0,0,0,0,0,0,0,0,5,0
131321,2,1,0,0,0,0,0,0,0,0,0,0
131322,1,1,0,0,0,0,10,0,0,0,0,0
131323,1,1,0,0,0,0,0,0,0,0,0,0
131324,1,1,0,0,0,0,0,0,0,0,0,0
131324,2,1,0,0,0,0,0,0,0,0,0,0
131325,1,1,0,0,0,0,0,0,0,0,0,0
131326,1,1,0,0,0,0,0,0,0,0,0,0
131327,1,1,0,0,0,40,12,0,0,9,9,0
131328,1,1,0,0,0,0,0,0,0,0,0,0
131329,1,1,0,0,0,0,0,0,0,0,0,0
131330,1,1,0,0,0,0,0,0,0,0,0,0
131330,2,1,0,16,0,0,0,0,0,23,0,12
131331,1,1,0,0,0,0,0,0,0,0,0,0
131332,1,1,0,0,0,0,0,0,0,0,0,0
131333,1,1,0,0,0,0,0,0,0,14,0,0
131333,2,1,0,0,0,13,0,0,0,0,0,0
131334,1,1,0,0,0,0,0,0,0,0,0,0
131335,1,1,0,0,0,0,0,0,0,31,0,0
131335,2,1,0,0,0,0,0,0,0,0,0,0
150001,1,1,0,0,0,0,0,0,0,0,0,0
150001,2,1,0,0,0,0,0,0,0,0,0,0
150002,0,1,7,7,7,7,7,7,7,7,7,7
150002,1,1,0,0,0,0,0,5,3,0,8,0
150003,0,1,17,17,17,17,17,17,17,17,17,17
150003,1,1,0,0,0,0,0,0,0,0,0,0
150004,0,1,21,0,0,0,0,0,0,0,10,9
150004,1,1,0,19,0,0,0,0,0,21,0,0
150005,0,1,0,0,0,0,0,0,0,0,0,0
150005,1,1,0,0,0,0,0,0,0,0,0,0
150006,1,1,0,0,0,0,0,0,0,0,0,0
150007,1,1,0,0,0,0,0,0,0,0,0,0
150008,1,1,0,0,0,0,0,0,0,0,0,33
150008,2,1,0,0,0,0,0,0,0,0,0,0
150009,1,1,0,0,0,0,0,0,0,0,0,0
150010,1,1,28,28,28,28,28,28,28,28,28,28
150011,0,1,0,0,0,0,0,0,0,0,0,0
150011,1,1,0,0,23,19,0,16,0,21,0,0
150012,1,1,0,0,0,0,0,0,0,0,0,0
150013,0,1,17,37,0,0,0,0,9,0,0,19
150013,1,1,0,0,0,0,38,18,24,0,15,0
150014,0,1,0,0,0,0,0,0,0,0,0,0
150014,1,1,0,18,0,5,12,5,24,23,2,0
150015,1,1,2,2,2,2,2,2,2,2,2,2
150015,2,1,0,0,0,0,0,0,0,0,0,0
150016,0,1,0,0,0,0,0,0,0,0,0,0
150016,1,1,0,0,0,0,0,0,0,0,0,0
150017,1,1,0,0,0,0,0,0,0,0,0,0
150018,1,2,22,35,0,19,13,0,0,24,7,0
150019,1,1,0,0,0,0,0,0,0,0,0,0
150019,2,1,0,0,0,0,0,0,0,0,0,0
150019,3,1,0,0,0,0,0,0,0,0,0,0
150020,1,1,0,0,0,0,0,0,0,0,0,0
150020,2,1,0,0,0,0,0,0,0,0,0,0
150021,0,1,0,0,0,0,0,0,0,0,0,0
150021,1,1,0,0,0,0,0,0,0,0,0,0
150021,2,1,0,0,0,0,0,0,0,0,0,0
150022,0,1,0,0,0,0,0,0,0,0,0,0
150022,1,1,0,0,0,0,0,0,0,0,0,0
150022,2,1,0,0,0,0,0,0,0,0,0,0
150023,1,1,0,0,0,0,0,0,0,0,0,0
150024,1,1,0,0,0,0,0,0,0,0,0,0
150024,2,1,0,0,0,0,0,0,0,0,0,0
150025,0,1,0,0,38,0,15,19,0,17,0,0
150025,1,1,0,23,0,12,0,0,0,16,11,0
150026,0,1,0,0,0,0,0,0,0,0,0,0
150026,1,1,0,0,0,0,0,0,0,0,0,0
150027,1,1,10,10,10,10,10,10,10,10,10,10
150028,1,1,0,0,0,0,0,0,0,10,19,0
150028,2,1,0,17,0,0,0,0,0,0,0,0
150030,1,1,0,0,0,0,0,0,0,0,0,0
150030,2,1,0,0,0,0,0,0,0,0,0,0
150030,3,1,0,0,11,0,26,0,0,0,0,0
150031,1,1,0,7,0,13,0,6,0,0,0,0
150031,2,1,0,0,0,0,0,0,13,0,0,0
150031,3,1,0,0,0,11,0,0,0,0,0,0
150032,1,1,0,0,0,0,0,0,0,0,0,0
150032,2,1,0,0,0,0,0,0,0,0,0,0
150033,1,1,0,0,0,0,0,0,0,0,0,0
150034,0,1,0,0,0,0,0,0,0,0,0,0
150034,0,2,0,0,0,0,0,0,0,23,0,9
150034,1,1,9,9,9,9,9,9,9,9,9,9
150035,1,1,0,0,0,0,0,0,0,0,0,0
150035,2,1,0,0,0,0,0,0,0,0,0,0
150036,1,1,23,23,23,23,23,23,23,23,23,23
150037,1,1,12,12,12,12,12,12,12,12,12,12
150038,0,1,19,13,0,0,0,3,0,25,0,21
150038,1,1,0,4,18,0,31,6,0,0,0,0
150039,1,1,0,14,5,19,20,3,12,14,0,11
150039,2,1,0,0,0,17,0,0,0,0,0,0
150039,3,1,0,0,0,0,0,0,0,0,0,6
150040,0,1,0,0,0,0,29,0,0,0,0,0
150040,1,1,0,0,0,0,0,0,0,0,0,0
150041,1,1,0,0,0,0,0,0,0,0,0,0
150041,2,1,0,0,0,0,0,0,0,0,0,0
150042,1,1,0,25,3,24,14,26,11,0,22,9
150043,1,1,2,2,2,2,2,2,2,2,2,2
150043,2,1,15,15,15,15,15,15,15,15,15,15
150043,3,1,0,10,0,35,0,10,0,0,0,28
150044,1,1,0,0,0,0,0,0,0,0,0,0
150045,1,1,23,23,23,23,23,23,23,23,23,23
150045,2,1,0,0,0,0,0,0,0,0,0,0
150046,1,1,21,21,21,21,21,21,21,21,21,21
150047,0,1,0,0,9,0,0,0,9,0,0,0
150047,1,1,0,0,0,0,0,0,16,0,0,0
150047,2,1,0,0,0,0,0,0,0,0,0,0
150048,0,1,0,0,0,0,0,0,0,0,0,0
150048,1,1,0,0,0,0,0,0,0,0,0,0
150049,0,1,0,0,0,0,0,0,0,0,0,0
150049,1,1,19,0,0,0,0,0,0,0,0,0
150050,1,1,0,0,0,0,0,0,0,0,0,0
150050,2,1,7,14,0,20,25,0,0,0,0,0
150051,1,1,0,0,0,0,0,0,0,0,0,0
150051,2,1,0,0,0,12,10,0,0,7,0,0
150052,1,1,15,15,15,15,15,15,15,15,15,15
150052,2,1,0,0,0,0,0,0,0,0,0,0
150053,1,1,0,0,0,0,0,0,0,0,0,0
150053,2,1,0,0,0,0,0,0,0,0,0,0
150053,3,1,0,0,0,0,0,0,0,0,0,0
150054,1,1,0,0,0,0,0,0,0,0,0,0
150054,2,1,0,0,0,0,0,0,0,0,0,0
150055,1,1,18,18,18,18,18,18,18,18,18,18
150055,2,1,0,0,0,0,0,0,0,0,0,0
150056,1,1,13,13,13,13,13,13,13,13,13,13
150057,1,1,16,16,16,16,16,16,16,16,16,16
150058,0,1,0,0,0,0,0,0,0,0,0,0
150058,1,1,0,0,0,0,0,0,0,0,0,0
150059,1,1,0,0,0,0,0,0,0,0,0,0
150059,2,1,0,0,0,0,0,0,0,0,0,0
150060,0,1,40,40,40,40,40,40,40,40,40,40
150060,1,1,3,3,3,3,3,3,3,3,3,3
150061,1,1,10,10,10,10,10,10,10,10,10,10
150062,0,1,7,7,7,7,7,7,7,7,7,7
150062,1,1,0,0,0,0,0,0,0,0,0,0
150063,0,1,0,0,0,0,0,0,0,0,0,0
150063,1,1,0,0,0,0,0,0,0,0,0,0
150064,0,1,14,0,8,0,0,0,0,0,0,12
150064,1,1,0,0,9,0,0,0,0,11,0,0
150065,1,1,0,0,0,0,0,0,0,0,0,0
150065,2,1,0,0,0,0,0,0,0,0,0,12
150066,1,1,0,0,0,0,0,0,0,0,0,0
150066,2,1,0,0,0,0,0,0,0,0,0,0
150068,1,1,0,0,0,0,9,0,27,0,0,23
150069,1,1,24,24,24,24,24,24,24,24,24,24
150070,1,1,0,0,0,0,0,0,0,0,0,0
150071,0,1,7,7,7,7,7,7,7,7,7,7
150071,1,1,0,0,0,0,0,0,0,0,0,0
150072,0,1,0,0,0,0,0,0,0,0,0,0
150072,1,1,13,28,16,0,12,31,9,0,0,30
150073,0,1,32,0,0,24,0,0,20,0,14,3
150073,1,1,0,10,0,0,0,28,20,0,0,0
150074,1,1,23,23,23,23,23,23,23,23,23,23
150075,1,1,14,14,14,14,14,14,14,14,14,14
150076,0,1,4,4,4,4,4,4,4,4,4,4
150076,1,1,0,0,0,0,0,0,0,0,0,0
150077,1,1,0,0,0,15,0,0,0,0,0,0
150077,2,1,0,0,0,10,0,0,0,0,0,0
150078,0,1,0,0,0,0,0,0,0,23,0,0
150078,1,1,0,0,0,0,0,0,0,0,0,0
150079,0,1,0,0,0,0,0,0,0,0,0,0
150079,1,1,0,0,0,0,0,0,0,4,0,0
150080,1,1,0,6,10,15,10,0,0,0,0,8
150080,2,1,0,0,0,0,0,0,0,0,0,0
150081,1,1,0,0,0,0,5,0,16,0,0,0
150081,2,1,22,22,22,22,22,22,22,22,22,22
150082,1,1,22,22,22,22,22,22,22,22,22,22
150083,0,1,0,21,0,0,0,0,14,0,10,0
150083,1,1,0,0,0,0,0,0,0,0,0,0
150084,1,1,13,10,19,25,9,16,20,20,26,14
150084,2,1,0,14,0,8,8,30,9,2,18,2
150085,1,1,0,0,0,0,13,0,0,0,24,0
150085,2,1,0,0,0,0,0,0,0,0,0,0
150086,1,1,20,20,20,20,20,20,20,20,20,20
150087,1,1,0,0,0,0,0,0,0,0,0,0
150087,2,1,0,0,0,0,0,0,0,33,0,0
150087,3,1,18,0,0,0,0,0,0,0,0,0
150088,1,1,24,24,24,24,24,24,24,24,24,24
160001,1,1,0,0,0,0,0,0,0,0,0,0
160001,2,1,0,0,0,0,0,0,17,0,0,0
160002,1,1,0,0,0,0,0,0,0,0,0,0
160002,2,1,0,0,0,0,0,0,0,0,0,0
160002,3,1,0,0,0,0,0,0,0,0,0,0
160003,1,1,17,17,17,17,17,17,17,17,17,17
160004,0,1,0,0,0,0,0,0,0,0,0,0
160004,1,1,0,0,0,21,0,0,0,0,0,0
160005,1,1,23,23,23,23,23,23,23,23,23,23
160006,1,1,0,0,0,0,0,0,0,0,0,0
160006,2,1,0,0,0,0,0,0,0,0,0,0
160007,1,1,8,8,8,8,8,8,8,8,8,8
160008,1,1,16,16,16,16,16,16,16,16,16,16
160009,1,1,12,12,12,12,12,12,12,12,12,12
160010,1,1,0,0,0,0,0,0,0,0,0,0
160011,1,1,20,20,20,20,20,20,20,20,20,20
160012,1,1,11,11,11,11,11,11,11,11,11,11
160013,1,1,0,0,0,0,0,0,0,0,0,0
160013,2,1,0,0,0,0,0,0,0,0,0,0
160014,1,1,0,0,0,0,0,0,0,0,0,0
160014,2,1,0,0,0,0,0,0,0,0,0,0
160015,1,1,17,17,17,17,17,17,17,17,17,17
160016,1,1,18,18,18,18,18,18,18,18,18,18
160017,1,1,11,11,11,11,11,11,11,11,11,11
160018,1,1,28,28,28,28,28,28,28,28,28,28
160019,1,1,19,19,19,19,19,19,19,19,19,19
160020,1,1,0,0,0,0,0,0,0,0,0,0
160020,2,1,0,0,0,0,0,0,0,0,0,0
160021,1,1,0,0,0,0,0,0,0,0,0,0
160022,1,1,0,0,0,0,0,0,0,0,0,0
160022,2,1,94,94,94,94,94,94,94,94,94,94
160023,1,1,0,0,0,0,0,0,0,0,0,0
160023,2,1,0,0,0,0,0,0,0,0,0,0
160024,1,1,0,25,0,0,0,0,0,0,0,0
160024,2,1,0,0,0,0,15,0,0,0,0,0
160025,1,1,0,0,0,0,0,0,0,0,0,0
160025,2,1,0,0,0,0,0,0,0,0,0,0
160026,1,1,28,0,0,0,0,0,0,0,0,0
160026,2,1,9,9,9,9,9,9,9,9,9,9
160027,1,1,10,10,10,10,10,10,10,10,10,10
160028,1,1,13,13,13,13,13,13,13,13,13,13
160028,2,1,10,0,0,0,0,0,0,0,0,8
160029,1,1,0,0,0,0,0,0,0,0,0,0
160029,2,1,0,0,0,0,0,0,0,0,0,0
160030,1,1,0,0,0,0,0,0,0,0,0,0
160031,1,1,0,0,0,0,0,0,0,0,11,0
160031,2,1,0,0,0,0,0,0,0,0,0,0
160032,1,1,0,0,0,0,0,0,0,0,0,0
160033,1,1,0,0,0,0,0,0,0,0,0,0
160033,2,1,4,0,0,0,0,0,0,0,12,0
160034,1,1,6,0,0,0,4,0,0,0,0,0
160035,1,1,0,0,0,0,0,0,0,0,0,0
160036,1,1,0,0,0,0,0,0,0,0,0,0
160037,1,1,31,31,31,31,31,31,31,31,31,31
160037,2,1,0,0,0,0,0,9,0,0,0,0
160038,1,1,19,19,19,19,19,19,19,19,19,19
160038,2,1,0,0,0,9,0,0,0,0,0,0
160039,1,1,0,0,0,0,0,0,0,0,0,0
160040,1,1,25,25,25,25,25,25,25,25,25,25
160041,1,1,0,0,0,0,0,0,0,0,0,0
160041,2,1,0,0,0,0,0,0,0,0,0,0
160042,1,1,23,23,23,23,23,23,23,23,23,23
160043,1,1,20,20,20,20,20,20,20,20,20,20
160044,1,1,0,0,0,0,0,0,0,0,0,0
160045,1,1,0,0,0,0,0,19,0,0,0,0
160045,2,1,0,0,0,0,0,0,0,0,0,0
160046,1,1,0,0,0,0,0,0,0,0,0,0
160047,1,1,0,0,0,0,0,0,0,0,0,0
160047,2,1,0,0,19,0,0,0,0,0,0,0
160048,1,1,0,0,22,0,0,0,27,0,28,0
160049,1,1,0,0,0,0,0,0,0,0,0,0
160050,1,1,0,0,0,0,0,0,3,0,0,4
160051,1,1,0,0,0,0,0,0,0,0,0,0
160051,2,1,0,0,0,0,0,0,0,0,0,0
160052,1,1,0,0,0,0,0,0,0,0,0,0
160052,2,1,0,0,0,0,0,0,0,0,0,0
160053,1,1,0,0,0,0,0,0,0,0,0,0
160054,1,1,0,0,0,0,0,0,0,0,0,0
160055,1,1,0,0,0,0,0,0,0,0,0,0
160055,2,1,0,0,0,0,0,0,0,0,0,0
160055,3,1,0,0,0,0,0,0,0,0,0,19
160056,1,1,0,0,0,0,0,0,0,0,0,0
160056,2,1,0,0,0,0,0,0,0,0,0,0
160056,3,1,0,0,17,0,0,0,0,0,0,0
160057,1,1,0,0,0,0,0,0,0,0,0,0
160058,1,1,0,0,0,0,0,0,0,0,0,0
160058,2,1,0,0,0,0,0,0,0,0,0,0
160059,1,1,0,0,0,0,0,0,0,0,0,0
160060,1,1,18,18,18,18,18,18,18,18,18,18
160061,1,1,0,0,0,0,0,0,0,0,11,0
160062,1,1,10,10,10,10,10,10,10,10,10,10
160063,1,1,0,0,0,0,0,0,0,0,0,0
160064,1,1,4,4,4,4,4,4,4,4,4,4
160065,1,1,0,0,0,0,0,0,0,0,0,0
160066,1,1,0,0,0,0,0,0,0,0,0,0
160067,1,1,24,24,24,24,24,24,24,24,24,24
160069,1,1,10,10,10,10,10,10,10,10,10,10
160070,1,1,0,0,0,0,0,0,0,0,0,0
160071,1,1,0,0,0,0,0,0,0,0,0,0
160072,1,1,0,0,0,0,0,0,0,0,0,0
160072,2,1,0,0,0,0,0,0,0,0,0,0
160073,1,1,5,5,5,5,5,5,5,5,5,5
160074,1,1,0,0,0,0,0,0,0,0,21,0
160075,1,1,19,0,0,0,0,0,0,0,0,0
160076,1,1,0,6,0,0,0,8,0,0,0,0
160077,1,1,0,0,0,0,0,0,0,0,0,0
160077,2,1,0,0,0,0,0,0,0,0,0,0
160078,0,1,0,0,0,0,0,0,0,0,0,0
160078,1,1,0,0,0,0,0,0,0,0,0,0
160079,1,1,0,0,0,0,0,0,0,0,0,0
160079,2,1,0,0,0,0,0,0,0,0,0,0
160080,1,1,21,21,21,21,21,21,21,21,21,21
160081,1,1,16,0,0,0,30,0,0,0,0,0
160082,1,1,0,10,0,0,0,0,0,0,0,0
160083,1,1,35,35,35,35,35,35,35,35,35,35
160083,2,1,0,0,0,0,0,0,0,0,0,0
160084,1,1,24,24,24,24,24,24,24,24,24,24
160085,1,1,13,13,13,13,13,13,13,13,13,13
160086,1,1,17,17,17,17,17,17,17,17,17,17
160087,1,1,12,12,12,12,12,12,12,12,12,12
160088,1,1,0,0,0,0,0,0,0,0,0,0
160089,1,1,0,0,0,0,0,0,0,0,0,0
160089,2,1,0,0,0,0,0,0,0,0,0,0
160090,1,1,0,0,0,0,0,0,0,0,0,0
160091,1,1,0,0,1,0,0,0,0,0,0,13
160092,1,1,37,37,37,37,37,37,37,37,37,37
160093,1,1,0,0,0,0,0,0,3,0,0,0
160093,2,1,0,0,0,0,0,0,0,0,0,0
160094,1,1,0,0,0,0,0,0,0,0,0,0
160095,1,1,18,18,18,18,18,18,18,18,18,18
160096,1,1,25,25,25,25,25,25,25,25,25,25
160097,1,1,22,22,22,22,22,22,22,22,22,22
160098,1,1,7,7,7,7,7,7,7,7,7,7
160099,1,1,4,0,0,0,0,0,0,0,0,0
160100,1,1,0,0,0,0,0,0,0,0,0,7
160100,2,1,0,0,0,0,0,0,0,0,0,0
160101,1,1,0,0,0,0,0,0,0,0,0,15
160102,1,1,0,0,0,0,0,0,0,0,0,0
160103,1,1,0,0,0,0,0,0,0,0,0,0
160103,2,1,0,0,0,0,0,0,0,0,0,0
160104,1,1,0,0,0,0,0,0,0,0,0,0
160105,1,1,14,14,14,14,14,14,14,14,14,14
160106,1,1,0,0,0,0,0,0,0,0,0,0
160106,2,1,0,0,0,0,0,0,0,0,0,0
160107,1,1,0,0,0,0,0,0,0,0,0,0
160108,1,1,4,4,4,4,4,4,4,4,4,4
160108,2,1,0,0,0,0,0,0,0,0,0,0
160109,0,1,19,19,19,19,19,19,19,19,19,19
160109,1,1,14,14,14,14,14,14,14,14,14,14
160110,1,1,19,19,19,19,19,19,19,19,19,19
160111,1,1,12,12,12,12,12,12,12,12,12,12
160112,1,1,13,13,13,13,13,13,13,13,13,13
160112,2,1,0,0,0,0,0,0,0,0,0,0
160113,1,1,4,0,0,0,0,0,0,0,0,0
160114,1,1,0,0,0,0,0,0,0,0,0,0
160115,1,1,0,0,0,0,0,0,0,0,0,0
160115,2,1,0,0,0,0,0,0,0,0,0,0
160116,1,1,15,0,0,0,0,0,0,0,0,0
160117,1,1,0,0,0,0,0,0,0,0,0,0
160117,2,1,0,0,0,0,0,0,0,0,0,0
160118,1,1,0,0,0,0,0,0,0,0,0,0
160119,1,1,0,0,0,0,0,0,0,0,0,0
160120,1,1,0,0,0,0,0,0,0,0,0,0
160120,2,1,0,0,0,0,0,0,0,0,0,0
160121,1,1,0,0,0,0,0,0,0,0,0,0
160122,1,1,0,12,0,0,0,13,0,15,0,18
160123,1,1,0,0,0,0,0,0,0,0,0,0
160124,1,1,0,0,0,0,0,0,0,0,0,0
160124,2,1,0,0,11,0,0,0,0,0,0,0
160125,1,1,0,0,0,0,0,0,0,0,0,0
160125,2,1,0,0,0,0,0,0,0,0,0,0
160125,3,1,0,0,0,0,0,0,0,0,0,0
160126,1,1,32,32,32,32,32,32,32,32,32,32
160127,1,1,0,0,0,0,0,0,0,0,0,0
160127,2,1,0,0,0,0,0,0,0,0,0,0
160128,1,1,15,15,15,15,15,15,15,15,15,15
160128,2,1,0,0,0,0,0,0,0,0,0,0
160129,1,1,0,0,19,0,0,0,0,0,0,0
160129,2,1,0,0,0,0,28,0,0,0,0,0
160130,1,1,17,17,17,17,17,17,17,17,17,17
160130,2,1,0,0,0,0,0,0,0,0,0,0
160131,1,1,16,16,16,16,16,16,16,16,16,16
160132,1,1,1,1,1,1,1,1,1,1,1,1
160132,2,1,0,0,0,0,0,0,0,0,0,0
160133,1,1,29,29,29,29,29,29,29,29,29,29
160133,2,1,0,0,0,0,0,0,0,0,0,0
160133,3,1,0,0,0,0,0,0,0,0,9,0
160134,1,1,3,3,3,3,3,3,3,3,3,3
160135,1,1,0,0,0,0,0,0,0,0,15,0
160136,1,1,0,0,0,0,0,13,0,0,0,0
160136,2,1,0,0,0,0,0,0,0,0,0,0
160137,1,1,0,0,0,0,0,0,0,0,0,0
160138,1,1,0,0,0,0,0,0,0,10,0,0
160139,1,1,0,0,0,0,0,0,0,0,0,0
160140,1,1,0,0,0,0,0,0,0,0,0,0
160141,1,1,0,0,0,0,0,0,0,0,0,0
160141,2,1,0,0,0,0,0,0,0,0,0,0
160142,1,1,23,23,23,23,23,23,23,23,23,23
160143,1,1,0,0,0,0,0,0,0,0,0,0
160144,1,1,0,0,0,0,0,0,0,0,0,0
160144,2,1,0,0,0,0,0,0,0,0,0,0
160145,1,1,0,2,0,0,8,13,0,7,8,0
160146,1,1,0,0,0,0,0,0,0,0,0,0
160147,1,1,0,0,0,0,0,0,0,0,0,0
160147,2,1,0,0,0,0,0,0,0,0,0,0
160148,1,1,0,0,0,0,0,0,0,0,0,0
160148,2,1,0,0,0,0,0,0,0,0,0,0
160149,0,1,0,0,22,0,0,0,0,26,11,0
160149,1,1,0,0,0,0,0,0,0,0,0,0
160150,1,1,24,21,13,12,0,6,25,19,18,30
160150,2,1,0,0,9,0,0,0,0,0,0,0
160151,1,1,0,0,0,0,0,0,0,0,0,0
160152,1,1,0,0,0,0,0,0,0,0,0,0
160152,2,1,0,0,0,0,0,0,0,0,8,0
160153,1,1,0,0,0,0,0,0,0,0,0,0
160153,2,1,0,0,0,0,0,0,0,0,0,0
160154,1,1,13,13,13,13,13,13,13,13,13,13
160155,1,1,0,0,0,0,0,0,0,0,0,0
160155,2,1,0,0,0,0,0,0,0,0,0,0
160156,1,1,0,0,0,0,0,0,0,0,0,0
160157,1,1,15,15,15,15,15,15,15,15,15,15
160158,1,1,25,23,27,21,27,21,23,19,20,21
160159,1,1,0,0,0,0,0,0,0,0,0,0
160159,2,1,0,0,0,0,0,0,0,0,0,0
160160,1,1,0,0,0,0,0,0,0,0,0,0
160160,2,1,0,0,0,0,0,0,0,0,0,0
160161,1,1,0,0,0,0,0,0,0,0,0,0
160161,2,1,0,0,0,0,0,0,0,0,0,0
160162,1,1,13,24,12,12,18,25,16,13,10,16
160163,1,1,0,0,0,0,0,0,0,7,0,0
160164,1,1,0,0,0,0,0,0,0,0,0,0
160164,2,1,0,0,0,0,0,0,0,0,0,0
160165,1,1,0,0,0,0,0,0,0,0,0,0
160165,2,1,0,0,0,0,0,0,0,0,0,0
160166,1,1,0,0,0,0,0,0,0,0,0,0
160166,2,1,0,0,0,0,0,0,0,15,0,0
160167,1,1,0,0,0,0,0,0,0,0,0,0
160168,1,1,4,4,4,4,4,4,4,4,4,4
160169,1,1,0,0,0,0,0,0,0,0,0,0
160169,2,1,0,0,0,0,0,0,0,0,0,0
160170,1,1,8,8,8,8,8,8,8,8,8,8
160171,1,1,21,21,21,21,21,21,21,21,21,21
160172,1,1,0,0,0,0,11,0,26,0,0,0
160173,1,1,0,30,0,0,0,0,0,30,0,0
160173,2,1,0,0,0,0,0,0,0,8,0,0
160174,1,1,23,23,23,23,23,23,23,23,23,23
160175,1,1,15,15,15,15,15,15,15,15,15,15
160176,1,1,0,0,0,0,0,0,0,0,0,0
160177,1,1,0,0,0,0,0,0,0,0,0,0
160177,2,1,0,0,0,0,0,0,0,0,0,0
160178,1,1,0,0,0,0,0,0,0,0,0,0
160178,2,1,21,21,21,21,21,21,21,21,21,21
160179,0,1,0,0,0,0,0,0,0,0,0,0
160179,1,1,0,0,0,0,0,0,0,0,0,0
160180,1,1,0,0,0,0,0,0,0,0,0,21
160180,2,1,0,0,0,0,0,0,0,0,0,0
160181,0,1,0,0,0,0,0,0,0,0,0,0
160181,1,1,0,0,0,0,0,0,0,0,0,0
160181,2,1,0,8,0,0,0,0,0,0,0,19
160182,1,1,0,0,0,0,0,0,0,0,0,0
160183,1,1,0,0,0,0,0,0,0,0,0,0
160184,1,1,0,0,0,0,0,0,0,0,10,0
160185,1,1,0,0,0,0,0,0,3,0,0,0
160185,2,1,0,0,0,0,0,0,0,0,0,0
160185,3,1,0,9,0,0,0,0,0,0,0,0
160186,1,1,0,0,0,0,0,0,0,0,0,0
160186,2,1,0,0,0,0,0,0,0,0,0,0
160186,3,1,0,0,0,0,0,0,0,0,0,0
160187,0,1,0,0,0,0,0,0,0,0,0,0
160187,1,1,0,0,0,0,0,0,0,0,0,0
160187,2,1,0,0,0,0,0,0,0,0,0,0
160188,1,1,0,0,0,0,0,0,0,0,0,0
160189,1,1,0,0,0,0,4,0,0,0,0,0
160190,1,1,0,0,0,0,0,0,0,0,0,0
160190,2,1,0,0,0,0,0,0,0,0,0,0
160191,1,1,10,10,10,10,10,10,10,10,10,10
160191,2,1,11,11,11,11,11,11,11,11,11,11
160192,1,1,15,15,15,15,15,15,15,15,15,15
160193,1,1,7,14,6,13,9,27,17,22,7,6
160194,1,1,0,0,0,0,0,0,0,0,25,0
160194,2,1,0,0,0,0,0,0,0,0,0,0
160195,1,1,0,11,0,0,0,0,0,0,0,0
160196,1,1,0,0,0,0,0,0,0,0,0,0
160196,2,1,0,0,0,0,0,0,0,0,0,0
160197,1,1,0,0,0,0,0,0,0,0,0,0
160198,1,1,0,0,0,0,0,0,0,0,0,0
160199,0,1,0,0,0,0,5,0,0,10,11,31
160199,1,1,0,0,0,0,9,0,0,0,0,0
170001,1,1,0,0,0,0,0,0,0,0,0,0
170002,1,1,0,0,0,0,0,0,0,0,0,0