ST_CASE,VEH_NO,PER_NO,P1,P2,P3,P4,P5,P6,P7,P8,P9,P10
170002,2,1,0,0,0,0,0,0,0,0,0,0
170003,1,1,2,2,2,2,2,2,2,2,2,2
170003,2,1,0,0,0,0,0,0,0,0,0,0
170004,0,1,0,0,0,0,0,0,0,0,0,0
170004,1,1,0,0,0,0,0,0,0,0,0,0
170005,1,1,0,0,0,0,0,0,0,0,0,0
170005,2,1,0,0,0,0,0,0,0,0,0,0
170006,1,1,26,26,26,26,26,26,26,26,26,26
170007,1,1,33,33,33,33,33,33,33,33,33,33
170009,1,1,18,18,18,18,18,18,18,18,18,18
170009,2,1,0,0,0,0,0,0,0,0,0,0
170010,1,1,0,0,0,0,0,0,0,0,0,0
170011,1,1,19,10,26,18,14,18,7,6,3,16
170011,2,1,0,0,0,0,0,0,0,0,29,0
170011,3,1,0,0,0,13,0,0,17,0,0,0
170012,1,1,0,0,0,0,0,0,0,0,0,0
170013,0,1,0,0,0,0,0,0,0,0,0,0
170013,1,1,0,0,1,0,10,0,0,0,0,0
170015,1,1,15,15,15,15,15,15,15,15,15,15
170016,0,1,0,0,0,0,0,0,0,0,0,0
170016,1,1,0,0,0,0,0,0,0,0,0,0
170017,1,1,27,27,27,27,27,27,27,27,27,27
170018,1,1,0,0,0,0,0,0,0,0,0,0
170019,1,1,0,0,0,0,0,0,0,0,0,0
170021,1,1,30,30,30,30,30,30,30,30,30,30
170021,2,1,0,10,0,0,23,0,0,0,15,0
170022,1,1,40,40,40,40,40,40,40,40,40,40
170023,1,1,0,0,0,0,0,0,0,0,0,0
170025,0,1,0,0,0,0,0,0,0,0,0,0
170025,1,1,0,0,0,0,0,0,8,0,0,0
170026,1,1,33,33,33,33,33,33,33,33,33,33
170027,0,1,0,0,0,0,0,0,0,0,0,0
170027,1,1,0,0,0,0,0,0,0,0,0,0
170028,0,1,0,0,0,0,0,0,0,0,0,0
170028,1,1,0,0,0,0,0,0,0,0,0,0
170029,1,1,0,0,0,0,0,0,0,0,0,0
170029,2,1,0,0,0,0,0,0,0,0,0,0
170030,1,1,22,22,22,22,22,22,22,22,22,22
170031,1,1,0,0,0,0,0,0,0,0,0,0
170032,0,1,0,0,0,0,0,0,0,0,0,0
170032,1,1,0,0,0,0,0,0,0,0,0,0
170033,0,1,0,0,0,0,0,0,0,0,0,0
170034,1,1,0,0,0,0,0,0,0,0,0,0
170034,2,1,0,0,0,0,0,0,0,0,0,0
170035,1,1,0,0,30,0,0,0,0,0,0,0
170035,2,1,0,0,0,0,0,0,0,0,0,0
170036,1,1,0,0,0,0,0,21,0,0,0,0
170036,2,1,0,0,0,0,0,0,0,0,0,0
170037,1,1,0,0,0,0,0,0,0,0,0,0
170037,2,1,0,6,21,0,0,16,0,20,0,0
170038,1,1,0,0,0,0,0,0,0,0,0,0
170038,2,1,1,1,1,1,1,1,1,1,1,1
170039,0,1,0,0,0,0,0,0,0,0,0,0
170039,1,1,0,0,0,0,0,0,0,0,0,0
170040,1,1,17,28,0,0,15,0,0,0,0,0
170043,1,1,9,10,12,0,9,22,0,17,12,5
170043,2,1,0,0,0,0,0,0,0,0,0,0
170044,1,1,0,0,0,0,0,0,0,0,0,0
170044,2,1,0,0,0,0,0,0,0,0,0,0
170045,1,1,0,0,0,0,0,0,0,0,0,0
170045,2,1,0,0,0,0,0,0,0,0,0,0
170046,1,1,21,21,21,21,21,21,21,21,21,21
170047,1,1,0,0,0,0,0,0,0,0,0,0
170048,0,1,0,0,0,0,0,0,0,0,0,0
170048,1,1,0,0,0,0,0,0,0,0,0,0
170049,1,1,0,0,0,0,0,0,0,0,0,0
170049,2,1,0,0,0,0,0,0,0,0,0,0
170050,1,1,15,15,15,15,15,15,15,15,15,15
170051,1,1,0,0,0,0,4,0,0,0,0,0
170051,2,1,0,0,0,0,0,0,0,0,0,0
170052,1,1,23,23,23,23,23,23,23,23,23,23
170053,1,1,24,24,24,24,24,24,24,24,24,24
170054,1,1,7,7,7,7,7,7,7,7,7,7
170055,0,1,11,25,29,33,25,26,23,12,22,10
170055,1,1,0,0,0,0,0,0,0,0,0,0
170056,1,1,30,30,30,30,30,30,30,30,30,30
170057,1,1,0,0,0,0,0,0,0,0,0,0
170058,1,1,24,24,24,24,24,24,24,24,24,24
170059,0,1,0,0,0,0,0,0,0,0,0,0
170059,1,1,3,3,3,3,3,3,3,3,3,3
170061,1,1,0,0,0,0,0,0,0,0,0,0
170061,2,1,0,0,0,0,0,0,0,0,0,0
170061,3,1,0,0,0,23,0,0,21,0,0,0
170062,1,1,0,0,0,0,0,0,0,0,0,0
170063,1,1,18,18,18,18,18,18,18,18,18,18
170063,2,1,0,0,0,0,0,0,0,0,0,0
170064,0,1,0,0,0,0,0,0,0,0,0,0
170064,1,1,0,0,0,0,0,0,0,0,0,0
170065,1,1,0,0,0,0,0,0,0,0,0,0
170065,2,1,0,25,0,0,0,0,0,0,0,0
170065,3,1,0,0,0,0,0,0,0,0,0,0
170066,1,1,0,0,0,0,0,0,0,0,0,0
170070,1,1,0,0,0,0,0,0,0,0,0,0
170070,2,1,0,0,0,0,0,0,0,0,0,0
170071,0,1,0,0,0,0,0,0,0,13,27,0
170072,1,1,19,19,19,19,19,19,19,19,19,19
170072,2,1,0,0,0,24,0,0,0,0,0,0
170072,3,1,0,22,0,0,0,0,0,0,0,0
170074,1,1,0,0,0,0,0,0,0,0,0,0
170075,1,1,18,18,18,18,18,18,18,18,18,18
170076,0,1,23,23,23,23,23,23,23,23,23,23
170076,1,1,0,0,0,0,0,0,0,0,0,0
170076,2,1,0,0,0,0,0,0,0,0,0,0
170077,1,1,14,14,14,14,14,14,14,14,14,14
170078,1,1,16,16,16,16,16,16,16,16,16,16
170079,1,1,7,31,11,0,0,0,0,0,0,7
170080,0,1,32,32,32,32,32,32,32,32,32,32
170080,1,1,0,0,0,10,0,0,0,0,0,0
170081,1,1,0,0,0,0,0,0,0,0,0,0
170081,2,1,0,0,0,0,0,0,0,0,0,0
170082,1,1,0,0,0,0,0,0,0,0,0,0
170083,1,1,0,24,16,3,20,21,0,13,25,6
170083,2,1,10,10,10,10,10,10,10,10,10,10
170084,1,1,0,0,0,0,0,2,0,0,0,0
170084,2,1,0,18,0,0,0,0,0,0,0,0
170085,1,1,0,0,0,0,0,0,0,0,3,0
170086,2,1,0,0,0,0,0,0,0,0,0,0
170087,1,1,0,0,0,0,0,0,0,0,0,0
170088,1,1,36,0,11,23,15,8,18,0,13,21
170089,1,1,0,0,0,0,0,0,0,0,0,0
170090,1,1,0,0,0,0,0,0,0,0,0,0
170090,2,1,7,0,0,0,0,0,0,0,0,0
170091,1,1,11,11,11,11,11,11,11,11,11,11
170092,1,1,0,0,0,18,0,0,0,0,0,23
170093,1,1,12,12,12,12,12,12,12,12,12,12
170095,1,1,0,0,0,0,0,0,0,0,0,0
170096,1,1,0,0,0,0,0,0,0,0,0,0
170098,1,1,14,14,14,14,14,14,14,14,14,14
170099,1,1,16,16,16,16,16,16,16,16,16,16
170100,1,1,13,13,13,13,13,13,13,13,13,13
170101,1,1,0,0,14,0,0,0,0,0,20,28
170102,1,1,0,0,0,0,0,0,0,0,0,0
170103,1,1,0,0,0,0,0,0,0,0,0,0
170104,1,1,13,13,13,13,13,13,13,13,13,13
170105,1,1,0,0,0,0,0,0,0,0,0,0
170106,1,1,0,0,0,0,0,0,0,0,0,0
170107,1,1,13,13,13,13,13,13,13,13,13,13
170108,1,1,0,0,0,0,0,0,0,0,0,0
170109,1,1,20,20,20,20,20,20,20,20,20,20
170110,1,1,0,0,0,0,0,0,0,0,0,0
170110,2,1,14,0,0,0,4,0,0,0,0,0
170111,1,1,0,0,0,0,0,0,0,0,0,0
170111,2,1,0,0,0,0,0,0,0,0,0,0
170112,1,1,19,19,19,19,19,19,19,19,19,19
170113,1,1,19,19,19,19,19,19,19,19,19,19
170114,1,1,0,0,23,0,0,0,0,0,0,0
170115,1,1,0,0,0,0,0,0,0,0,0,0
170115,2,1,0,0,0,0,0,0,0,0,0,0
170116,1,1,0,0,0,0,0,0,0,0,0,0
170116,2,1,18,0,0,0,16,0,0,0,0,0
170117,1,1,0,0,0,0,0,0,0,0,0,0
170117,2,1,0,0,0,0,0,0,0,0,0,0
170118,1,1,0,0,0,0,0,32,0,0,0,0
170118,2,1,0,0,0,0,0,0,0,0,0,0
170119,1,1,26,26,26,26,26,26,26,26,26,26
170120,1,1,0,0,0,0,0,0,0,0,0,0
170120,2,1,0,0,0,0,0,0,0,0,0,0
170121,0,1,0,0,0,0,0,0,0,0,0,0
170121,1,1,0,0,0,0,0,0,0,0,0,0
170122,1,1,26,26,26,26,26,26,26,26,26,26
170123,1,1,0,0,0,0,0,0,0,0,0,0
170123,2,1,0,0,0,0,0,0,0,0,0,0
170124,0,1,27,27,27,27,27,27,27,27,27,27
170124,1,1,0,0,18,0,0,0,0,0,42,0
170125,0,1,0,0,0,0,0,0,0,0,0,0
170125,1,1,0,25,0,0,0,0,0,0,0,0
170126,1,1,0,0,0,0,0,0,0,0,0,0
170126,2,1,0,0,0,0,0,0,0,0,0,0
170127,1,1,7,7,7,7,7,7,7,7,7,7
170127,2,1,0,0,0,0,0,0,0,0,0,0
170128,1,1,23,23,23,23,23,23,23,23,23,23
170129,1,1,0,0,0,0,0,0,0,0,0,0
170130,1,1,0,0,0,0,0,0,0,0,0,0
170130,2,1,0,0,0,0,0,0,0,0,10,0
170131,1,1,0,0,0,0,0,0,0,0,0,0
170132,1,1,0,0,0,0,0,0,0,0,0,0
170133,1,1,4,4,4,4,4,4,4,4,4,4
170133,2,1,0,0,0,0,0,0,0,0,0,0
170133,3,1,0,0,0,0,0,0,0,0,0,0
170134,1,1,0,0,0,10,0,13,3,0,0,0
170134,2,1,0,0,0,0,0,0,0,0,0,0
170135,1,1,0,0,0,0,0,0,0,0,0,0
170136,1,1,0,0,0,0,0,0,0,0,0,0
170136,2,1,0,0,0,0,0,0,0,0,0,0
170137,1,1,0,0,0,0,0,0,0,0,0,0
170138,1,1,0,0,0,0,0,0,0,0,0,0
170138,2,1,0,0,0,0,0,0,0,0,0,0
170140,1,1,14,14,14,14,14,14,14,14,14,14
170141,1,1,0,0,0,0,0,0,0,0,0,0
170141,2,1,0,0,0,0,0,0,0,0,0,0
170142,1,1,12,0,0,0,0,0,0,0,0,0
170143,1,1,0,0,0,0,0,0,0,0,0,0
170143,2,1,0,0,0,0,0,0,0,0,0,0
170144,1,1,0,0,14,0,0,0,0,0,0,0
170144,2,1,0,0,0,0,0,0,0,0,0,0
170145,1,1,0,0,0,0,0,0,0,0,0,0
170145,2,1,0,0,0,0,0,0,0,0,0,0
170146,1,1,12,12,12,12,12,12,12,12,12,12
170147,1,1,17,17,17,17,17,17,17,17,17,17
170147,2,1,0,0,0,0,0,0,0,0,0,0
170148,1,1,0,0,0,0,0,0,0,0,0,0
170148,2,1,0,0,0,0,5,0,0,0,0,0
170149,1,1,15,15,15,15,15,15,15,15,15,15
170150,1,1,0,0,0,0,0,0,0,0,0,0
170150,2,1,0,0,0,0,0,0,0,0,0,0
170150,3,1,0,0,0,0,0,0,0,0,0,0
170151,1,1,0,0,0,0,0,0,0,0,0,0
170152,1,1,0,0,0,0,0,0,0,0,0,0
170152,2,1,0,0,0,0,0,0,0,0,0,0
170153,0,1,0,0,0,0,0,0,0,0,0,0
170153,1,1,0,0,0,0,0,0,0,0,0,0
170154,1,1,0,0,0,0,0,0,4,0,0,0
170154,2,1,0,0,0,0,0,0,0,15,0,0
170155,1,1,0,0,0,0,0,0,0,0,0,0
170156,1,1,24,24,24,24,24,24,24,24,24,24
170157,1,1,20,9,9,16,4,16,23,30,10,23
170157,2,1,0,0,0,0,0,0,0,0,0,0
170157,3,1,0,0,0,0,0,0,0,0,0,0
170158,1,1,10,0,0,0,0,0,0,0,0,0
170158,2,1,0,0,0,0,0,0,0,0,0,0
170159,0,1,0,0,0,0,0,0,0,0,0,0
170159,1,1,0,0,0,0,0,0,0,0,0,0
170160,0,1,29,29,29,29,29,29,29,29,29,29
170160,1,1,0,0,0,0,0,0,0,0,0,0
170161,1,1,0,0,0,0,0,0,0,0,0,0
170161,2,1,0,0,0,0,0,0,13,0,0,0
170162,0,1,0,0,0,0,0,0,0,0,27,0
170162,1,1,0,0,0,0,0,0,0,0,0,0
170163,1,1,6,6,6,6,6,6,6,6,6,6
170164,0,1,0,0,0,0,0,0,0,0,0,0
170164,1,1,9,12,11,18,11,11,23,27,8,8
170165,0,1,5,5,5,5,5,5,5,5,5,5
170165,1,1,0,0,0,0,0,0,0,0,0,0
170165,2,1,7,7,7,7,7,7,7,7,7,7
170166,1,1,0,0,0,12,0,0,0,0,0,22
170167,1,1,20,20,20,20,20,20,20,20,20,20
170169,1,1,0,0,0,0,0,0,0,0,0,0
170169,2,1,0,0,0,0,0,0,0,0,0,0
170170,0,1,23,23,23,23,23,23,23,23,23,23
170170,1,1,0,0,0,0,0,0,0,0,0,0
170171,1,1,24,24,24,24,24,24,24,24,24,24
170171,2,1,0,0,0,21,0,0,0,0,0,0
170172,1,1,0,0,0,0,0,0,0,0,0,0
170172,2,1,0,0,0,0,0,0,0,0,0,0
170173,1,1,0,0,0,0,0,0,0,0,0,0
170174,0,1,28,28,28,28,28,28,28,28,28,28
170174,1,1,0,0,0,0,0,0,0,0,0,0
170175,0,1,20,20,20,20,20,20,20,20,20,20
170175,1,1,0,0,0,0,0,0,0,0,0,0
170176,0,1,0,0,0,0,0,0,0,0,0,0
170176,1,1,0,0,0,0,0,0,0,0,0,0
170177,1,1,0,0,0,0,0,0,0,0,0,0
170178,1,1,0,0,0,0,0,0,19,0,0,0
170178,2,1,0,0,0,0,8,0,0,0,0,0
170179,1,1,17,17,17,17,17,17,17,17,17,17
170180,1,1,3,4,0,20,14,2,0,0,9,0
170180,2,1,9,0,0,0,0,0,11,25,0,26
170181,1,1,0,0,0,0,0,0,0,0,0,0
170182,1,1,0,0,0,0,0,0,0,0,0,0
170182,2,1,0,0,0,0,0,0,0,0,0,0
170183,1,1,0,0,0,0,0,0,0,0,0,0
170183,2,1,11,11,11,11,11,11,11,11,11,11
170184,1,1,0,0,0,0,0,0,0,0,0,0
170184,2,1,0,0,0,0,0,0,0,0,0,0
170185,1,1,0,0,0,0,0,0,0,0,0,0
170186,0,1,8,8,8,8,8,8,8,8,8,8
170186,1,1,0,0,0,0,0,0,0,0,0,0
170187,1,1,16,16,16,16,16,16,16,16,16,16
170188,0,1,0,0,0,0,0,0,0,0,0,0
170188,1,1,0,0,0,0,0,0,0,0,0,0
170189,1,1,16,12,9,16,7,14,13,14,9,24
170189,2,1,38,38,38,38,38,38,38,38,38,38
170191,1,1,21,21,21,21,21,21,21,21,21,21
170191,2,1,0,0,0,0,0,0,0,0,0,0
170192,0,1,0,0,0,0,0,0,0,0,0,0
170192,1,1,0,0,0,0,0,0,12,16,0,0
170193,1,1,20,20,20,20,20,20,20,20,20,20
170193,2,1,0,0,0,0,0,0,0,0,0,0
170194,1,1,0,0,0,0,0,0,0,3,0,0
170194,2,1,18,18,18,18,18,18,18,18,18,18
170195,0,1,0,0,0,0,0,0,0,0,0,0
170195,1,1,0,0,0,0,0,0,0,0,0,0
170196,1,1,13,0,0,0,12,16,0,7,0,0
170197,1,1,0,0,0,0,0,0,0,0,0,0
170198,1,1,0,0,0,0,0,0,0,0,0,0
170198,2,1,0,0,0,0,0,0,0,5,0,0
170199,1,1,0,0,0,0,0,0,6,0,0,0
170199,2,1,0,0,0,0,0,0,0,0,0,0
170200,0,1,0,0,0,0,0,0,0,0,0,0
170200,1,1,0,0,0,0,0,0,0,0,0,0
170201,0,1,22,22,22,22,22,22,22,22,22,22
170201,1,1,9,9,9,9,9,9,9,9,9,9
170202,1,1,0,0,0,0,0,0,0,0,0,0
170202,2,1,0,0,0,0,0,0,0,0,0,0
170203,1,1,22,22,22,22,22,22,22,22,22,22
170204,1,1,0,0,0,0,0,0,0,0,0,0
170204,2,1,0,0,0,0,0,0,0,0,0,0
170204,3,1,0,0,0,0,0,0,0,0,0,0
170204,4,1,0,0,0,0,0,0,0,0,0,0
170204,5,1,0,0,0,0,0,0,0,18,0,9
170205,1,1,9,9,9,9,9,9,9,9,9,9
170206,1,1,28,16,17,3,12,3,18,13,17,6
170206,2,1,0,0,0,0,0,0,0,0,0,8
170206,3,1,0,0,0,41,0,6,0,0,0,0
170207,0,1,0,0,0,0,0,0,0,0,0,0
170207,1,1,0,0,0,0,0,0,0,0,0,18
170208,1,1,0,0,10,0,0,9,0,0,0,0
170209,1,1,0,0,0,0,0,0,0,0,0,0
170210,1,1,0,0,0,0,0,0,0,0,0,0
170210,2,1,0,0,0,0,0,0,0,0,0,0
170211,1,1,27,10,0,12,16,3,0,0,0,0
170211,2,1,0,0,0,0,0,0,0,0,0,20
170212,1,1,5,5,5,5,5,5,5,5,5,5
170213,1,1,0,0,0,0,0,0,0,0,0,0
170214,1,1,0,0,0,0,0,0,0,0,0,0
170215,1,1,18,18,18,18,18,18,18,18,18,18
170216,1,1,17,17,17,17,17,17,17,17,17,17
170217,0,1,0,0,0,0,0,0,0,0,0,0
170217,1,1,0,0,0,0,0,0,0,0,23,0
170218,1,1,27,27,27,27,27,27,27,27,27,27
170219,1,1,0,0,0,0,0,0,0,0,0,0
170219,2,1,0,0,0,0,0,0,0,0,0,0
170220,1,1,17,17,17,17,17,17,17,17,17,17
170221,0,1,0,0,0,0,0,0,0,0,0,0
170221,1,1,0,0,0,0,0,0,0,0,0,0
170222,1,1,0,0,0,0,0,0,0,0,0,0
170223,1,1,25,25,25,25,25,25,25,25,25,25
170224,1,1,12,12,12,12,12,12,12,12,12,12
170224,2,1,11,12,0,0,0,21,0,0,26,16
170225,0,1,41,41,41,41,41,41,41,41,41,41
170225,1,1,22,11,20,22,13,20,12,22,12,17
170226,1,1,0,0,0,0,0,0,0,0,0,0
170226,2,1,0,0,0,0,0,0,0,0,0,0
170226,3,1,0,0,0,0,0,0,0,0,0,0
170226,4,1,0,0,0,0,0,0,0,0,0,0
170226,5,1,0,0,0,0,0,0,0,0,0,0
170227,1,1,0,0,0,0,0,0,0,0,0,0
170228,1,1,0,0,0,0,0,0,0,0,0,0
170228,2,1,0,0,0,0,0,0,0,0,0,0
170229,1,1,0,0,0,0,0,0,0,0,0,0
170229,2,1,8,8,8,8,8,8,8,8,8,8
170230,1,1,0,0,0,0,0,0,0,0,0,0
170230,2,1,6,6,6,6,6,6,6,6,6,6
170231,1,1,0,0,0,0,0,0,0,0,0,0
170231,2,1,0,0,0,0,0,0,0,0,0,0
170232,1,1,0,0,0,0,0,0,0,0,0,0
170233,1,1,0,0,0,0,0,0,0,0,0,0
170234,0,1,0,0,0,0,0,0,0,0,0,0
170234,1,1,0,0,13,9,5,12,0,0,13,14
170235,1,1,0,0,0,0,0,0,0,0,0,0
170235,2,1,0,0,0,0,0,0,0,0,0,0
170236,1,1,0,0,0,0,0,0,0,0,0,0
170236,2,1,0,0,3,0,0,0,5,0,0,0
170238,1,1,10,10,10,10,10,10,10,10,10,10
170239,1,1,0,0,0,0,0,0,0,0,0,0
170239,2,1,0,0,0,0,0,0,0,0,0,0
170240,1,1,20,20,20,20,20,20,20,20,20,20
170241,1,1,0,0,0,0,0,0,0,0,0,0
170241,2,1,0,0,0,0,0,0,0,0,0,0
170241,3,1,0,0,0,0,0,0,0,0,0,0
170241,4,1,0,0,0,0,0,0,0,0,0,0
170242,0,1,0,0,0,0,0,0,0,0,0,0
170242,1,1,0,0,12,0,0,11,16,0,0,0
170243,1,1,0,5,0,0,0,0,39,8,0,0
170243,2,1,0,0,0,0,0,0,0,0,0,0
170244,1,1,0,0,12,0,13,0,0,0,0,0
170245,1,1,0,0,0,0,0,0,0,0,0,0
170245,2,1,0,0,0,0,0,0,0,0,0,0
170246,0,1,20,20,20,20,20,20,20,20,20,20
170246,1,1,0,0,0,0,10,0,30,0,0,0
170247,1,1,0,0,0,0,0,0,0,0,0,0
170248,1,1,10,10,10,10,10,10,10,10,10,10
170248,2,1,37,37,37,37,37,37,37,37,37,37
170249,0,1,0,0,0,0,0,0,0,0,0,0
170249,1,1,64,0,0,0,0,0,0,0,0,0
170250,1,1,10,0,0,0,0,19,0,10,0,14
170251,1,1,0,0,0,0,0,0,0,0,0,0
170251,2,1,0,0,0,0,0,0,0,0,0,0
170252,1,1,2,2,2,2,2,2,2,2,2,2
170254,1,1,15,0,33,0,0,18,0,0,0,0
170255,1,1,0,0,0,0,0,0,0,0,0,0
170255,2,1,0,0,0,0,0,0,0,0,0,0
170257,1,1,0,15,0,0,0,0,0,0,0,0
170258,0,1,0,0,0,0,0,0,0,0,0,0
170258,1,1,0,10,18,0,0,0,0,0,0,0
170259,0,1,29,29,29,29,29,29,29,29,29,29
170259,1,1,0,0,0,0,21,0,0,0,0,0
170260,0,1,0,0,0,0,0,0,0,0,0,0
170260,1,1,0,0,0,0,0,0,0,0,0,0
170261,1,1,0,0,0,0,0,0,0,0,0,0
170261,2,1,0,0,0,0,0,0,0,0,0,0
170262,1,1,0,0,0,0,0,0,0,0,0,0
170263,1,1,0,0,0,0,0,0,0,0,0,0
170263,2,1,22,0,0,0,0,0,0,0,0,0
170264,0,1,0,0,0,0,0,0,0,0,0,0
170264,1,1,0,0,0,0,0,0,0,0,0,0
170265,1,1,9,9,9,9,9,9,9,9,9,9
170266,1,1,10,10,10,10,10,10,10,10,10,10
170267,1,1,13,13,13,13,13,13,13,13,13,13
170268,1,1,0,7,0,0,0,0,0,5,0,0
170269,1,1,3,7,12,14,23,25,20,24,19,9
170270,1,1,9,0,0,0,10,0,0,0,0,0
170271,0,1,14,14,14,14,14,14,14,14,14,14
170271,1,1,0,13,13,0,0,0,0,18,0,0
170272,1,1,29,6,0,0,0,23,0,9,0,0
170272,2,1,4,4,4,4,4,4,4,4,4,4
170273,1,1,0,0,0,0,0,0,0,0,0,0
170273,2,1,0,0,0,0,0,0,0,0,0,0
170274,1,1,0,0,0,0,0,0,0,0,0,0
170274,2,1,0,0,0,0,0,0,0,0,0,0
170275,1,1,0,0,0,0,0,0,0,0,0,0
170275,2,1,0,0,0,0,0,0,0,0,0,0
170275,3,1,0,0,0,0,0,0,0,0,0,0
170275,4,1,0,0,0,0,0,6,0,0,0,0
170276,1,1,0,0,0,0,0,0,0,0,0,0
170276,2,1,0,0,0,0,0,0,0,0,0,0
170276,3,1,0,0,0,0,0,0,0,0,0,0
170278,1,1,32,32,32,32,32,32,32,32,32,32
170278,2,1,0,0,0,0,0,0,0,0,0,0
170279,1,1,19,19,19,19,19,19,19,19,19,19
170280,1,1,0,0,0,0,0,0,0,0,0,0
170280,2,1,0,0,0,0,0,0,0,0,0,0
170281,0,1,0,0,0,0,0,0,0,0,0,0
170281,0,2,0,0,0,0,0,0,0,0,0,0
170281,0,3,0,0,0,0,0,0,0,0,0,0
170281,1,1,0,0,0,0,0,0,0,0,0,0
170283,1,1,0,0,0,0,0,0,0,0,0,0
170283,2,1,0,18,0,19,11,0,0,0,0,16
170284,0,1,27,27,27,27,27,27,27,27,27,27
170284,1,1,0,0,0,0,0,0,0,0,0,0
170285,1,1,19,19,19,19,19,19,19,19,19,19
170286,1,1,0,0,0,0,0,0,0,0,0,0
170287,0,1,0,0,0,0,0,0,0,0,0,0
170287,1,1,0,0,0,0,0,0,0,0,10,0
170288,0,1,13,13,13,13,13,13,13,13,13,13
170288,1,1,0,0,0,22,15,0,0,26,4,0
170289,0,1,0,0,17,0,0,22,0,0,0,0
170289,1,1,0,0,0,0,0,0,0,0,0,0
170290,0,1,0,0,0,0,0,0,0,0,0,0
170290,1,1,0,0,0,0,0,0,0,0,0,0
170291,1,1,0,0,0,0,0,0,0,0,0,0
170292,1,1,28,28,28,28,28,28,28,28,28,28
170293,1,1,12,12,12,12,12,12,12,12,12,12
170293,2,1,0,0,0,0,0,0,0,0,0,0
170294,0,1,0,0,0,0,0,0,0,0,0,0
170294,1,1,0,0,0,0,0,0,0,0,0,0
170295,1,1,9,12,0,0,0,0,0,0,0,0
170296,0,1,0,0,0,0,0,0,0,0,0,0
170296,1,1,0,13,0,2,0,0,0,0,8,21
170297,1,1,0,0,0,0,0,0,13,0,6,0
170297,2,1,0,0,0,0,0,0,0,0,0,0
170298,1,1,0,0,0,0,0,0,0,0,0,0
170298,2,1,3,3,3,3,3,3,3,3,3,3
170299,1,1,0,0,0,0,0,0,0,0,0,0
170300,1,1,22,22,22,22,22,22,22,22,22,22
170301,0,1,0,0,0,0,0,0,0,0,0,0
170301,1,1,0,0,31,23,0,0,0,7,0,0
170302,0,1,0,0,0,0,0,0,0,0,0,0
170302,0,2,0,0,0,0,0,0,0,0,0,0
170302,1,1,19,14,0,17,17,13,9,14,24,19
170302,4,1,0,0,10,0,0,5,0,0,0,0
170303,1,1,0,0,0,0,0,0,0,0,0,0
170303,2,1,0,9,0,8,0,0,0,0,0,0
170304,1,1,0,0,0,0,0,0,0,0,0,0
170305,1,1,0,0,0,20,14,0,17,0,12,0
170305,2,1,0,0,0,0,0,9,0,0,0,0
170305,3,1,0,0,0,0,0,0,0,0,0,0
170306,1,1,23,23,23,23,23,23,23,23,23,23
170307,1,1,26,26,26,26,26,26,26,26,26,26
170308,1,1,0,0,0,0,0,0,0,0,0,0
170309,0,1,5,5,5,5,5,5,5,5,5,5
170309,1,1,0,0,0,0,0,0,0,0,0,0
170310,0,1,0,0,0,0,0,0,0,0,0,0
170310,1,1,0,14,0,14,0,0,0,8,0,11
170311,1,1,14,14,14,14,14,14,14,14,14,14
170311,2,1,0,0,0,0,0,0,0,0,0,0
170312,1,1,0,0,0,0,0,0,0,0,0,0
170312,2,1,0,0,0,0,12,0,0,0,0,0
170313,0,1,0,0,0,0,0,0,0,0,0,0
170313,1,1,0,0,0,0,0,0,0,0,0,0
170314,1,1,17,17,17,17,17,17,17,17,17,17
170315,1,1,0,0,0,0,0,0,0,0,0,0
170315,2,1,0,0,0,0,0,0,0,0,0,0
170316,1,1,0,0,0,0,0,0,0,0,0,0
170316,2,1,0,0,0,0,0,0,0,0,0,0
170316,3,1,0,0,0,0,0,0,0,0,0,0
170317,1,1,23,23,23,23,23,23,23,23,23,23
170317,2,1,0,0,9,0,0,0,0,6,0,0
170318,1,1,0,0,0,0,0,0,0,0,0,0
170318,2,1,0,0,0,0,0,0,0,0,0,0
170319,1,1,25,0,9,0,23,0,22,6,22,16
170320,1,1,0,0,0,0,0,0,0,0,0,0
170320,2,1,0,0,0,0,0,0,0,0,0,0
170321,1,1,0,0,0,0,0,0,0,0,0,0
170321,2,1,0,0,0,0,0,0,0,0,0,0
170322,1,1,0,0,18,0,8,0,0,0,0,0
170322,2,1,0,0,0,0,0,0,0,0,0,0
170323,1,1,0,0,0,0,0,0,0,0,0,0
170323,2,1,0,0,0,0,0,0,0,0,0,0
170324,1,1,0,0,0,0,0,0,0,0,0,0
170324,2,1,0,0,0,0,0,0,0,0,0,0
170325,1,1,0,0,0,0,0,0,0,0,0,0
170325,2,1,0,0,0,0,0,0,0,0,0,0
170325,3,1,0,0,0,0,0,0,0,0,0,0
170326,1,1,0,0,0,0,0,0,0,0,0,0
170326,2,1,0,0,8,0,0,0,0,0,0,0
170327,1,1,0,0,0,0,0,0,0,0,0,0