ST_CASE,VEH_NO,PER_NO,P1,P2,P3,P4,P5,P6,P7,P8,P9,P10
170327,2,1,0,0,0,0,0,0,0,0,5,0
170327,3,1,0,0,0,0,0,0,0,0,0,0
170328,1,1,0,0,0,0,0,0,0,0,0,0
170328,2,1,0,0,10,7,14,5,8,0,0,0
170329,0,1,0,0,0,0,0,0,0,0,0,0
170329,1,1,0,0,0,0,0,0,0,0,0,0
170330,1,1,9,15,11,16,10,9,24,12,8,11
170331,1,1,0,0,0,0,0,0,0,0,0,20
170332,1,1,0,0,0,0,0,4,9,0,5,0
170332,2,1,0,0,37,0,0,0,0,0,0,0
170333,1,1,0,0,0,0,0,0,0,0,0,0
170334,1,1,0,0,0,0,0,0,0,0,0,0
170334,2,1,0,0,0,0,0,0,0,0,0,0
170335,1,1,0,0,0,0,0,0,0,0,0,0
170335,2,1,0,0,0,0,0,0,0,0,0,0
170336,0,1,0,0,0,0,0,0,0,0,0,0
170336,1,1,0,0,15,8,0,0,0,0,0,0
170337,1,1,0,0,0,0,0,0,0,0,0,0
170337,2,1,0,0,0,0,0,0,0,0,0,0
170339,0,1,0,0,0,0,0,0,0,0,0,0
170339,1,1,0,0,0,0,0,0,0,0,0,0
170340,1,1,0,0,0,0,0,0,0,0,0,0
170340,2,1,0,0,0,0,0,0,0,0,0,0
170341,1,1,0,0,0,0,0,0,0,0,0,0
170341,2,1,0,0,0,0,0,0,0,0,0,0
170342,1,1,0,0,0,0,0,0,0,0,0,0
170342,2,1,0,0,0,0,0,0,0,0,0,0
170344,1,1,28,28,28,28,28,28,28,28,28,28
170344,2,1,0,0,0,0,0,0,0,0,0,0
170345,1,1,19,19,19,19,19,19,19,19,19,19
170346,1,1,0,0,0,0,0,0,0,0,0,0
170346,2,1,0,0,0,0,0,0,0,0,0,0
170347,1,1,0,0,0,0,0,0,0,0,0,0
170348,0,1,0,0,0,0,0,0,0,0,0,0
170348,1,1,37,37,37,37,37,37,37,37,37,37
170349,1,1,0,0,0,0,0,0,0,0,0,0
170349,2,1,15,0,0,0,0,0,0,0,0,0
170350,1,1,35,4,7,17,29,18,21,10,19,4
170351,1,1,0,0,0,0,0,0,0,0,0,0
170352,1,1,0,0,0,0,0,0,0,0,0,0
170352,2,1,0,0,0,0,0,0,0,0,0,0
170353,1,1,31,31,31,31,31,31,31,31,31,31
170354,1,1,0,0,0,0,0,0,0,0,0,0
170354,2,1,0,0,0,0,0,0,0,0,0,0
170354,3,1,0,0,0,0,0,0,0,0,0,0
170355,0,1,0,0,0,0,0,0,0,0,0,0
170355,0,2,0,0,0,0,0,0,0,0,0,0
170355,1,1,0,0,0,0,3,0,0,0,0,0
170356,1,1,10,10,10,10,10,10,10,10,10,10
170356,2,1,2,2,2,2,2,2,2,2,2,2
170358,1,1,0,0,0,0,0,0,0,0,0,0
170358,2,1,0,0,0,0,0,0,0,0,0,0
170359,1,1,0,0,0,0,0,0,0,0,0,0
170360,1,1,0,0,0,0,0,0,0,0,0,0
170360,2,1,0,0,0,0,0,0,0,0,0,0
170361,1,1,14,14,14,14,14,14,14,14,14,14
170361,2,1,5,13,25,0,0,0,0,0,0,0
170363,1,1,7,7,7,7,7,7,7,7,7,7
170364,1,1,0,0,0,0,0,0,0,0,0,0
170364,2,1,9,0,0,0,0,0,0,0,7,0
170364,3,1,0,7,7,0,0,0,19,0,10,11
170364,4,1,11,0,0,0,25,0,0,0,0,0
170365,1,1,0,0,0,0,0,0,0,0,0,0
170369,1,1,0,0,0,0,0,0,0,0,0,0
170370,1,1,0,0,0,0,0,0,0,0,0,0
170371,1,1,0,0,0,0,0,0,0,0,0,0
170371,2,1,0,0,0,0,0,0,0,0,0,0
170371,3,1,0,0,0,0,0,0,0,0,0,0
170371,4,1,0,0,0,0,24,0,0,0,0,0
170372,0,1,33,33,33,33,33,33,33,33,33,33
170372,1,1,0,0,0,0,0,0,0,0,0,0
170373,1,1,0,0,0,0,0,0,0,0,0,0
170373,2,1,0,0,0,0,0,0,0,0,0,0
170373,3,1,0,0,0,0,0,0,0,0,0,0
170373,4,1,7,0,0,0,0,0,0,0,0,0
170375,1,1,26,26,26,26,26,26,26,26,26,26
170376,1,1,0,0,0,0,11,0,0,0,0,0
170377,1,1,17,17,17,17,17,17,17,17,17,17
170377,2,1,0,0,0,0,0,0,0,0,0,0
170378,1,1,0,0,0,0,0,0,0,0,0,0
170378,2,1,0,0,0,0,0,0,0,0,0,0
170379,1,1,24,24,24,24,24,24,24,24,24,24
170380,1,1,18,18,18,18,18,18,18,18,18,18
170381,1,1,0,0,0,0,0,0,0,0,0,0
170381,2,1,0,0,0,0,0,0,0,0,0,0
170382,1,1,0,0,0,0,0,0,0,0,0,0
170383,0,1,0,0,0,0,0,0,0,0,28,0
170383,1,1,0,0,0,0,0,17,0,0,0,0
170384,1,1,0,0,0,0,0,0,0,0,0,0
170384,2,1,0,0,0,0,0,0,0,0,0,10
170385,1,1,18,18,18,18,18,18,18,18,18,18
170386,1,1,0,11,0,0,0,0,0,0,0,0
170387,0,1,0,0,0,0,0,0,0,0,0,0
170387,1,1,0,0,0,0,0,0,0,0,0,0
170388,1,1,0,0,0,0,0,0,0,0,0,0
170388,2,1,0,0,0,0,0,0,0,0,0,0
170389,1,1,0,0,0,0,0,0,0,0,0,0
170390,0,1,0,0,0,0,0,0,0,0,0,0
170390,1,1,12,9,0,0,0,0,21,0,0,4
170391,1,1,2,2,2,2,2,2,2,2,2,2
170392,1,1,0,0,0,0,0,0,0,0,0,0
170392,2,1,0,0,0,0,0,0,0,0,0,0
170393,1,1,0,0,0,0,0,0,0,0,0,0
170393,2,1,0,0,0,0,0,0,0,0,0,0
170394,1,1,0,0,0,0,0,0,0,0,0,0
170394,2,1,0,0,0,0,0,0,0,0,0,0
170394,3,1,0,0,0,0,0,0,0,0,0,0
170395,1,1,0,0,0,0,0,0,0,0,0,0
170395,2,1,0,0,0,0,0,0,0,0,0,0
170396,1,1,33,33,33,33,33,33,33,33,33,33
170396,2,1,14,0,0,8,0,0,0,0,0,0
170397,1,1,0,24,0,0,0,20,0,0,0,0
170398,1,1,16,16,16,16,16,16,16,16,16,16
170399,1,1,0,0,0,0,0,0,0,0,0,0
170399,2,1,20,3,0,0,17,0,0,0,0,0
170400,1,1,0,0,0,0,0,0,0,0,0,0
170400,2,1,0,0,0,0,0,0,0,0,0,0
170401,1,1,0,0,0,0,0,0,0,0,0,0
170401,2,1,0,22,0,0,0,0,0,0,0,0
170402,1,1,13,13,13,13,13,13,13,13,13,13
170402,2,1,0,0,0,0,0,0,0,0,0,0
170403,1,1,9,18,17,15,16,21,23,26,14,21
170404,1,1,0,0,0,0,0,0,0,0,0,0
170405,1,1,0,0,0,0,0,0,0,0,0,0
170405,2,1,0,0,0,0,0,0,14,0,0,0
170406,0,1,0,0,0,0,0,0,0,0,0,0
170406,1,1,0,0,0,0,0,0,0,0,0,0
170407,1,1,0,0,6,0,0,0,0,0,0,0
170409,1,1,23,23,23,23,23,23,23,23,23,23
170410,1,1,18,18,18,18,18,18,18,18,18,18
170411,1,1,0,0,0,0,0,0,0,0,0,0
170412,1,1,7,0,0,0,0,0,9,0,0,0
170412,2,1,6,6,6,6,6,6,6,6,6,6
170413,1,1,0,0,0,0,0,0,0,0,0,0
170415,1,1,19,19,19,19,19,19,19,19,19,19
170416,1,1,12,12,12,12,12,12,12,12,12,12
170416,2,1,0,16,0,0,0,0,0,0,0,0
170417,1,1,7,0,0,11,18,2,0,0,0,0
170417,2,1,6,12,0,11,0,0,16,0,0,14
170418,1,1,27,27,27,27,27,27,27,27,27,27
170418,2,1,13,13,13,13,13,13,13,13,13,13
170418,3,1,0,0,0,0,0,0,0,0,0,0
170419,0,1,0,0,0,0,0,0,0,0,0,0
170419,1,1,29,0,0,0,13,0,12,0,13,20
170420,1,1,0,0,0,0,0,0,0,0,0,0
170420,2,1,0,0,0,22,0,0,0,0,0,0
170420,3,1,0,15,0,0,0,0,0,0,0,0
170420,4,1,0,0,0,0,0,0,0,0,0,0
170420,5,1,0,0,0,0,0,0,0,0,0,0
170421,1,1,0,0,0,0,0,0,0,0,0,0
170422,1,1,1,1,1,1,1,1,1,1,1,1
170423,1,1,0,0,0,0,0,0,0,0,0,0
170423,2,1,0,0,0,0,0,0,0,0,0,0
170424,0,1,34,0,11,0,32,0,0,36,22,0
170424,1,1,0,0,0,13,0,11,19,0,0,20
170425,1,1,23,14,11,19,21,25,19,29,29,12
170426,1,1,0,0,0,0,0,0,0,0,0,0
170426,2,1,0,0,0,0,0,0,0,0,0,0
170427,1,1,17,9,10,23,17,6,9,17,29,2
170428,0,1,0,0,0,0,0,0,0,0,0,0
170428,1,1,0,0,0,0,0,0,0,0,0,0
170429,1,1,14,0,0,0,0,0,0,0,10,0
170430,1,1,0,0,0,0,0,0,0,0,0,0
170430,2,1,14,14,14,14,14,14,14,14,14,14
170431,1,1,15,15,27,23,25,9,18,0,6,19
170431,2,1,0,0,0,0,0,0,0,0,0,0
170432,1,1,0,0,0,0,0,0,0,0,0,0
170432,2,1,0,0,0,0,0,0,0,0,0,0
170433,1,1,0,0,0,0,0,0,0,0,0,0
170433,2,1,0,0,0,0,0,0,0,0,0,0
170435,1,1,0,0,0,0,0,0,0,0,0,0
170436,1,1,16,16,16,16,16,16,16,16,16,16
170437,1,1,0,0,0,0,12,7,0,14,0,0
170438,0,1,0,0,0,0,0,0,0,0,0,0
170438,1,1,0,0,0,0,0,0,0,0,0,0
170439,1,1,0,0,0,0,0,0,0,0,0,0
170439,2,1,0,0,0,0,0,0,0,0,0,0
170440,0,1,0,0,0,0,0,0,0,0,0,0
170440,1,1,0,0,0,0,0,0,0,0,21,0
170441,1,1,0,0,0,0,0,0,0,0,0,0
170441,2,1,0,0,0,0,0,0,15,0,0,0
170442,1,1,0,0,0,0,0,0,0,0,0,0
170442,2,1,0,0,0,17,0,0,0,0,0,0
170443,0,1,0,0,0,0,0,0,0,0,0,0
170443,1,1,0,0,0,0,0,0,0,0,0,0
170445,1,1,0,0,0,0,0,0,0,0,0,0
170446,1,1,0,0,0,0,0,0,0,0,0,0
170446,2,1,0,0,0,0,0,0,0,0,0,0
170447,0,1,0,0,0,0,0,0,0,0,0,0
170447,1,1,0,0,0,0,0,0,0,0,0,27
170447,2,1,0,0,0,0,0,0,0,0,0,0
170448,1,1,0,0,0,0,0,0,0,0,0,0
170448,2,1,0,0,0,0,0,0,0,0,0,0
170449,1,1,0,0,0,0,0,0,0,0,0,0
170449,2,1,0,0,0,0,0,0,0,15,0,0
170450,1,1,0,0,0,0,0,0,0,0,0,0
170450,2,1,6,6,6,6,6,6,6,6,6,6
170451,1,1,0,0,0,0,0,0,0,0,0,0
170452,1,1,0,0,0,0,0,0,0,0,0,20
170452,2,1,0,0,0,0,0,0,0,0,0,0
170453,1,1,0,0,0,0,0,0,0,0,0,16
170454,1,1,0,0,0,0,0,0,0,0,0,0
170455,1,1,16,16,16,16,16,16,16,16,16,16
170455,2,1,0,18,0,0,0,0,0,0,0,0
170456,1,1,0,0,0,0,0,0,0,0,0,0
170456,2,1,0,0,0,0,0,0,0,0,0,0
170457,0,1,0,0,0,0,0,0,0,0,0,0
170457,1,1,0,0,0,0,0,0,0,0,0,0
170458,1,1,27,6,0,0,0,22,19,0,0,0
170459,1,1,0,0,0,0,0,0,0,0,12,0
170459,2,1,0,0,0,0,0,0,0,0,0,0
170460,1,1,10,0,0,0,18,0,0,0,0,10
170460,2,1,0,0,0,0,0,0,0,0,0,0
170461,1,1,8,8,8,8,8,8,8,8,8,8
170462,1,1,0,0,0,0,0,0,0,0,0,0
170463,0,1,10,10,10,10,10,10,10,10,10,10
170463,1,1,0,0,0,0,0,0,0,0,0,0
170464,0,1,0,26,0,0,0,0,0,11,0,0
170464,1,1,0,0,0,0,0,6,0,10,14,0
170465,1,1,0,0,0,0,0,0,0,0,0,0
170465,2,1,0,0,0,0,0,0,0,0,0,0
170466,1,1,0,0,10,16,0,0,0,0,0,0
170466,2,1,4,4,4,4,4,4,4,4,4,4
170466,3,1,0,0,0,10,0,0,0,0,0,0
170467,1,1,0,0,0,0,0,0,0,0,0,0
170468,0,1,0,0,0,0,0,0,0,0,0,0
170468,1,1,0,0,0,0,0,0,0,0,0,0
170469,1,1,0,0,0,0,0,0,0,0,0,17
170470,0,1,0,0,0,0,0,0,0,0,0,0
170470,1,1,0,0,0,0,0,0,0,8,0,27
170471,1,1,34,0,0,0,31,20,0,15,0,0
170472,0,1,26,26,26,26,26,26,26,26,26,26
170472,1,1,0,0,0,0,0,0,0,0,0,0
170473,1,1,0,0,0,0,0,0,0,0,0,0
170473,2,1,0,0,0,0,0,0,0,0,0,0
170473,3,1,0,0,0,0,0,0,0,0,0,0
170474,1,1,14,14,14,14,14,14,14,14,14,14
170474,2,1,0,0,0,0,0,0,12,0,0,19
170475,1,1,0,0,0,0,0,0,0,0,0,0
170475,2,1,0,0,0,0,0,0,0,0,0,0
170476,1,1,4,4,4,4,4,4,4,4,4,4
170476,2,1,17,27,0,0,18,0,0,23,21,30
170477,1,1,0,0,0,0,0,0,0,0,0,0
170477,2,1,0,0,0,0,0,0,0,0,0,0
170478,1,1,0,0,0,13,0,0,0,0,0,0
170479,1,1,0,0,0,16,11,0,0,0,0,0
170479,2,1,0,0,0,0,0,0,0,0,0,0
170480,1,1,0,0,0,0,0,0,0,0,0,0
170481,1,1,11,16,20,5,21,15,9,8,3,6
170482,1,1,0,0,0,0,0,0,0,0,0,0
170483,0,1,11,11,11,11,11,11,11,11,11,11
170483,1,1,0,0,17,17,17,0,0,0,0,0
170484,1,1,0,0,0,0,0,0,0,0,0,0
170485,1,1,39,21,10,0,0,26,27,23,36,9
170486,1,1,26,26,26,26,26,26,26,26,26,26
170486,2,1,0,0,0,0,0,0,0,0,0,0
170487,1,1,0,0,0,0,0,0,0,0,0,0
170488,1,1,0,0,0,0,0,0,0,0,0,0
170489,1,1,19,5,12,12,12,3,24,0,29,5
170490,1,1,0,0,0,25,0,0,0,0,0,0
170490,2,1,0,0,0,0,0,0,0,0,0,0
170491,1,1,0,0,0,0,0,0,0,0,0,0
170491,2,1,0,0,0,0,0,0,0,0,0,0
170492,1,1,0,0,0,0,0,0,0,0,0,0
170493,1,1,22,22,22,22,22,22,22,22,22,22
170493,2,1,35,35,35,35,35,35,35,35,35,35
170494,1,1,0,0,0,0,0,0,0,0,0,0
170495,1,1,0,0,0,0,0,0,0,0,0,0
170495,2,1,0,0,0,0,0,0,0,0,0,0
170496,0,1,13,13,13,13,13,13,13,13,13,13
170496,1,1,0,0,0,0,0,0,13,0,0,0
170498,1,1,0,0,0,0,0,0,0,0,0,0
170499,1,1,21,21,21,21,21,21,21,21,21,21
170500,1,1,0,0,0,0,0,0,0,0,0,0
170501,1,1,13,0,0,14,14,0,0,6,1,0
170501,2,1,0,32,6,0,0,0,15,0,0,0
170502,0,1,0,0,0,0,0,0,0,0,0,0
170502,1,1,0,0,0,0,0,0,0,0,0,0
170503,1,1,0,0,0,7,0,0,0,0,0,0
170503,2,1,0,0,0,0,0,0,0,0,0,0
170504,0,1,0,0,0,0,0,0,0,0,0,0
170504,1,1,0,0,0,0,0,0,0,0,0,0
170505,1,1,0,0,0,0,0,0,0,0,0,0
170505,2,1,0,0,0,0,0,0,0,0,17,0
170506,1,1,15,15,15,15,15,15,15,15,15,15
170506,2,1,0,0,0,0,0,0,0,0,0,0
170507,0,1,0,0,0,0,0,0,0,0,0,0
170507,1,1,0,0,0,0,28,0,0,0,0,0
170508,1,1,0,0,0,0,0,0,0,0,0,0
170508,2,1,6,6,6,6,6,6,6,6,6,6
170509,1,1,11,0,0,0,0,0,0,9,0,0
170509,2,1,0,0,0,0,0,0,0,0,0,0
170510,1,1,15,15,15,15,15,15,15,15,15,15
170511,1,1,16,16,16,16,16,16,16,16,16,16
170512,1,1,19,16,11,2,13,10,11,28,21,27
170513,1,1,0,0,0,0,0,0,0,0,0,0
170513,2,1,0,0,0,0,0,0,0,0,0,0
170514,1,1,22,22,22,22,22,22,22,22,22,22
170514,2,1,0,0,0,0,0,0,0,0,0,0
170514,3,1,0,0,0,0,0,0,0,0,11,0
170515,1,1,14,6,13,0,14,17,9,0,14,7
170515,2,1,0,13,0,0,0,0,0,0,0,0
170517,1,1,0,0,0,0,0,0,0,0,0,0
170517,2,1,0,0,0,0,0,0,0,0,0,0
170518,1,1,0,0,0,0,0,0,0,0,0,0
170519,1,1,0,0,8,0,0,0,0,0,0,0
170519,2,1,0,0,0,0,0,0,0,0,0,0
170519,3,1,0,33,0,0,0,0,0,23,0,0
170520,1,1,0,0,33,0,24,0,0,0,14,0
170521,1,1,0,0,0,0,0,0,0,0,0,0
170521,2,1,0,0,0,0,0,0,0,0,2,0
170522,1,1,0,0,0,0,0,0,0,0,0,0
170522,2,1,0,0,0,0,0,0,0,0,0,0
170523,0,1,0,0,0,0,0,0,0,0,0,0
170523,1,1,0,0,0,0,0,0,0,0,0,0
170525,1,1,0,0,0,0,0,0,0,0,0,0
170526,1,1,18,18,18,18,18,18,18,18,18,18
170527,1,1,0,0,0,0,0,0,0,0,0,0
170527,2,1,0,0,0,0,0,0,0,0,0,0
170528,1,1,24,24,24,24,24,24,24,24,24,24
170530,1,1,20,34,15,26,9,21,6,18,12,12
170531,1,1,0,0,0,0,0,0,0,0,0,0
170531,2,1,0,2,0,16,0,17,13,0,0,0
170533,0,1,0,0,0,0,0,0,0,0,0,0
170533,1,1,0,0,0,0,0,0,0,0,0,0
170533,2,1,0,15,0,0,9,0,0,0,0,0
170533,3,1,0,0,0,0,0,0,0,0,21,14
170533,5,1,0,0,0,0,0,0,0,0,0,9
170534,1,1,20,20,20,20,20,20,20,20,20,20
170535,1,1,24,24,24,24,24,24,24,24,24,24
170536,1,1,0,0,0,0,0,0,0,0,0,0
170536,2,1,0,0,0,0,0,5,0,0,0,0
170537,1,1,0,0,0,0,0,0,0,0,0,0
170538,1,1,0,0,0,0,0,0,0,17,0,0
170539,1,1,0,0,0,0,0,0,0,0,0,0
170539,2,1,0,0,0,0,0,0,0,0,0,0
170540,1,1,4,4,4,4,4,4,4,4,4,4
170542,1,1,26,26,26,26,26,26,26,26,26,26
170543,1,1,0,5,0,0,0,0,0,0,0,4
170543,2,1,0,0,0,0,0,0,0,0,0,0
170544,1,1,0,0,0,0,0,0,0,0,0,0
170544,2,1,0,0,0,0,0,0,0,0,0,0
170544,3,1,0,0,0,0,0,0,0,0,0,0
170544,4,1,0,0,0,0,2,0,0,0,0,0
170545,0,1,27,27,27,27,27,27,27,27,27,27
170545,1,1,0,0,26,0,0,0,0,0,13,18
170546,1,1,0,16,0,0,9,0,0,0,0,0
170547,1,1,18,18,18,18,18,18,18,18,18,18
170548,1,1,20,20,20,20,20,20,20,20,20,20
170549,0,1,0,0,0,0,0,0,0,0,0,0
170549,1,1,0,33,0,0,18,0,10,0,19,0
170550,1,1,23,23,23,23,23,23,23,23,23,23
170551,1,1,0,0,0,0,0,0,0,0,0,0
170551,2,1,0,0,0,0,4,0,0,0,0,0
170552,1,1,0,0,0,0,0,0,0,0,0,0
170553,1,1,0,0,0,0,0,0,0,0,0,0
170553,2,1,0,0,0,0,0,0,0,0,0,0
170554,1,1,0,0,0,0,0,0,0,0,0,0
170554,2,1,0,0,0,0,0,0,0,0,0,0
170555,1,1,22,22,22,22,22,22,22,22,22,22
170556,1,1,0,0,0,0,0,0,0,0,5,0
170556,2,1,0,0,0,0,0,0,0,0,15,0
170557,1,1,0,0,0,0,0,0,20,0,0,0
170558,1,1,0,0,0,0,0,0,0,0,0,0
170559,1,1,0,0,0,0,0,0,0,0,0,0
170559,2,1,0,0,0,0,0,0,0,0,0,0
170560,0,1,0,0,0,0,0,0,0,0,0,0
170560,1,1,0,0,0,0,0,0,0,0,0,0
170561,1,1,27,27,27,27,27,27,27,27,27,27
170562,0,1,30,30,30,30,30,30,30,30,30,30
170562,1,1,0,0,0,0,0,0,0,0,0,0
170564,1,1,31,0,0,20,0,0,0,14,0,33
170565,1,1,0,0,0,0,0,0,0,0,0,0
170565,2,1,0,0,0,0,0,0,0,0,0,0
170566,0,1,0,0,0,0,0,0,0,0,0,0
170566,1,1,0,0,0,0,0,0,0,0,0,0
170567,1,1,1,1,1,1,1,1,1,1,1,1
170567,2,1,0,0,0,0,0,0,0,0,0,0
170568,1,1,18,18,18,18,18,18,18,18,18,18
170569,1,1,17,17,17,17,17,17,17,17,17,17
170570,1,1,24,24,24,24,24,24,24,24,24,24
170570,2,1,0,0,0,0,0,0,0,0,0,0
170571,1,1,12,12,12,12,12,12,12,12,12,12
170571,2,1,9,9,7,22,0,20,7,24,5,26
170571,3,1,0,0,0,0,0,0,0,10,0,0
170572,1,1,20,20,20,20,20,20,20,20,20,20
170573,1,1,0,0,0,0,0,0,0,0,0,0
170573,2,1,0,0,0,0,0,0,0,0,0,0
170573,3,1,0,0,0,0,0,0,0,0,0,0
170574,1,1,0,0,0,0,0,0,0,0,0,0
170574,2,1,0,0,16,0,0,0,0,0,0,0
170575,1,1,18,18,18,18,18,18,18,18,18,18
170576,1,1,0,0,0,0,0,0,0,0,0,0
170579,1,1,0,0,0,0,0,0,0,0,0,0
170579,2,1,0,0,0,0,0,0,0,0,0,0
170580,1,1,24,26,0,13,17,29,0,0,3,20
170581,1,1,16,16,16,16,16,16,16,16,16,16
170582,1,1,0,0,0,0,0,0,0,0,0,0
170582,2,1,0,0,0,0,0,0,0,0,0,0
170584,1,1,0,0,0,0,0,0,0,0,0,0
170584,2,1,0,0,0,0,0,0,0,0,0,0
170584,3,1,24,0,0,12,0,0,0,0,0,0
170585,1,1,0,0,0,0,0,0,0,0,0,0
170585,2,1,0,0,0,0,0,0,0,0,0,0
170586,1,1,0,0,0,0,0,0,0,0,0,0
170586,2,1,0,0,0,0,0,0,0,0,0,0
170587,1,1,28,20,0,0,13,33,20,0,0,11
170588,1,1,7,7,7,7,7,7,7,7,7,7
170588,2,1,0,0,0,0,0,0,0,0,0,0
170589,1,1,11,18,12,12,12,12,11,26,11,12
170590,0,1,0,0,0,0,0,25,18,0,41,0
170590,0,2,0,0,0,0,0,0,0,0,0,0
170590,1,1,0,0,0,0,26,0,30,0,0,0
170592,1,1,0,0,0,0,0,0,0,0,0,0
170593,1,1,0,0,0,0,0,0,0,0,0,0
170593,2,1,0,0,0,0,0,0,0,0,0,0
170594,1,1,15,0,23,25,0,0,0,19,12,0
170595,1,1,0,0,0,0,0,0,0,0,0,0
170595,2,1,1,1,1,1,1,1,1,1,1,1
170595,3,1,0,0,0,0,8,0,0,0,0,15
170595,4,1,0,0,0,0,0,0,0,0,0,0
170596,0,1,0,0,0,0,0,0,0,0,0,0
170596,1,1,0,0,0,0,0,0,0,0,17,0
170597,1,1,0,0,0,0,0,0,0,0,0,0
170597,2,1,0,0,0,0,0,0,0,0,0,0
170598,1,1,0,32,0,0,0,19,20,22,0,11
170599,1,1,11,7,29,21,12,10,4,4,6,7
170599,2,1,0,0,0,0,0,0,0,10,0,0
170599,3,1,0,0,0,0,0,0,0,0,0,0
170600,0,1,15,0,14,9,15,26,20,19,35,23
170600,1,1,0,0,0,0,0,0,0,0,0,0
170601,1,1,0,0,0,0,0,0,0,0,0,0
170601,2,1,0,0,0,0,0,26,5,0,0,0
170602,1,1,19,19,19,19,19,19,19,19,19,19
170603,0,1,0,0,0,0,0,0,0,0,0,0
170603,1,1,0,0,0,0,0,0,0,0,0,0
170604,1,1,0,0,0,0,0,0,0,0,0,0
170604,2,1,0,0,11,3,0,0,0,0,0,0
170605,1,1,14,0,0,0,15,0,0,0,0,0
170605,2,1,0,0,0,0,0,0,0,0,0,0
170605,3,1,0,0,0,0,0,0,0,0,0,0
170606,1,1,0,0,0,0,0,0,0,0,0,0
170606,2,1,0,0,0,0,0,0,0,21,0,0
170607,1,1,0,0,0,0,0,0,0,0,0,0
170608,1,1,0,0,0,0,0,0,0,0,0,0
170608,2,1,0,0,0,0,0,0,0,0,0,0
170609,1,1,0,0,0,0,17,0,0,0,0,0
170609,2,1,14,14,14,14,14,14,14,14,14,14
170610,1,1,28,28,28,28,28,28,28,28,28,28
170611,1,1,28,28,28,28,28,28,28,28,28,28
170612,1,1,0,0,0,0,0,0,0,0,0,24
170612,2,1,0,6,0,0,0,0,0,0,0,0
170613,1,1,12,35,36,0,10,0,0,0,0,0
170614,0,1,4,4,4,4,4,4,4,4,4,4
170614,1,1,0,0,0,0,0,0,0,0,0,0
170615,1,1,0,0,0,0,0,0,0,0,0,0
170615,2,1,0,0,0,0,0,0,0,0,0,0
170616,1,1,0,0,0,0,0,0,0,0,0,0
170617,1,1,0,0,0,0,0,0,0,0,0,0
170617,2,1,0,0,0,0,0,0,0,0,0,8
170617,3,1,0,0,0,0,0,0,0,0,0,0
170618,1,1,19,16,13,18,20,25,17,16,16,17
170619,1,1,0,0,0,0,0,0,0,0,0,0
170619,2,1,0,0,0,0,0,0,11,0,0,0
170620,1,1,0,0,0,0,0,0,0,0,0,0
170620,2,1,0,0,0,0,0,0,0,0,0,0
170620,3,1,0,0,0,0,0,0,0,0,0,0
170621,1,1,17,17,17,17,17,17,17,17,17,17
170621,2,1,7,12,19,3,10,21,13,8,33,8
170623,1,1,0,0,0,0,0,0,0,0,0,0
170624,1,1,0,0,0,0,0,0,0,0,0,0
170625,0,1,0,0,0,0,0,0,0,0,0,0
170625,1,1,0,0,0,0,0,0,0,0,0,0
170626,1,1,0,0,0,0,0,0,0,0,0,0
170626,2,1,0,0,24,0,0,0,13,10,0,25
170627,0,1,0,0,0,0,0,0,0,0,0,0
170627,1,1,0,0,0,0,0,0,0,0,0,0
170628,1,1,0,0,0,0,0,0,0,0,0,0
170628,2,1,0,0,0,0,0,0,0,0,0,0
170628,3,1,0,0,0,0,0,0,0,0,0,0
170629,1,1,0,0,0,0,0,0,0,0,0,0
170629,2,1,6,6,6,6,6,6,6,6,6,6
170629,3,1,0,0,0,0,0,11,16,0,0,0
170631,1,1,0,0,0,13,0,0,0,0,0,0
170631,2,1,0,0,0,0,0,0,0,0,0,0
170632,1,1,19,11,14,18,7,18,8,12,0,0
170632,2,1,0,0,0,0,0,0,0,0,0,0
170633,1,1,0,0,0,0,0,0,0,0,0,0
170633,2,1,0,0,0,0,0,0,0,0,0,0
170634,1,1,0,0,0,0,0,0,0,0,0,0
170634,2,1,0,0,0,0,0,0,0,0,0,0
170635,1,1,0,0,0,0,0,0,0,0,0,0
170635,2,1,0,0,0,0,0,0,0,0,0,0
170635,3,1,0,0,0,0,0,0,0,0,0,0
170636,1,1,35,35,35,35,35,35,35,35,35,35
170636,2,1,0,0,0,0,0,0,0,0,0,0
170636,3,1,0,0,0,0,0,0,0,0,0,12
170637,1,1,0,0,0,0,0,7,0,0,0,0
170637,2,1,0,0,0,0,0,0,0,0,0,0
170638,1,1,0,0,0,0,0,0,0,0,0,0
170638,2,1,0,0,0,0,0,0,0,0,0,0
170639,1,1,5,5,5,5,5,5,5,5,5,5
170639,2,1,0,0,0,0,0,0,0,0,0,0
170640,1,1,8,8,8,8,8,8,8,8,8,8
170640,2,1,6,6,6,6,6,6,6,6,6,6
170641,1,1,0,0,0,0,0,0,0,0,0,0
170642,0,1,33,33,33,33,33,33,33,33,33,33
170642,1,1,0,21,0,0,12,0,0,0,0,0
170643,0,1,30,30,30,30,30,30,30,30,30,30
170643,1,1,0,6,0,0,0,8,0,0,0,2
170644,1,1,32,32,32,32,32,32,32,32,32,32