ST_CASE,VEH_NO,PER_NO,P1,P2,P3,P4,P5,P6,P7,P8,P9,P10
170645,1,1,0,0,0,0,0,0,0,0,0,0
170646,1,1,0,0,0,0,0,0,0,0,0,0
170646,2,1,10,10,10,10,10,10,10,10,10,10
170647,1,1,0,0,0,0,0,0,0,0,0,0
170647,2,1,0,0,0,0,0,0,0,0,0,11
170647,3,1,0,0,0,0,0,0,0,0,0,0
170648,0,1,0,0,0,0,0,0,0,0,0,0
170648,1,1,0,0,0,0,0,0,0,0,0,0
170649,1,1,2,0,0,0,0,0,0,0,0,0
170649,2,1,23,11,0,31,0,7,0,0,15,0
170650,1,1,27,15,5,15,0,23,16,32,0,10
170651,1,1,0,16,0,0,35,0,0,0,0,0
170651,2,1,0,0,0,0,0,0,0,0,0,0
170652,0,1,0,0,0,0,0,0,0,0,0,0
170652,1,1,0,0,0,0,0,0,0,0,0,0
170653,1,1,0,0,0,0,0,0,0,0,0,0
170654,1,1,8,8,8,8,8,8,8,8,8,8
170655,1,1,0,0,0,0,0,0,0,0,0,0
170656,0,1,0,0,0,0,0,0,0,0,0,0
170656,1,1,0,17,0,0,0,0,0,0,0,0
170657,1,1,0,0,0,0,0,0,0,0,0,0
170658,1,1,8,8,8,8,8,8,8,8,8,8
170659,1,1,0,0,0,0,0,0,0,0,0,0
170659,2,1,0,0,0,0,0,0,0,0,0,0
170659,3,1,0,0,0,0,0,0,0,0,0,0
170660,1,1,0,0,0,0,0,0,0,0,0,0
170661,0,1,0,0,0,0,0,0,0,0,0,0
170661,1,1,0,0,0,0,0,0,0,0,0,0
170662,1,1,0,0,0,0,0,0,0,0,0,0
170663,1,1,0,0,0,0,0,0,0,0,0,0
170664,1,1,0,0,0,0,0,0,0,0,0,0
170664,2,1,0,0,0,0,0,0,0,0,0,0
170665,0,1,0,0,0,0,0,0,0,0,0,0
170665,1,1,0,0,0,0,0,0,0,0,0,0
170666,1,1,0,0,0,0,0,0,0,0,0,0
170667,1,1,22,22,22,22,22,22,22,22,22,22
170668,0,1,0,0,0,0,0,0,0,0,0,0
170668,1,1,0,0,0,0,0,0,0,33,0,17
170669,1,1,43,0,0,0,0,0,0,0,0,0
170670,1,1,0,0,0,0,0,0,0,18,0,0
170671,0,1,0,0,0,0,0,0,0,0,0,0
170671,1,1,0,0,0,0,0,0,0,0,0,0
170672,1,1,0,0,0,0,0,0,0,0,0,0
170672,2,1,25,25,25,25,25,25,25,25,25,25
170673,1,1,34,34,34,34,34,34,34,34,34,34
170674,1,1,0,0,0,0,0,0,0,0,0,0
170675,1,1,0,0,0,0,0,0,0,0,0,0
170676,1,1,21,10,31,0,27,26,11,23,22,36
170677,1,1,3,3,3,3,3,3,3,3,3,3
170677,2,1,0,0,0,0,0,0,0,0,0,0
170678,0,1,0,0,0,0,0,0,0,0,0,0
170678,1,1,0,0,14,15,30,14,0,0,0,19
170679,1,1,0,0,0,0,0,0,0,0,0,0
170680,1,1,0,0,0,0,0,0,0,0,0,0
170681,0,1,0,0,0,0,0,0,0,0,0,0
170681,1,1,0,0,0,0,0,0,0,0,0,0
170682,1,1,0,0,0,0,0,0,0,0,0,0
170683,0,1,18,18,19,21,0,0,0,0,25,0
170683,1,1,5,28,6,43,10,16,37,21,13,16
170684,1,1,0,0,0,0,0,0,0,0,0,0
170684,2,1,0,0,0,0,11,0,0,0,0,0
170685,1,1,0,0,0,0,14,4,0,0,26,14
170685,2,1,0,0,0,4,0,0,0,0,0,0
170685,3,1,0,0,0,0,12,0,0,0,0,0
170686,0,1,0,0,0,0,0,0,0,0,0,0
170686,1,1,10,10,10,10,10,10,10,10,10,10
170687,0,1,0,0,0,0,0,0,0,0,0,0
170687,1,1,9,0,12,0,12,0,0,0,0,24
170688,1,1,0,0,0,0,0,0,0,0,0,0
170688,3,1,0,0,0,0,0,6,0,0,0,0
170690,1,1,5,5,5,5,5,5,5,5,5,5
170690,2,1,10,0,0,0,0,0,0,0,0,0
170690,3,1,7,0,23,0,11,0,4,0,0,14
170691,1,1,25,25,25,25,25,25,25,25,25,25
170692,0,1,0,0,0,0,0,0,0,0,0,0
170692,0,2,12,17,0,0,0,0,0,0,0,0
170692,1,1,0,0,0,0,0,0,7,0,0,0
170692,3,1,0,0,0,19,0,0,0,0,0,0
170693,1,1,0,0,0,0,0,0,0,0,0,0
170693,2,1,0,0,0,0,0,0,0,0,0,0
170694,1,1,16,16,16,16,16,16,16,16,16,16
170695,1,1,0,0,0,0,0,0,0,0,0,0
170696,1,1,0,0,0,0,0,0,0,0,0,0
170698,1,1,15,15,15,15,15,15,15,15,15,15
170699,1,1,5,9,30,15,18,15,4,7,20,17
170700,1,1,0,0,0,0,0,0,0,0,0,0
170701,0,1,0,0,0,0,0,0,0,0,0,0
170701,1,1,0,0,0,0,0,0,0,0,0,0
170702,1,1,0,6,0,0,0,0,0,0,0,0
170702,2,1,0,0,0,0,0,0,0,0,0,0
170702,3,1,0,0,0,0,0,0,0,0,0,0
170703,1,1,0,0,0,0,0,0,0,0,0,0
170704,0,1,25,22,8,32,16,26,32,22,13,36
170704,1,1,0,0,0,0,0,0,0,0,0,0
170705,1,1,1,1,1,1,1,1,1,1,1,1
170705,2,1,0,0,0,0,0,0,0,0,0,0
170706,0,1,0,0,0,0,0,0,0,0,0,0
170706,1,1,0,0,0,0,0,0,0,0,0,0
170707,1,1,24,24,24,24,24,24,24,24,24,24
170708,1,1,46,46,46,46,46,46,46,46,46,46
170708,2,1,0,0,0,0,0,0,0,0,0,0
170709,0,1,22,22,22,22,22,22,22,22,22,22
170709,1,1,0,0,0,0,0,0,17,0,0,0
170710,1,1,0,0,0,0,0,0,0,0,0,0
170711,1,1,0,0,0,0,0,0,0,0,0,0
170711,2,1,0,0,0,0,0,5,0,0,0,0
170712,1,1,0,0,0,0,0,0,0,0,0,0
170712,2,1,0,0,0,0,0,0,0,0,0,0
170713,1,1,10,10,10,10,10,10,10,10,10,10
170713,2,1,0,0,0,0,0,0,0,0,0,0
170715,0,1,7,7,7,7,7,7,7,7,7,7
170715,1,1,7,18,14,6,8,15,3,4,7,18
170716,0,1,24,24,24,24,24,24,24,24,24,24
170716,1,1,6,0,0,0,0,0,0,0,18,0
170717,1,1,0,0,0,0,0,0,0,0,0,0
170717,4,1,0,0,0,0,0,0,0,0,0,0
170718,0,1,0,0,0,0,0,0,0,0,0,0
170718,1,1,0,0,0,0,0,0,0,0,0,0
170719,0,1,23,0,0,0,0,0,31,0,0,26
170719,0,2,0,0,0,0,0,0,0,0,0,0
170719,1,1,0,0,0,0,0,0,0,0,0,0
170720,0,1,0,0,0,0,0,0,0,0,0,0
170720,1,1,0,0,0,0,0,0,0,0,0,0
170721,0,1,0,0,0,0,0,0,0,0,0,0
170721,1,1,0,0,0,0,0,0,17,0,0,0
170722,1,1,0,0,0,0,0,0,0,0,0,0
170723,0,1,0,0,0,0,0,0,0,0,0,0
170723,1,1,0,0,0,0,0,0,0,0,0,0
170724,0,1,6,19,19,0,0,16,8,0,0,7
170724,1,1,0,0,0,0,0,0,0,0,0,0
170725,1,1,24,10,13,10,7,10,18,7,8,10
170726,1,1,0,0,0,0,0,0,0,0,0,0
170726,2,1,0,0,0,0,0,0,0,0,0,0
170726,3,1,0,0,0,0,0,0,0,0,0,0
170726,4,1,0,0,0,0,0,0,0,0,0,0
170727,1,1,0,0,0,0,0,0,0,0,0,0
170727,2,1,0,0,0,0,0,0,0,0,0,0
170728,1,1,0,0,0,20,0,31,15,0,45,0
170730,1,1,0,0,0,0,0,0,0,0,0,0
170731,1,1,0,0,0,0,0,0,0,0,0,0
170731,2,1,26,0,0,18,10,0,8,0,0,11
170732,1,1,2,2,2,2,2,2,2,2,2,2
170732,2,1,0,10,0,0,0,0,0,0,0,0
170733,1,1,0,0,0,0,0,0,0,0,0,0
170733,2,1,0,6,28,4,5,21,9,9,9,0
170734,1,1,0,0,0,0,0,0,0,0,0,0
170735,1,1,0,0,0,0,0,0,0,0,0,0
170735,2,1,15,0,0,0,0,0,2,0,0,0
170735,3,1,0,17,0,0,8,3,0,7,17,0
170736,1,1,11,11,11,11,11,11,11,11,11,11
170737,1,1,17,17,17,17,17,17,17,17,17,17
170738,1,1,0,0,0,0,0,0,0,0,0,0
170739,1,1,22,0,0,0,0,0,0,0,0,0
170740,1,1,0,0,0,0,0,0,0,0,0,0
170740,2,1,0,0,0,0,0,0,0,0,0,0
170741,0,1,0,0,0,0,0,0,27,0,0,0
170741,1,1,0,0,0,0,0,0,0,0,0,0
170742,1,1,0,0,0,0,0,0,0,0,0,0
170743,0,1,0,0,0,0,0,0,0,0,0,0
170743,1,1,0,0,0,0,0,0,0,0,0,0
170744,1,1,0,0,0,0,0,0,0,0,0,0
170745,0,1,0,0,0,0,0,0,0,0,0,0
170745,1,1,0,0,0,0,0,0,0,0,0,0
170746,1,1,26,3,0,0,0,0,10,0,0,0
170746,2,1,0,0,0,0,0,0,0,0,0,0
170747,1,1,0,0,0,0,0,0,0,0,0,0
170747,2,1,0,0,0,0,0,0,26,0,0,0
170748,0,1,22,14,16,0,0,0,20,19,16,0
170748,1,1,0,0,0,0,0,0,0,0,0,0
170749,1,1,9,30,26,12,20,23,0,17,0,0
170749,2,1,0,0,0,0,0,0,0,0,0,0
170750,1,1,0,0,0,0,0,0,0,0,0,0
170751,1,1,0,0,0,0,0,0,0,0,0,0
170752,0,1,18,18,18,18,18,18,18,18,18,18
170752,1,1,0,0,0,0,0,0,0,0,0,0
170753,1,1,0,0,0,0,0,0,0,0,0,0
170754,1,1,0,0,0,0,0,0,0,0,0,0
170754,2,1,0,0,0,13,0,0,0,0,0,0
170755,0,1,0,0,0,0,0,0,0,0,0,0
170755,1,1,0,0,0,0,0,2,0,0,0,0
170756,1,1,0,0,0,0,0,0,0,0,0,0
170757,1,1,0,0,0,0,0,0,0,0,0,0
170757,2,1,6,0,0,0,0,0,0,0,0,0
170757,3,1,0,0,0,0,0,0,0,0,0,0
170758,1,1,24,24,24,24,24,24,24,24,24,24
170759,0,1,0,0,0,0,0,0,0,0,0,0
170759,1,1,0,0,0,0,0,0,0,0,0,0
170760,1,1,19,29,5,10,8,8,11,6,16,14
170761,1,1,17,17,17,17,17,17,17,17,17,17
170761,2,1,0,0,0,0,0,0,0,0,0,4
170762,1,1,0,16,0,16,0,0,0,0,0,0
170762,2,1,13,0,0,0,0,0,0,0,0,0
170763,1,1,3,3,3,3,3,3,3,3,3,3
170764,1,1,0,0,0,0,0,0,0,0,0,0
170765,0,1,0,0,0,0,0,0,0,0,0,0
170765,1,1,0,0,0,0,0,0,0,0,0,0
170766,1,1,14,17,18,0,0,0,0,20,14,16
170767,1,1,10,12,14,14,3,12,10,23,11,0
170768,1,1,0,0,0,0,0,0,0,0,0,0
170770,1,1,0,0,0,0,0,0,0,0,0,0
170771,0,1,11,11,11,11,11,11,11,11,11,11
170771,1,1,0,0,0,0,0,0,0,0,0,0
170772,0,1,3,3,3,3,3,3,3,3,3,3
170772,1,1,0,0,0,0,0,0,0,0,0,0
170773,1,1,0,0,0,0,0,0,0,0,0,0
170773,2,1,0,0,0,0,0,0,0,0,0,0
170774,0,1,7,7,7,7,7,7,7,7,7,7
170774,1,1,0,0,0,0,0,0,0,0,0,0
170775,1,1,0,0,0,0,0,0,0,0,0,0
170775,2,1,0,0,0,0,0,0,0,0,0,0
170776,1,1,14,14,14,14,14,14,14,14,14,14
170777,0,1,0,0,0,0,0,0,0,0,0,0
170777,1,1,0,0,0,0,0,0,0,0,0,0
170778,1,1,0,0,0,0,0,0,0,0,0,0
170778,2,1,0,0,0,0,0,0,0,0,0,0
170779,1,1,0,0,0,0,0,0,0,0,0,0
170779,2,1,0,0,0,19,0,0,0,0,0,0
170780,1,1,0,0,0,0,0,0,0,0,0,20
170780,2,1,0,0,0,0,0,0,0,0,0,0
170781,1,1,23,23,23,23,23,23,23,23,23,23
170782,1,1,28,0,0,22,0,0,0,10,0,0
170782,2,1,0,0,0,0,0,0,0,0,0,0
170783,1,1,0,0,0,0,0,0,0,0,0,0
170784,1,1,0,0,0,0,0,0,0,0,0,0
170784,2,1,0,0,0,0,0,0,0,0,0,0
170785,1,1,38,38,38,38,38,38,38,38,38,38
170785,2,1,0,0,0,0,0,0,0,0,0,0
170786,1,1,19,19,19,19,19,19,19,19,19,19
170787,1,1,0,0,0,0,0,0,0,0,0,0
170787,2,1,0,0,0,0,0,0,0,0,0,0
170788,0,1,27,27,27,27,27,27,27,27,27,27
170788,1,1,0,0,0,0,0,0,0,0,0,0
170789,1,1,13,13,13,13,13,13,13,13,13,13
170790,1,1,0,0,0,0,0,0,0,0,0,0
170791,0,1,0,0,0,0,0,0,0,0,0,0
170791,1,1,0,0,0,0,0,0,0,0,0,0
170792,1,1,27,0,7,14,14,20,22,17,14,12
170793,0,1,35,35,35,35,35,35,35,35,35,35
170793,1,1,0,0,0,0,0,0,0,0,0,0
170794,1,1,12,12,12,12,12,12,12,12,12,12
170795,1,1,0,0,0,0,0,0,0,0,0,0
170796,1,1,25,25,25,25,25,25,25,25,25,25
170797,1,1,0,0,0,0,0,0,0,0,0,0
170798,1,1,0,0,0,0,0,0,17,0,0,0
170799,1,1,0,0,0,0,0,0,0,0,0,0
170799,2,1,0,0,0,0,0,0,0,0,0,0
170801,0,1,15,15,15,15,15,15,15,15,15,15
170801,1,1,0,4,0,0,0,0,0,0,0,0
170802,1,1,0,0,0,0,0,0,0,0,0,0
170803,1,1,24,24,24,24,24,24,24,24,24,24
170804,1,1,7,7,7,7,7,7,7,7,7,7
170805,0,1,0,0,0,0,0,0,0,0,0,0
170805,1,1,0,0,0,0,0,0,0,0,0,0
170806,1,1,0,0,0,0,0,0,0,0,0,0
170806,2,1,0,0,0,0,0,0,0,0,0,0
170808,1,1,0,0,0,0,0,0,0,0,0,0
170808,2,1,0,0,0,0,0,0,0,0,0,0
170809,1,1,0,0,0,0,0,0,0,0,0,0
170809,2,1,0,0,0,0,0,0,0,0,0,0
170810,1,1,0,0,0,0,0,0,0,0,0,0
170811,1,1,14,14,14,14,14,14,14,14,14,14
170812,1,1,0,0,0,0,0,0,0,0,0,0
170812,2,1,0,0,0,0,0,0,0,0,0,0
170813,1,1,20,20,20,20,20,20,20,20,20,20
170814,1,1,0,0,0,0,0,0,0,0,0,7
170814,2,1,12,12,12,12,12,12,12,12,12,12
170815,1,1,0,0,0,0,0,0,0,0,0,0
170815,2,1,0,0,0,0,0,0,0,0,0,0
170816,1,1,0,0,0,0,0,0,0,0,0,0
170816,2,1,0,0,0,0,0,0,0,0,0,0
170817,1,1,16,16,16,16,16,16,16,16,16,16
170818,1,1,0,0,0,0,0,0,0,0,0,0
170818,2,1,0,0,0,0,0,0,0,0,0,0
170819,1,1,20,20,20,20,20,20,20,20,20,20
170820,1,1,16,12,25,22,24,18,20,27,13,25
170821,1,1,0,4,0,0,17,0,0,0,0,22
170822,0,1,0,0,0,0,0,0,10,0,0,0
170822,1,1,13,0,0,0,0,0,0,18,0,0
170823,1,1,0,17,0,0,0,0,0,0,0,0
170823,2,1,0,0,0,0,0,0,0,0,0,0
170823,3,1,0,0,0,0,0,0,0,0,0,0
170824,1,1,24,14,7,14,4,12,23,19,19,11
170825,1,1,12,0,0,20,0,23,0,5,24,0
170826,1,1,0,0,0,0,0,0,0,0,0,0
170826,2,1,0,0,0,0,0,0,0,0,0,0
170827,1,1,26,26,19,22,17,10,13,22,23,21
170828,1,1,0,0,0,0,0,22,0,0,0,0
170828,2,1,0,0,0,0,0,0,0,0,0,0
170828,3,1,0,17,0,0,0,14,0,0,0,0
170829,1,1,29,0,0,0,0,19,0,0,0,0
170829,2,1,0,0,16,0,0,0,0,0,0,0
170830,1,1,0,0,0,0,0,0,0,0,0,0
170830,2,1,0,0,0,0,0,0,0,11,0,18
170831,1,1,15,15,15,15,15,15,15,15,15,15
170832,0,1,21,21,21,21,21,21,21,21,21,21
170832,1,1,0,0,0,0,0,0,0,0,0,0
170833,1,1,0,0,0,0,0,0,0,0,0,27
170833,2,1,0,0,0,0,0,0,0,0,0,0
170834,1,1,0,0,0,0,0,0,29,0,0,0
170834,2,1,0,0,0,0,0,0,0,0,0,0
170835,1,1,0,30,25,0,0,0,30,18,0,27
170836,1,1,31,31,31,31,31,31,31,31,31,31
170837,1,1,0,0,0,0,0,0,0,0,0,0
170837,2,1,0,0,0,0,0,0,0,0,0,0
170838,0,1,9,9,9,9,9,9,9,9,9,9
170838,1,1,10,0,11,11,30,9,0,0,11,0
170839,1,1,11,11,11,11,11,11,11,11,11,11
170839,2,1,0,0,0,0,0,0,0,0,0,0
170840,1,1,15,0,0,0,15,14,0,8,0,0
170841,0,1,0,0,0,0,0,0,0,0,0,0
170841,0,2,0,0,0,0,0,0,0,0,14,0
170841,1,1,0,0,16,0,0,0,0,0,0,23
170842,1,1,25,25,25,25,25,25,25,25,25,25
170842,2,1,4,4,4,4,4,4,4,4,4,4
170843,1,1,21,21,21,21,21,21,21,21,21,21
170844,1,1,0,0,0,0,0,0,0,0,0,0
170844,2,1,0,0,0,0,0,0,0,0,0,0
170845,0,1,0,0,0,0,0,0,0,0,0,0
170845,0,2,0,51,0,17,0,20,0,0,20,0
170845,1,1,0,0,0,0,0,0,0,0,0,0
170846,1,1,0,0,0,0,0,0,0,0,0,0
170846,2,1,0,0,0,0,0,0,0,0,0,0
170847,1,1,0,0,0,0,0,0,0,0,0,0
170848,1,1,8,0,0,0,0,0,8,0,0,16
170849,1,1,0,24,15,0,0,0,0,0,0,10
170849,2,1,0,0,0,0,0,0,0,0,0,0
170850,1,1,11,11,11,11,11,11,11,11,11,11
170851,1,1,0,0,0,0,0,0,0,0,0,0
170852,1,1,20,20,20,20,20,20,20,20,20,20
170853,1,1,5,15,15,0,0,8,22,11,3,31
170853,2,1,0,0,0,0,0,0,0,0,0,0
170854,1,1,13,6,4,15,8,17,10,17,34,25
170855,1,1,0,0,0,0,0,0,0,0,0,0
170855,2,1,0,0,0,0,0,0,0,0,0,0
170856,1,1,0,0,0,0,0,0,0,0,0,0
170856,2,1,0,0,0,0,0,0,0,0,0,0
170857,1,1,0,0,0,0,0,0,0,0,0,0
170857,2,1,0,0,0,0,0,0,0,0,0,0
170858,0,1,0,0,0,0,0,0,0,0,0,0
170858,1,1,0,0,0,0,0,0,8,0,0,24
170859,1,1,0,0,0,0,0,0,0,0,0,0
170859,2,1,0,0,0,0,0,0,0,0,0,0
170860,1,1,0,0,0,0,0,0,0,0,0,0
170861,1,1,0,0,0,0,0,0,0,0,0,0
170861,2,1,0,0,0,0,0,0,0,0,0,0
170862,1,1,0,0,0,0,0,0,0,0,0,0
170863,1,1,0,0,0,0,0,0,0,0,0,0
170863,2,1,0,16,0,0,0,0,0,0,0,0
170863,3,1,0,0,0,0,0,0,0,0,0,0
170864,1,1,17,17,17,17,17,17,17,17,17,17
170865,1,1,0,0,0,11,21,0,0,18,0,0
170865,2,1,0,0,0,0,0,0,0,0,0,0
170866,1,1,0,0,0,0,0,0,0,0,0,0
170866,2,1,0,0,0,0,0,0,0,0,0,0
170867,1,1,0,0,0,0,0,0,0,0,0,0
170867,2,1,0,0,0,24,0,0,0,0,0,0
170867,3,1,0,0,0,0,0,0,0,0,0,0
170867,4,1,0,0,0,0,0,0,0,0,0,0
170868,1,1,16,16,16,16,16,16,16,16,16,16
170869,1,1,0,0,0,0,0,0,0,0,0,0
170869,2,1,0,0,0,0,0,0,0,0,0,0
170870,1,1,0,0,0,0,0,0,0,0,0,0
170871,1,1,0,0,0,0,0,0,0,0,0,0
170872,1,1,0,0,0,0,0,0,0,0,0,0
170873,1,1,20,20,20,20,20,20,20,20,20,20
170874,1,1,0,0,0,0,0,0,0,0,0,0
170874,2,1,0,0,0,0,0,0,0,0,0,0
170877,1,1,8,8,8,8,8,8,8,8,8,8
170878,1,1,19,19,19,19,19,19,19,19,19,19
170880,1,1,0,0,0,0,0,0,0,0,0,0
170880,2,1,0,0,0,0,0,0,0,0,0,0
170881,1,1,0,0,0,0,0,0,0,0,0,0
170881,2,1,0,0,0,0,0,0,0,0,0,0
170882,0,1,0,0,4,0,0,0,5,11,0,0
170882,1,1,2,19,21,0,12,0,0,0,18,7
170883,0,1,0,0,0,0,0,0,0,0,0,0
170883,1,1,0,0,0,0,0,0,0,0,0,0
170884,1,1,0,0,0,0,0,0,0,0,0,0
170885,1,1,15,15,15,15,15,15,15,15,15,15
170886,1,1,0,0,0,0,0,0,0,0,0,0
170886,2,1,0,0,0,0,0,0,0,0,0,0
170887,0,1,0,0,0,0,0,0,0,0,0,0
170887,1,1,0,0,0,0,0,0,0,0,0,0
170888,1,1,0,0,0,2,0,0,0,23,0,0
170889,1,1,0,28,21,0,4,0,16,15,0,0
170890,1,1,0,0,0,0,0,0,0,0,0,0
170891,1,1,0,0,0,0,0,0,0,0,0,0
170892,1,1,0,0,0,0,0,29,0,0,0,0
170892,2,1,0,0,0,0,0,0,0,0,0,0
170893,1,1,0,0,0,0,0,0,0,0,0,0
170894,1,1,3,3,3,3,3,3,3,3,3,3
170894,2,1,24,24,24,24,24,24,24,24,24,24
170895,1,1,0,0,0,0,0,0,0,0,0,0
170895,2,1,0,0,0,0,0,0,0,0,0,0
170896,1,1,17,0,43,0,0,9,24,14,13,18
170897,1,1,15,0,0,0,0,0,0,0,0,0
170897,2,1,0,0,0,0,0,0,0,0,0,0
170898,1,1,0,0,0,0,13,0,0,0,0,0
170898,2,1,8,8,8,8,8,8,8,8,8,8
170899,1,1,14,14,14,14,14,14,14,14,14,14
170900,0,1,0,0,0,0,0,0,0,0,0,0
170900,1,1,0,0,0,0,0,0,0,0,0,0
170901,0,1,45,45,45,45,45,45,45,45,45,45
170901,1,1,0,0,0,0,0,0,9,0,0,0
170902,0,1,0,0,0,0,0,0,0,0,0,0
170902,1,1,0,0,0,0,0,0,0,4,0,0
170903,1,1,0,0,0,0,0,0,0,0,0,0
170903,2,1,0,12,0,0,0,0,0,0,7,0
170904,0,1,0,0,0,0,0,0,0,0,0,0
170904,0,2,0,0,0,0,0,21,0,8,0,0
170904,1,1,0,0,0,0,0,0,0,46,0,0
170905,1,1,0,0,0,0,0,0,0,0,10,0
170905,2,1,0,0,0,0,0,0,0,0,0,0
170906,1,1,0,0,0,0,0,0,0,0,0,0
170906,2,1,0,0,0,0,0,7,0,0,0,0
170907,1,1,14,14,14,14,14,14,14,14,14,14
170908,1,1,0,18,0,0,0,0,0,12,0,28
170909,1,1,0,0,0,0,20,0,0,0,0,0
170910,1,1,9,9,9,9,9,9,9,9,9,9
170911,1,1,19,19,19,19,19,19,19,19,19,19
170913,1,1,14,10,12,17,10,27,26,4,11,32
170914,1,1,0,0,0,0,0,0,0,0,0,0
170914,2,1,1,1,1,1,1,1,1,1,1,1
170914,3,1,0,15,0,0,0,0,0,0,14,0
170915,0,1,0,0,0,0,0,0,0,0,0,0
170915,1,1,10,0,10,0,13,0,7,9,11,33
170917,1,1,5,5,5,5,5,5,5,5,5,5
170918,1,1,18,18,18,18,18,18,18,18,18,18
170918,2,1,0,0,0,0,0,0,0,0,0,0
170919,0,1,0,0,0,0,0,0,0,0,0,0
170919,1,1,0,0,0,0,8,29,0,0,10,0
170920,1,1,0,0,0,0,0,0,0,0,0,0
170920,6,1,20,0,1,10,0,0,5,0,16,0
170920,7,1,18,8,0,0,24,21,0,11,13,9
170920,8,1,15,0,13,13,11,21,0,3,0,4
170920,9,1,7,0,0,0,0,0,0,0,9,0
170920,12,1,0,0,0,0,0,0,0,0,0,0
170921,0,1,0,0,0,0,0,0,0,0,0,0
170921,1,1,0,0,0,0,0,0,0,12,0,0
170922,1,1,14,14,14,14,14,14,14,14,14,14
170923,1,1,0,0,0,0,0,0,25,29,0,0
170924,0,1,0,0,0,0,0,0,0,0,0,0
170924,1,1,0,0,0,0,0,0,0,0,0,0
170925,1,1,0,0,0,0,0,0,0,0,0,0
170925,2,1,0,0,0,0,0,0,0,0,0,0
170926,1,1,0,0,0,0,0,0,0,0,0,0
170926,2,1,0,0,0,0,12,13,0,0,0,0
170927,1,1,12,12,12,12,12,12,12,12,12,12
170928,1,1,0,0,0,0,0,0,0,0,0,0
170929,1,1,22,22,22,22,22,22,22,22,22,22
170930,1,1,0,0,0,0,0,0,0,0,0,0
170930,2,1,0,0,0,0,0,0,0,0,0,0
170932,1,1,0,0,0,21,0,0,34,0,6,0
170933,1,1,0,0,0,0,0,0,0,0,0,0
170933,2,1,0,0,0,0,0,0,0,0,0,0
170934,1,1,0,26,0,4,22,16,0,24,22,0
170934,2,1,0,0,0,0,0,0,0,0,0,0
170935,1,1,25,25,25,25,25,25,25,25,25,25
170936,1,1,13,8,33,8,3,17,14,22,5,11
170937,1,1,0,0,0,0,0,0,23,0,0,0
170938,1,1,0,0,0,0,0,0,0,0,0,0
170938,2,1,0,0,0,0,0,0,0,0,0,0
170939,1,1,0,0,0,0,0,0,0,0,0,0
170940,1,1,3,3,3,3,3,3,3,3,3,3
170941,1,1,21,21,21,21,21,21,21,21,21,21
170942,1,1,0,13,0,0,12,18,0,0,37,0
170943,1,1,18,18,18,18,18,18,18,18,18,18
170944,0,1,0,0,23,27,0,0,0,17,0,0
170944,1,1,0,0,0,0,0,0,0,19,0,0
170945,1,1,0,0,0,0,0,0,0,0,0,0
170946,1,1,0,0,0,0,0,0,0,0,0,0
170947,1,1,8,8,8,8,8,8,8,8,8,8
170947,2,1,0,0,10,0,12,0,0,0,0,0
170948,1,1,0,0,0,0,0,0,0,0,0,0
170948,2,1,0,16,0,0,0,0,0,0,0,0
170949,1,1,26,26,26,26,26,26,26,26,26,26
170950,1,1,0,0,0,28,0,28,0,0,0,24
170951,0,1,0,0,0,0,0,0,0,0,0,0
170951,1,1,0,0,0,0,0,0,0,0,0,0
170952,0,1,0,0,0,0,0,0,0,0,0,0
170952,0,2,0,0,0,0,0,0,0,0,18,0
170952,0,3,0,0,0,0,0,0,0,43,0,0
170952,1,1,0,0,0,0,0,33,0,19,0,0
170952,2,1,0,0,0,17,0,0,0,0,0,0
170952,3,1,0,0,0,0,18,0,0,24,0,0
170952,4,1,0,0,0,0,0,0,0,0,0,0
170952,5,1,0,0,0,0,0,0,0,0,0,0
170952,6,1,0,0,0,23,19,0,0,0,0,0
170953,0,1,0,0,0,0,0,0,0,0,0,0
170953,1,1,0,0,0,0,0,0,0,0,0,0
170955,1,1,4,4,4,4,4,4,4,4,4,4
170956,1,1,0,0,0,0,0,0,0,0,0,0
170956,2,1,0,0,0,0,0,0,0,0,0,0
170956,3,1,0,0,0,0,0,0,0,0,0,0
170957,0,1,0,0,0,0,0,0,0,0,0,0
170957,1,1,27,34,0,38,0,0,0,22,0,16
170958,1,1,0,0,0,0,0,0,0,0,0,0
170959,1,1,0,0,0,0,0,0,0,8,0,0
170959,2,1,15,15,15,15,15,15,15,15,15,15
170960,1,1,10,0,0,0,0,0,0,0,0,0
170960,2,1,0,0,0,0,0,0,0,0,0,0
170961,0,1,0,0,0,0,0,0,0,0,0,0
170961,1,1,0,0,0,0,15,0,0,0,0,0
170962,0,1,22,22,22,22,22,22,22,22,22,22
170962,1,1,0,7,16,0,12,0,0,0,0,0
170963,0,1,0,0,0,0,0,0,0,0,0,0
170963,1,1,0,0,0,0,0,0,0,0,32,0
170964,0,1,0,0,0,0,0,0,0,0,0,0
170964,1,1,0,0,20,15,23,0,12,0,0,0
170965,1,1,14,14,14,14,14,14,14,14,14,14