ST_CASE,VEH_NO,PER_NO,P1,P2,P3,P4,P5,P6,P7,P8,P9,P10
170966,1,1,0,0,0,0,0,0,0,0,0,0
170967,1,1,17,17,17,17,17,17,17,17,17,17
170968,1,1,0,0,0,0,0,0,0,0,0,0
170969,1,1,0,0,0,0,0,0,0,0,0,0
170969,2,1,0,0,0,0,0,0,0,0,0,0
170969,3,1,0,0,0,0,0,16,0,0,0,0
170970,0,1,1,1,1,1,1,1,1,1,1,1
170970,1,1,0,0,0,0,0,0,0,0,0,0
170971,1,1,0,0,0,0,0,0,0,0,0,0
170971,2,1,0,0,0,0,0,0,0,0,0,0
170972,1,1,0,0,0,0,0,0,10,28,0,0
170973,1,1,15,15,15,15,15,15,15,15,15,15
170974,1,1,0,0,0,0,0,10,17,0,0,0
180001,1,1,9,0,0,16,0,0,19,0,0,14
180002,1,1,14,0,21,21,0,0,0,0,0,0
180003,0,1,25,25,25,25,25,25,25,25,25,25
180003,1,1,0,0,0,0,0,0,0,0,0,0
180004,1,1,14,14,14,14,14,14,14,14,14,14
180005,1,1,0,0,0,0,0,0,0,0,0,0
180007,1,1,0,0,0,0,0,0,0,0,0,0
180007,2,1,0,0,0,0,0,0,0,0,0,0
180008,1,1,0,0,0,0,0,0,0,0,0,0
180009,1,1,14,14,14,14,14,14,14,14,14,14
180010,1,1,0,0,0,0,0,0,0,0,0,0
180010,2,1,0,0,0,0,0,0,0,0,0,0
180011,1,1,0,0,0,0,0,0,0,0,0,0
180012,1,1,0,0,0,0,0,0,0,0,0,0
180013,1,1,0,0,0,0,0,0,0,0,0,0
180015,1,1,0,0,0,0,0,0,0,0,0,0
180016,1,1,0,15,0,0,0,0,25,0,0,0
180017,0,1,25,16,8,0,0,0,0,2,0,20
180017,1,1,4,4,4,4,4,4,4,4,4,4
180018,1,1,0,0,0,0,0,0,0,0,0,0
180018,2,1,0,0,0,0,0,0,0,0,0,0
180019,0,1,0,0,0,25,0,0,0,0,0,0
180019,1,1,0,0,0,0,0,0,0,0,0,0
180020,1,1,0,0,0,0,6,0,0,0,0,0
180021,1,1,0,0,0,0,0,0,0,0,0,0
180022,1,1,0,15,0,0,0,22,0,0,0,0
180023,1,1,0,0,0,0,0,0,0,0,0,0
180023,2,1,0,0,0,0,0,0,0,0,0,0
180024,1,1,15,15,15,15,15,15,15,15,15,15
180024,2,1,0,0,0,0,0,0,0,0,0,0
180025,1,1,0,0,0,0,0,0,0,0,0,9
180026,1,1,0,0,0,0,0,0,0,0,0,0
180027,1,1,27,27,27,27,27,27,27,27,27,27
180030,1,1,19,19,19,19,19,19,19,19,19,19
180031,1,1,0,0,0,0,0,0,0,0,0,0
180031,2,1,0,0,0,0,0,0,0,0,0,0
180032,1,1,0,0,0,0,0,0,0,0,0,0
180033,1,1,0,23,0,0,0,0,0,0,0,0
180034,1,1,0,0,0,0,0,0,0,0,0,0
180035,1,1,0,0,7,0,10,0,0,0,0,0
180036,1,1,28,28,28,28,28,28,28,28,28,28
180037,1,1,0,0,0,0,0,0,0,0,0,0
180038,0,1,0,0,0,0,0,0,0,0,0,0
180038,1,1,0,0,0,0,0,0,0,0,0,0
180039,0,1,0,0,0,0,0,0,0,0,0,0
180039,1,1,0,0,0,0,0,0,0,0,0,0
180040,1,1,0,0,0,0,0,0,0,0,0,0
180040,2,1,0,0,0,0,0,0,0,0,0,0
180041,0,1,0,15,0,35,0,0,0,10,23,0
180041,0,2,0,16,32,0,0,16,25,35,0,0
180041,1,1,0,0,0,0,0,0,0,15,0,0
180042,1,1,10,10,10,10,10,10,10,10,10,10
180042,2,1,0,0,0,0,0,0,0,0,0,0
180043,1,1,18,18,18,18,18,18,18,18,18,18
180044,0,1,0,0,0,0,15,0,24,0,0,0
180044,1,1,0,0,0,0,0,0,0,0,0,0
180045,1,1,0,0,0,0,0,0,0,0,0,0
180046,0,1,0,0,0,0,0,0,0,0,0,0
180046,1,1,0,0,0,0,0,0,0,0,0,0
180047,1,1,8,0,0,0,9,0,0,6,0,0
180049,1,1,0,0,0,0,0,0,0,0,0,0
180050,1,1,0,0,0,0,0,0,0,0,0,0
180050,2,1,0,0,0,0,0,0,0,0,0,0
180051,1,1,0,30,10,27,0,22,27,27,12,9
180052,1,1,0,0,0,0,0,0,0,0,0,12
180052,2,1,0,0,0,0,0,0,0,0,0,0
180052,3,1,0,0,0,0,0,0,0,0,0,0
180053,1,1,8,8,8,8,8,8,8,8,8,8
180053,2,1,8,0,10,0,0,0,0,0,0,0
180053,3,1,0,0,0,0,0,0,13,14,0,0
180053,4,1,0,0,0,0,0,0,0,0,0,0
180053,5,1,0,0,19,0,0,0,6,0,0,0
180053,6,1,0,0,0,0,0,10,0,0,0,0
180054,1,1,0,0,0,0,0,0,0,0,0,0
180054,2,1,0,0,0,0,0,0,0,0,0,0
180055,1,1,18,18,18,18,18,18,18,18,18,18
180056,1,1,19,0,0,0,19,0,0,17,27,20
180057,1,1,0,0,0,0,0,0,0,0,0,0
180058,1,1,0,0,0,0,0,0,0,0,0,0
180058,2,1,0,0,0,0,0,0,0,0,0,0
180059,1,1,0,0,25,0,0,6,0,0,0,0
180060,1,1,0,0,0,0,0,0,0,0,0,0
180060,2,1,0,0,0,0,0,0,0,0,0,0
180061,1,1,0,0,0,0,0,0,0,0,0,0
180062,1,1,20,20,20,20,20,20,20,20,20,20
180063,0,1,0,0,0,0,0,0,0,0,0,0
180063,1,1,0,0,0,0,0,0,0,0,0,0
180064,1,1,0,0,0,0,0,0,0,15,0,0
180064,2,1,0,0,0,0,0,0,0,0,0,0
180064,3,1,0,0,0,0,0,0,0,0,0,0
180065,1,1,0,0,0,0,0,0,0,0,0,0
180065,2,1,0,0,0,0,0,0,0,0,0,0
180066,1,1,0,0,0,0,0,0,0,0,0,0
180066,2,1,0,0,0,0,0,0,0,0,0,0
180067,1,1,0,0,0,0,0,0,0,0,0,0
180067,2,1,0,0,0,0,0,0,0,0,0,0
180068,1,1,0,0,0,0,0,0,0,0,0,0
180069,1,1,0,0,0,0,0,0,0,0,0,0
180069,2,1,0,0,0,0,0,0,0,0,0,0
180070,1,1,12,12,12,12,12,12,12,12,12,12
180071,1,1,0,0,0,0,0,0,0,0,0,0
180072,1,1,19,32,7,15,11,15,18,24,14,24
180073,1,1,0,0,0,0,0,0,0,0,0,0
180074,1,1,0,0,0,0,0,0,0,0,0,0
180074,2,1,0,0,0,0,0,0,0,0,0,0
180075,1,1,12,12,12,12,12,12,12,12,12,12
180076,1,1,0,0,0,0,0,0,0,0,0,0
180076,2,1,0,0,0,0,0,0,0,0,0,0
180077,1,1,0,0,0,0,0,0,0,0,0,0
180077,2,1,0,0,0,0,0,0,0,0,0,0
180077,3,1,0,0,0,0,0,0,0,0,0,0
180077,4,1,0,0,0,0,0,0,0,0,0,0
180078,1,1,0,0,0,0,0,0,0,0,0,0
180079,1,1,0,0,0,0,0,0,16,0,0,0
180080,1,1,0,0,0,0,0,0,0,0,0,0
180081,0,1,0,0,0,0,0,0,0,0,0,0
180081,1,1,0,0,0,0,0,28,0,0,0,14
180082,1,1,27,27,27,27,27,27,27,27,27,27
180083,1,1,0,0,0,0,0,0,0,0,0,0
180084,1,1,0,0,0,0,0,0,0,0,0,0
180084,2,1,0,0,0,0,0,0,0,0,0,0
180085,1,1,0,0,0,0,0,0,0,0,0,0
180085,2,1,0,0,0,0,0,0,0,0,0,0
180086,1,1,0,0,0,0,0,0,0,0,0,0
180086,2,1,0,0,0,0,0,0,0,0,0,0
180087,1,1,0,0,3,26,0,0,13,0,12,0
180088,1,1,0,0,0,31,0,0,18,0,0,0
180089,0,1,26,0,13,11,24,9,16,0,28,0
180089,1,1,0,0,0,0,0,0,0,0,0,0
180090,1,1,37,37,37,37,37,37,37,37,37,37
180091,1,1,19,19,19,19,19,19,19,19,19,19
180092,1,1,0,0,0,0,0,0,0,0,0,0
180092,2,1,0,0,0,0,0,0,0,0,0,0
180092,3,1,0,0,0,0,0,0,0,0,0,0
180093,1,1,29,29,29,29,29,29,29,29,29,29
180094,1,1,0,0,0,0,0,0,0,0,0,0
180094,2,1,0,0,0,0,0,0,0,0,0,0
180095,1,1,17,17,17,17,17,17,17,17,17,17
180096,0,1,25,0,0,0,17,0,0,0,23,0
180096,1,1,0,0,0,0,0,0,0,0,0,0
180097,1,1,0,0,0,0,0,0,0,0,0,0
180097,2,1,0,0,0,0,0,0,0,0,0,0
180098,1,1,11,11,11,11,11,11,11,11,11,11
180099,1,1,0,0,0,0,0,0,0,0,0,0
180100,1,1,0,0,0,6,0,13,18,0,0,0
180101,0,1,0,0,0,0,0,59,27,7,13,0
180101,1,1,0,0,0,0,0,0,0,0,0,0
180102,1,1,0,0,0,0,0,0,0,0,0,0
180102,2,1,0,0,0,0,0,0,0,0,0,0
180102,3,1,0,0,0,0,0,0,0,0,0,0
180103,1,1,0,0,0,0,0,0,0,0,0,0
180104,1,1,0,0,0,12,17,0,0,0,0,0
180105,1,1,0,0,0,0,0,0,0,0,0,0
180105,2,1,0,0,0,0,0,0,0,0,0,0
180107,1,1,0,0,0,0,0,0,0,0,0,0
180108,1,1,0,0,0,0,0,0,0,0,0,0
180109,0,1,0,0,27,0,29,16,0,0,28,10
180109,1,1,0,0,0,0,0,0,0,0,0,0
180110,1,1,19,19,19,19,19,19,19,19,19,19
180111,1,1,0,0,0,0,0,0,0,0,0,0
180112,1,1,0,0,0,0,0,0,0,0,0,0
180112,2,1,0,0,0,0,0,0,0,0,0,0
180113,1,1,0,0,0,0,0,0,0,0,0,0
180114,1,1,27,27,27,27,27,27,27,27,27,27
180114,2,1,0,0,0,0,0,0,0,0,0,0
180115,1,1,0,0,0,0,0,0,0,0,0,0
180115,2,1,0,0,0,0,0,0,0,0,0,0
180116,1,1,0,0,0,0,0,0,0,0,0,0
180116,2,1,0,0,0,0,0,0,0,0,0,0
180116,3,1,0,0,0,0,0,0,0,0,0,0
180118,1,1,0,0,0,0,0,0,0,0,0,0
180119,1,1,0,0,0,0,0,0,0,0,0,0
180119,2,1,0,0,0,0,0,0,0,0,0,0
180119,3,1,0,0,0,0,0,0,0,0,0,0
180120,1,1,0,0,0,0,0,0,0,0,0,0
180120,2,1,0,0,0,0,0,0,0,0,0,0
180121,1,1,0,0,0,0,0,0,0,0,0,0
180122,0,1,0,13,18,0,0,15,13,0,16,9
180122,1,1,0,0,0,0,0,0,0,0,0,0
180123,1,1,0,0,0,0,0,0,0,0,0,0
180123,2,1,0,0,0,0,0,0,0,0,0,0
180124,1,1,26,26,26,26,26,26,26,26,26,26
180125,1,1,0,0,0,0,0,0,2,0,0,0
180125,2,1,0,0,0,0,0,0,0,0,0,0
180125,3,1,0,0,11,0,0,0,14,0,0,0
180125,4,1,0,24,0,0,0,0,0,0,0,0
180125,5,1,0,0,0,0,0,0,0,0,0,0
180125,6,1,0,0,0,0,0,0,0,0,0,0
180125,7,1,0,0,0,0,0,0,0,0,0,0
180125,8,1,0,0,0,0,0,0,0,0,0,0
180125,9,1,0,19,0,0,0,0,16,0,0,0
180126,0,1,0,0,0,0,0,0,0,0,0,0
180126,1,1,0,0,0,0,0,0,0,0,0,0
180127,1,1,0,0,0,0,0,0,0,0,0,0
180127,2,1,0,0,0,0,0,0,0,0,0,0
180128,1,1,0,0,0,0,0,0,0,0,0,0
180128,2,1,0,0,0,0,0,0,0,0,0,0
180129,1,1,0,0,0,0,0,0,0,0,0,0
180130,1,1,0,0,0,0,0,0,0,0,0,0
180130,2,1,0,0,0,16,0,0,0,0,0,0
180131,1,1,2,2,2,2,2,2,2,2,2,2
180132,1,1,0,0,0,0,0,0,0,17,0,0
180132,2,1,0,0,0,0,0,0,0,0,0,0
180132,3,1,0,0,0,0,0,0,0,0,0,0
180132,4,1,0,0,0,0,0,0,0,0,0,0
180134,1,1,0,20,0,0,0,0,0,0,0,0
180135,1,1,0,0,0,0,0,0,0,0,0,0
180136,1,1,22,22,22,22,22,22,22,22,22,22
180137,1,1,0,0,0,0,0,31,0,0,0,17
180137,2,1,0,0,0,0,0,0,0,0,0,0
180138,1,1,0,0,0,0,0,0,0,0,0,0
180139,1,1,0,0,0,0,0,0,0,0,0,0
180139,2,1,0,0,0,0,0,0,0,0,0,0
180140,1,1,0,0,0,0,0,0,0,0,0,0
180141,1,1,0,0,0,0,0,0,0,0,0,0
180141,2,1,0,0,0,0,0,0,0,0,0,0
180143,1,1,0,0,0,0,0,0,0,0,0,0
180143,2,1,0,7,11,0,0,0,0,6,0,0
180144,1,1,0,0,0,0,0,0,11,0,0,0
180145,1,1,0,0,0,0,0,0,0,0,0,0
180146,1,1,0,0,0,0,0,0,0,0,0,0
180147,1,1,32,32,32,32,32,32,32,32,32,32
180148,1,1,19,19,19,19,19,19,19,19,19,19
180148,2,1,0,0,0,0,0,0,0,0,0,0
180149,0,1,0,0,0,0,0,0,0,0,0,0
180149,1,1,0,0,0,0,0,0,0,0,0,0
180150,1,1,0,0,0,0,0,0,0,0,0,0
180151,1,1,14,14,14,14,14,14,14,14,14,14
180152,0,1,0,0,0,0,0,0,0,0,8,19
180152,1,1,0,0,0,0,0,0,0,0,0,0
180153,0,1,20,20,20,20,20,20,20,20,20,20
180153,1,1,0,0,0,0,0,0,0,0,0,0
180154,1,1,0,0,0,0,0,0,0,0,0,0
180154,2,1,0,0,0,0,0,0,0,0,0,0
180155,1,1,0,0,0,0,0,0,0,10,0,0
180156,1,1,0,0,0,0,0,0,0,0,0,0
180157,1,1,0,0,0,0,0,0,0,0,0,0
180157,2,1,0,0,0,10,0,0,0,0,19,0
180158,1,1,21,21,21,21,21,21,21,21,21,21
180158,2,1,0,0,0,0,0,0,0,0,0,0
180160,1,1,0,0,0,0,0,0,0,0,0,0
180160,2,1,0,0,0,0,0,0,0,0,0,0
180161,1,1,0,0,0,0,0,0,0,0,0,0
180162,0,1,0,0,0,0,0,0,0,0,0,0
180162,1,1,0,0,0,0,0,0,0,0,0,0
180163,1,1,18,18,18,18,18,18,18,18,18,18
180164,1,1,0,0,0,0,0,0,0,0,0,0
180164,2,1,0,0,0,0,0,0,0,0,0,0
180165,1,1,15,0,0,16,0,0,14,16,25,0
180166,1,1,0,0,0,0,0,0,0,0,0,0
180166,2,1,0,0,0,0,0,0,0,0,0,0
180167,1,1,22,22,22,22,22,22,22,22,22,22
180168,0,1,17,17,17,17,17,17,17,17,17,17
180168,1,1,23,23,23,23,23,23,23,23,23,23
180169,1,1,0,0,0,0,0,0,0,0,0,0
180169,2,1,11,11,11,11,11,11,11,11,11,11
180170,1,1,0,19,0,22,0,7,18,27,0,9
180171,1,1,0,0,0,0,0,0,0,0,32,0
180172,1,1,11,11,11,11,11,11,11,11,11,11
180173,1,1,0,0,0,0,0,0,33,0,0,0
180174,0,1,0,2,15,20,0,0,14,22,15,26
180174,1,1,0,0,0,0,0,12,0,0,0,0
180175,1,1,14,0,13,0,0,0,4,0,0,0
180176,1,1,18,18,18,18,18,18,18,18,18,18
180177,1,1,0,0,0,0,0,0,0,0,0,0
180177,2,1,0,0,0,0,0,0,0,0,0,0
180178,0,1,0,0,0,0,16,0,0,0,0,0
180178,1,1,0,0,0,0,0,0,0,0,0,0
180178,3,1,0,0,0,0,0,0,0,0,0,0
180179,0,1,0,0,0,0,0,0,0,0,0,0
180179,1,1,0,0,0,0,0,0,0,0,0,0
180180,1,1,7,0,0,10,0,0,0,20,0,11
180181,0,1,26,0,0,0,0,0,0,0,44,28
180181,1,1,0,0,0,0,0,0,0,0,0,0
180182,0,1,0,0,0,0,0,0,0,0,55,0
180182,1,1,0,0,0,0,0,0,0,0,0,0
180184,1,1,0,0,0,0,0,0,0,0,0,0
180184,2,1,0,0,0,0,0,0,0,0,0,0
180185,1,1,0,0,0,0,0,0,13,0,0,0
180186,1,1,0,0,0,0,0,0,0,0,0,0
180186,2,1,0,0,0,0,0,0,0,0,0,0
180188,1,1,0,0,0,0,0,0,0,0,0,0
180189,1,1,0,0,0,0,0,0,0,0,9,0
180189,2,1,0,0,0,0,0,0,18,0,0,0
180190,1,1,0,0,0,0,0,0,0,0,0,0
180191,1,1,0,0,0,0,0,0,0,0,0,0
180191,2,1,4,0,0,0,0,0,0,0,0,0
180192,1,1,0,0,0,0,0,20,10,0,0,0
180193,1,1,25,25,25,25,25,25,25,25,25,25
180194,1,1,0,0,0,0,0,0,0,0,0,0
180195,1,1,0,0,0,0,0,0,0,0,0,0
180195,2,1,0,0,7,0,0,0,0,0,10,0
180196,1,1,0,0,0,0,0,0,0,0,0,0
180197,0,1,8,0,0,0,0,13,0,0,0,0
180197,1,1,0,19,13,3,20,12,0,20,0,0
180198,0,1,0,0,0,0,0,0,0,0,0,0
180198,1,1,18,0,0,0,0,0,0,21,34,0
180199,1,1,28,28,28,28,28,28,28,28,28,28
180200,0,1,0,0,0,0,0,0,0,0,0,0
180200,1,1,0,0,0,0,0,0,0,0,0,0
180201,1,1,0,0,0,0,0,38,0,10,24,0
180202,1,1,0,0,0,0,0,0,0,0,0,0
180202,2,1,0,0,0,0,0,0,0,0,0,0
180202,3,1,0,0,0,0,0,0,0,0,0,0
180203,1,1,0,0,0,0,0,0,0,0,0,0
180203,2,1,0,0,0,0,0,0,0,0,0,0
180204,1,1,0,0,0,0,0,0,0,0,0,0
180205,1,1,0,0,0,0,0,0,0,0,0,0
180206,1,1,25,25,25,25,25,25,25,25,25,25
180206,2,1,9,13,15,0,9,6,10,12,20,0
180207,1,1,19,19,19,19,19,19,19,19,19,19
180208,1,1,0,0,0,0,0,0,0,29,0,0
180208,2,1,0,0,0,0,0,0,0,0,0,0
180209,1,1,21,21,21,21,21,21,21,21,21,21
180210,1,1,0,0,0,0,0,0,0,0,0,0
180210,2,1,15,0,0,0,0,0,0,0,0,0
180211,1,1,22,22,22,22,22,22,22,22,22,22
180212,1,1,0,0,0,0,0,0,0,0,0,0
180212,2,1,0,0,0,0,0,0,0,0,0,0
180213,1,1,0,0,0,0,0,0,0,0,0,0
180213,2,1,0,0,0,0,0,0,0,0,0,0
180214,1,1,14,0,0,0,0,0,19,0,0,0
180214,2,1,0,0,12,0,0,0,0,0,0,0
180215,1,1,0,0,0,0,0,0,0,0,0,0
180216,1,1,0,0,39,0,0,21,0,0,27,18
180216,2,1,0,0,0,0,0,0,0,0,0,0
180216,3,1,0,0,0,0,0,0,27,0,0,0
180217,1,1,0,0,0,0,0,0,0,0,0,0
180217,2,1,15,15,15,15,15,15,15,15,15,15
180218,1,1,0,0,0,0,0,0,0,0,0,0
180218,2,1,0,0,0,0,0,0,0,0,0,0
180218,3,1,0,0,0,0,0,0,0,0,0,0
180219,1,1,0,0,0,0,0,0,0,0,0,0
180219,2,1,0,0,0,0,6,0,0,0,0,0
180220,1,1,0,0,0,0,0,0,0,0,0,0
180220,2,1,0,0,0,0,0,0,0,0,0,0
180221,1,1,0,0,0,0,0,0,0,0,0,0
180221,2,1,0,0,0,0,0,0,0,0,0,0
180222,1,1,0,0,0,0,0,0,0,0,8,0
180223,1,1,0,0,12,6,0,0,0,0,0,0
180223,2,1,0,0,0,0,0,0,0,10,0,0
180224,1,1,6,6,6,6,6,6,6,6,6,6
180224,2,1,0,0,0,0,0,0,0,0,0,0
180225,1,1,0,0,0,0,0,0,0,0,0,0
180225,2,1,0,0,0,0,0,0,0,0,0,0
180226,1,1,0,0,0,0,0,0,0,0,0,0
180227,1,1,0,0,0,0,0,0,0,0,0,0
180228,1,1,7,7,7,7,7,7,7,7,7,7
180228,2,1,0,0,0,0,0,0,0,0,0,0
180229,1,1,0,0,0,0,0,0,0,0,0,0
180229,2,1,0,0,0,0,0,0,0,0,0,0
180230,1,1,27,34,8,12,0,25,28,19,14,34
180231,1,1,23,23,23,23,23,23,23,23,23,23
180232,1,1,0,0,0,0,0,0,0,0,0,0
180233,0,1,0,0,0,0,0,0,0,0,0,0
180233,1,1,0,0,0,0,0,0,0,0,0,0
180234,1,1,0,0,0,0,0,0,0,0,0,0
180234,2,1,0,0,0,0,0,0,0,0,0,0
180235,1,1,0,0,0,0,0,0,0,0,18,0
180236,1,1,0,0,0,10,0,0,0,0,0,32
180237,0,1,0,14,19,0,0,0,0,0,0,0
180237,1,1,0,0,0,0,0,17,0,0,0,0
180238,1,1,0,0,0,0,0,0,0,0,0,0
180238,2,1,0,0,0,0,0,0,0,0,0,0
180239,1,1,0,0,0,0,0,0,0,0,0,0
180239,2,1,0,0,0,0,0,0,0,0,0,0
180239,3,1,0,0,0,0,8,0,0,0,0,0
180240,1,1,0,0,0,0,0,0,31,0,0,0
180241,0,1,31,31,31,31,31,31,31,31,31,31
180241,1,1,0,0,0,0,0,0,0,0,0,0
180242,1,1,0,0,0,0,0,0,0,0,0,0
180242,2,1,0,0,0,0,0,0,0,0,0,0
180243,1,1,0,0,0,0,0,0,0,0,0,0
180243,2,1,0,0,0,0,0,0,0,0,0,0
180243,3,1,0,0,0,0,0,0,0,0,0,0
180244,1,1,33,33,33,33,33,33,33,33,33,33
180245,1,1,0,0,0,0,0,0,0,0,0,0
180245,2,1,0,0,0,0,0,0,0,0,0,0
180246,1,1,0,0,0,0,0,0,0,0,0,0
180246,2,1,0,0,0,0,0,0,0,0,0,0
180247,0,1,0,0,0,0,0,0,0,0,0,0
180247,1,1,0,0,0,0,0,0,0,0,0,0
180248,1,1,0,0,0,0,0,0,0,0,0,0
180248,2,1,0,0,0,0,0,0,0,0,0,0
180249,1,1,0,0,0,0,0,0,0,0,0,0
180249,2,1,0,0,0,0,0,0,0,0,0,0
180250,1,1,0,0,0,0,0,0,0,0,0,0
180250,2,1,0,0,0,0,0,0,0,0,0,0
180251,1,1,24,24,24,24,24,24,24,24,24,24
180252,0,1,12,34,0,0,32,0,14,0,16,0
180252,1,1,17,0,0,0,0,0,0,0,0,11
180253,0,1,0,0,0,0,13,0,15,0,0,13
180253,1,1,0,0,0,0,0,0,0,0,0,0
180254,1,1,0,0,18,0,0,0,0,0,0,0
180255,1,1,0,0,0,5,0,29,0,0,0,0
180256,1,1,0,0,0,0,0,0,0,0,0,0
180256,2,1,0,0,0,0,0,0,0,0,0,0
180257,1,1,18,18,18,18,18,18,18,18,18,18
180258,1,1,0,0,0,0,0,0,11,0,0,0
180259,1,1,2,2,2,2,2,2,2,2,2,2
180259,2,1,0,0,0,0,0,0,0,0,0,0
180261,1,1,15,15,15,15,15,15,15,15,15,15
180262,1,1,0,0,0,0,0,0,0,0,0,0
180262,2,1,0,0,0,0,0,0,0,0,0,0
180263,1,1,0,0,0,0,0,0,0,13,0,0
180264,1,1,0,0,0,0,0,0,0,0,0,0
180264,2,1,0,0,0,0,0,0,0,0,0,0
180265,0,1,12,15,26,39,25,24,14,11,17,22
180265,0,2,0,0,0,0,0,0,25,0,0,0
180265,1,1,0,0,0,0,0,0,0,0,0,0
180266,1,1,0,0,0,0,19,0,0,0,0,17
180266,2,1,0,0,0,0,0,0,0,0,0,0
180267,1,1,0,0,0,0,0,0,0,0,0,0
180267,2,1,0,0,0,0,0,0,19,0,0,0
180268,1,1,0,0,0,0,0,0,0,0,0,0
180268,2,1,0,0,0,0,0,0,0,0,0,0
180269,1,1,0,0,0,0,0,0,0,0,0,0
180270,1,1,0,0,0,0,0,0,0,0,0,0
180270,2,1,0,0,0,0,0,0,0,0,0,0
180271,1,1,0,0,0,0,0,0,0,0,0,0
180273,1,1,0,0,12,0,0,0,0,0,0,0
180274,1,1,0,0,0,0,0,0,0,0,0,0
180275,1,1,0,0,0,0,0,14,0,0,0,0
180275,2,1,0,0,0,0,0,0,0,0,0,0
180276,1,1,10,33,13,17,18,2,9,19,24,20
180277,1,1,12,32,0,14,0,0,26,0,8,0
180278,0,1,18,23,10,35,19,22,20,25,22,8
180278,1,1,20,0,0,0,13,10,0,0,0,18
180279,1,1,0,0,0,0,0,0,0,0,0,0
180280,0,1,0,0,0,0,0,0,0,0,0,0
180280,1,1,0,0,0,0,0,0,0,0,0,0
180281,0,1,32,32,32,32,32,32,32,32,32,32
180281,1,1,0,0,19,6,0,15,0,0,0,0
180282,1,1,3,0,0,0,0,0,0,0,0,0
180283,1,1,20,20,20,20,20,20,20,20,20,20
180283,2,1,0,0,0,0,0,0,0,0,0,0
180284,1,1,23,23,23,23,23,23,23,23,23,23
180285,0,1,0,0,0,0,11,24,24,0,9,6
180285,1,1,24,24,24,24,24,24,24,24,24,24
180286,1,1,0,0,0,0,0,0,0,0,0,0
180287,1,1,0,0,0,0,0,0,0,0,0,0
180288,1,1,0,0,0,0,0,0,0,0,0,0
180288,2,1,0,0,0,0,0,0,0,0,0,0
180289,1,1,0,0,0,0,0,0,0,0,0,0
180290,1,1,15,15,15,15,15,15,15,15,15,15
180290,2,1,15,15,15,15,15,15,15,15,15,15
180291,1,1,0,0,0,20,0,0,0,0,0,0
180292,1,1,0,0,0,0,0,0,0,0,0,0
180293,0,1,21,21,21,21,21,21,21,21,21,21
180293,1,1,0,0,0,0,0,0,0,0,0,0
180294,1,1,0,0,0,19,0,0,0,0,0,0
180296,1,1,11,11,11,11,11,11,11,11,11,11
180297,1,1,0,0,0,0,21,0,32,0,0,0
180298,1,1,0,0,0,0,0,0,0,0,0,0
180299,1,1,0,0,0,0,0,0,0,0,0,0
180299,2,1,0,0,0,0,0,0,0,0,0,0
180299,3,1,0,0,0,0,0,0,0,0,0,0
180300,0,1,28,0,9,0,0,0,11,0,30,0
180300,1,1,0,0,0,0,0,0,0,0,0,0
180300,2,1,0,0,0,0,0,0,0,0,0,0
180301,1,1,0,0,0,0,0,0,0,0,0,0
180301,2,1,0,0,0,0,0,0,0,0,0,0
180302,1,1,7,0,0,12,0,0,0,0,0,0
180302,2,1,0,0,0,0,0,0,0,0,0,0
180303,1,1,10,10,10,10,10,10,10,10,10,10
180304,0,1,0,0,0,0,0,0,0,0,0,0
180304,1,1,0,0,0,0,0,0,0,0,0,0
180305,1,1,0,0,0,0,0,0,0,0,0,0
180306,1,1,0,0,0,0,0,0,14,0,0,0
180306,2,1,0,0,0,0,0,0,0,0,0,0
180307,1,1,0,0,0,0,0,0,0,0,0,0
180307,2,1,0,0,0,0,0,0,0,0,0,0
180308,1,1,0,0,0,0,0,0,0,0,0,0
180308,2,1,0,0,0,0,0,0,0,0,0,0
180309,1,1,0,0,0,0,0,9,0,0,0,0
180309,2,1,0,0,0,0,0,0,0,0,0,0
180309,3,1,0,0,0,0,23,0,0,0,0,0
180310,0,1,8,0,22,0,23,28,0,0,12,0
180310,1,1,0,0,0,0,0,0,0,0,0,0
180311,1,1,0,0,0,0,14,16,30,0,0,0
180312,1,1,0,0,0,0,0,0,0,0,0,0
180312,2,1,0,0,0,0,0,0,0,0,0,0
180313,1,1,0,0,0,0,0,0,0,0,0,0
180313,2,1,0,0,0,0,0,0,0,0,0,0
180314,1,1,10,10,10,10,10,10,10,10,10,10
180314,2,1,0,0,0,0,0,0,0,0,0,0
180315,1,1,0,0,0,0,0,0,0,0,0,0
180315,2,1,0,0,0,0,0,0,0,0,0,0
180315,3,1,0,0,23,0,0,0,0,0,15,0
180316,1,1,0,0,0,0,0,0,0,0,0,0
180316,2,1,0,0,0,0,0,0,16,0,0,0
180317,1,1,16,16,16,16,16,16,16,16,16,16
180317,2,1,0,0,0,0,0,18,0,0,0,0
180318,1,1,0,9,0,9,7,0,0,0,0,0
180319,1,1,0,0,11,19,0,0,22,11,0,0
180320,1,1,0,7,0,0,0,0,0,0,0,0
180320,2,1,16,0,0,0,0,0,0,0,0,0
180320,3,1,0,13,0,14,0,0,0,0,0,0
180320,4,1,0,0,0,0,0,0,0,0,0,0
180321,0,1,0,0,0,0,0,0,0,0,0,0
180321,1,1,11,11,11,11,11,11,11,11,11,11