ST_CASE,VEH_NO,PER_NO,P1,P2,P3,P4,P5,P6,P7,P8,P9,P10
180323,1,1,0,0,25,0,19,0,0,17,0,10
180324,1,1,20,20,20,20,20,20,20,20,20,20
180325,1,1,0,0,0,7,9,0,0,0,0,0
180325,2,1,0,0,0,0,0,0,0,0,0,0
180326,1,1,0,0,0,0,0,0,0,0,0,0
180326,2,1,0,0,0,0,0,0,0,0,0,0
180327,1,1,0,0,0,0,0,0,0,0,0,0
180327,2,1,0,0,0,0,0,0,0,0,0,0
180328,1,1,0,0,7,0,0,0,0,0,0,0
180328,2,1,10,0,0,0,0,0,0,0,0,0
180329,1,1,0,0,15,0,0,0,16,0,0,0
180330,1,1,0,0,0,12,0,0,0,0,0,0
180331,1,1,13,0,12,0,0,0,0,0,0,19
180332,0,1,0,0,0,0,0,0,0,0,0,0
180332,1,1,0,0,0,34,0,0,0,0,0,0
180333,1,1,0,0,0,0,0,0,0,0,0,0
180334,1,1,0,0,0,0,0,0,0,0,0,0
180334,2,1,0,0,0,0,0,0,0,0,0,0
180336,1,1,0,0,0,0,0,0,0,0,0,0
180337,1,1,0,0,0,0,0,0,0,0,0,0
180337,2,1,0,0,0,0,0,0,0,0,0,0
180337,3,1,0,0,0,0,0,0,0,0,0,0
180337,4,1,0,0,0,0,0,0,0,0,0,0
180338,1,1,6,6,6,6,6,6,6,6,6,6
180338,2,1,0,0,0,0,0,0,0,0,0,0
180339,1,1,0,0,0,0,0,0,0,18,0,0
180340,1,1,0,0,0,0,21,19,0,0,0,0
180341,0,1,0,25,0,0,30,0,27,0,0,0
180341,1,1,0,19,0,0,0,44,0,0,17,0
180342,0,1,0,0,0,3,0,0,0,0,0,0
180342,1,1,0,0,0,0,0,0,0,0,0,0
180343,1,1,0,0,0,0,0,0,0,17,0,0
180343,2,1,0,0,0,0,0,0,0,0,0,0
180344,0,1,0,0,0,0,0,0,0,0,0,0
180344,1,1,19,0,0,0,0,0,0,0,7,0
180345,0,1,0,0,0,0,0,0,0,0,0,0
180345,1,1,0,0,0,0,0,0,0,0,0,0
180346,1,1,0,0,0,0,0,0,0,0,0,0
180346,2,1,7,0,0,0,0,0,0,0,0,0
180346,3,1,0,0,0,12,22,0,0,0,0,0
180347,1,1,0,0,0,0,0,0,0,0,0,0
180348,1,1,0,0,0,0,0,0,0,0,0,0
180348,2,1,0,0,0,0,0,0,0,0,0,0
180349,0,1,26,26,34,0,0,24,26,0,0,0
180349,1,1,0,0,0,0,0,0,0,0,0,0
180350,1,1,0,0,0,0,0,0,0,0,0,0
180350,2,1,0,0,0,0,0,0,0,0,0,0
180351,1,1,0,0,0,0,0,0,0,0,0,0
180351,2,1,0,0,11,0,0,0,0,0,0,0
180352,1,1,5,5,5,5,5,5,5,5,5,5
180352,2,1,0,0,0,0,0,0,0,0,0,0
180353,0,1,0,0,0,0,0,0,0,0,0,0
180353,1,1,0,0,0,0,0,0,0,0,0,0
180354,1,1,27,27,27,27,27,27,27,27,27,27
180355,1,1,0,0,0,0,0,0,0,0,0,0
180356,1,1,0,0,0,0,0,0,0,0,0,0
180356,2,1,0,0,0,0,0,0,0,0,0,0
180356,3,1,0,0,0,0,0,0,0,0,0,0
180357,1,1,14,14,14,14,14,14,14,14,14,14
180358,1,1,0,0,0,0,0,0,0,0,0,0
180358,2,1,0,0,0,0,0,0,0,0,0,0
180359,1,1,24,24,24,24,24,24,24,24,24,24
180359,2,1,0,0,0,0,0,0,0,0,0,0
180360,1,1,0,0,21,0,0,0,0,0,0,0
180361,1,1,0,0,0,0,0,0,0,0,0,0
180361,2,1,0,0,0,0,0,0,0,0,0,0
180362,1,1,0,0,0,0,0,0,0,0,0,0
180363,1,1,0,0,0,0,0,0,0,19,0,0
180364,1,1,14,0,0,0,0,7,0,0,13,0
180364,2,1,7,7,7,7,7,7,7,7,7,7
180365,1,1,0,0,0,0,0,0,0,25,23,0
180366,1,1,0,0,0,0,0,0,0,0,0,0
180366,2,1,0,0,0,0,0,0,0,0,0,0
180367,1,1,0,0,0,0,0,0,0,0,0,0
180368,0,1,0,0,41,42,31,0,0,0,0,0
180368,0,2,13,0,30,43,11,23,26,12,0,0
180368,1,1,16,6,10,0,9,23,5,13,20,23
180369,1,1,0,0,0,0,0,0,0,0,0,0
180369,2,1,0,0,0,0,0,0,0,0,0,0
180370,1,1,0,0,0,0,0,0,0,0,0,0
180371,1,1,0,0,0,0,0,0,0,0,0,0
180371,2,1,0,0,0,0,0,0,0,0,0,0
180372,1,1,0,0,0,0,0,0,0,0,0,0
180373,1,1,0,0,0,0,0,0,0,0,0,0
180374,1,1,0,0,0,11,0,0,0,0,0,0
180374,2,1,0,0,0,0,0,0,0,0,10,0
180375,1,1,0,0,0,0,0,0,0,0,0,0
180375,2,1,0,0,0,0,0,0,0,0,0,0
180375,3,1,0,0,0,0,0,0,0,0,0,0
180376,1,1,9,9,9,9,9,9,9,9,9,9
180377,1,1,14,14,14,14,14,14,14,14,14,14
180378,1,1,27,13,0,0,21,0,0,0,20,0
180379,1,1,0,0,0,0,0,0,0,0,0,0
180379,2,1,0,0,0,0,0,0,0,0,0,0
180380,1,1,26,0,0,12,0,0,0,0,0,0
180381,0,1,0,0,0,0,0,0,0,0,0,0
180381,1,1,0,0,0,0,0,0,0,0,0,0
180382,1,1,0,0,0,0,0,0,0,0,0,0
180382,2,1,0,0,0,0,0,0,0,0,0,0
180383,1,1,0,0,0,0,0,0,0,0,0,0
180383,2,1,0,0,0,0,19,0,0,0,0,0
180384,0,1,0,0,0,0,0,0,0,0,0,0
180384,1,1,0,0,0,0,0,0,0,0,0,0
180385,1,1,0,0,0,0,0,0,0,0,0,0
180385,2,1,0,0,0,0,0,0,0,0,0,0
180385,3,1,0,0,0,0,0,0,0,0,0,0
180386,1,1,43,0,7,0,0,0,0,31,0,32
180387,1,1,4,4,4,4,4,4,4,4,4,4
180387,2,1,0,0,0,0,0,0,0,0,0,0
180387,3,1,0,0,0,0,0,0,0,0,0,0
180388,1,1,0,0,0,16,0,21,0,0,0,0
180389,1,1,0,0,0,0,0,0,0,0,0,0
180390,1,1,0,0,0,0,0,0,0,0,0,0
180391,1,1,0,0,0,0,0,0,0,0,0,0
180391,2,1,0,0,0,0,0,0,0,0,0,0
180392,1,1,0,15,0,0,0,0,16,15,0,0
180393,1,1,0,0,0,0,9,0,0,0,0,6
180393,2,1,0,0,0,0,0,0,0,36,0,23
180394,1,1,0,0,0,0,0,0,0,0,0,0
180394,2,1,0,0,0,0,0,0,0,0,0,0
180395,1,1,0,0,4,0,0,0,0,0,0,0
180396,1,1,0,0,0,0,0,0,0,0,0,0
180396,2,1,0,0,0,0,0,0,0,0,0,0
180397,1,1,0,0,0,0,0,0,0,0,0,0
180397,2,1,0,22,0,0,0,0,0,0,19,10
180398,1,1,0,0,0,0,0,0,0,0,0,0
180399,1,1,0,15,0,0,0,0,0,0,0,0
180399,2,1,0,0,0,0,0,0,0,0,0,0
180401,1,1,18,18,18,18,18,18,18,18,18,18
180402,1,1,0,0,0,0,0,0,0,0,0,0
180402,2,1,27,27,27,27,27,27,27,27,27,27
180403,1,1,0,0,0,0,0,0,0,0,0,0
180403,2,1,0,0,0,0,0,0,0,0,0,0
180403,3,1,0,0,0,0,0,0,0,0,0,0
180404,1,1,0,0,0,0,0,0,0,0,0,0
180404,2,1,0,0,0,0,0,0,0,0,0,0
180405,0,1,2,16,24,30,11,24,26,39,0,32
180405,1,1,0,0,0,0,0,0,0,0,0,0
180405,2,1,0,0,0,0,0,0,0,0,0,0
180406,1,1,0,0,0,0,0,0,0,0,0,0
180406,2,1,8,9,13,5,11,6,12,19,12,3
180407,1,1,0,0,14,4,0,0,0,0,0,0
180407,2,1,0,0,10,0,0,0,0,5,0,4
180408,0,1,0,0,0,0,12,0,0,0,24,0
180408,1,1,0,0,0,0,0,0,0,0,0,0
180409,1,1,0,0,0,0,0,0,0,0,0,0
180409,2,1,0,0,0,0,0,0,0,0,0,0
180410,1,1,26,26,26,26,26,26,26,26,26,26
180411,1,1,23,23,23,23,23,23,23,23,23,23
180412,1,1,0,0,0,0,0,17,0,0,0,0
180413,1,1,5,14,17,4,10,9,12,23,23,15
180414,1,1,0,0,0,0,0,0,0,0,0,0
180414,2,1,0,0,0,0,0,0,0,0,0,0
180415,1,1,0,0,0,0,0,0,0,0,0,0
180415,2,1,0,0,0,0,0,0,0,0,0,0
180416,1,1,0,0,0,0,0,0,0,0,0,0
180417,1,1,0,0,0,24,2,0,14,0,0,8
180418,1,1,26,26,26,26,26,26,26,26,26,26
180419,1,1,0,0,0,0,0,0,6,57,13,0
180420,1,1,0,0,0,0,0,0,0,0,0,0
180421,1,1,6,6,6,6,6,6,6,6,6,6
180422,1,1,0,0,0,0,0,0,0,0,0,0
180422,2,1,14,0,0,0,0,0,0,0,0,0
180423,0,1,3,3,3,3,3,3,3,3,3,3
180423,1,1,14,14,14,14,14,14,14,14,14,14
180424,1,1,24,0,0,0,0,0,0,0,0,0
180424,2,1,0,0,0,14,0,0,0,0,17,0
180425,1,1,0,0,0,0,0,0,0,0,0,0
180425,2,1,0,0,0,0,0,0,0,0,0,0
180426,1,1,0,0,0,0,0,0,0,0,0,0
180426,2,1,15,0,0,0,0,0,0,0,0,0
180428,1,1,0,0,0,0,0,0,0,0,0,0
180428,2,1,0,0,0,0,0,0,0,0,0,0
180428,3,1,0,0,0,0,0,0,0,0,0,0
180429,1,1,0,0,0,0,0,0,0,0,0,0
180429,2,1,8,8,8,8,8,8,8,8,8,8
180430,1,1,0,0,0,0,0,0,0,0,0,0
180430,2,1,0,0,0,0,0,0,0,0,0,0
180431,1,1,0,0,0,0,0,22,0,0,0,31
180432,0,1,0,0,0,20,0,29,40,0,0,0
180432,1,1,0,0,17,11,0,0,0,1,0,0
180433,0,1,10,38,15,12,41,9,22,14,0,28
180433,1,1,0,0,0,0,0,0,0,0,9,0
180434,1,1,14,14,14,14,14,14,14,14,14,14
180434,2,1,0,0,0,0,0,0,0,0,0,0
180436,1,1,0,0,0,12,0,22,0,0,2,0
180437,1,1,0,0,0,0,0,0,0,0,0,0
180437,2,1,0,0,0,0,0,0,0,0,0,0
180438,1,1,0,0,0,0,0,0,0,0,0,0
180438,2,1,31,0,28,0,7,0,0,0,13,0
180439,1,1,0,0,0,0,0,0,0,0,0,0
180439,2,1,0,0,0,0,0,0,0,0,0,0
180440,0,1,0,0,0,0,0,0,0,0,0,0
180440,1,1,0,0,0,0,0,0,0,0,0,0
180441,1,1,0,0,0,0,0,0,0,0,0,0
180442,1,1,0,0,0,0,0,0,0,0,0,0
180442,2,1,0,0,0,0,0,0,0,5,0,15
180443,1,1,0,0,0,0,0,0,0,0,0,0
180444,1,1,0,0,0,0,0,0,0,0,0,0
180445,1,1,0,0,0,0,0,0,0,0,0,0
180445,2,1,0,0,0,0,0,0,0,0,0,0
180446,1,1,0,0,0,0,0,0,0,0,0,0
180446,2,1,0,0,0,0,0,0,0,0,0,0
180447,0,1,0,0,0,0,0,0,0,0,0,0
180447,1,1,0,0,0,0,0,0,0,0,0,0
180448,1,1,42,42,42,42,42,42,42,42,42,42
180448,2,1,0,0,0,0,0,0,0,0,0,0
180449,1,1,0,0,0,0,7,0,0,0,0,0
180450,1,1,0,0,0,0,0,0,0,0,0,0
180450,2,1,0,0,0,0,0,0,0,0,0,0
180452,1,1,0,0,0,0,0,0,0,0,0,0
180452,2,1,0,0,0,0,0,0,0,0,0,0
180454,1,1,0,0,0,0,0,0,0,0,0,0
180454,2,1,0,0,0,0,0,0,0,0,0,0
180455,1,1,12,12,12,12,12,12,12,12,12,12
180456,1,1,0,0,0,0,0,0,0,0,0,0
180457,1,1,0,0,0,0,0,0,0,0,0,0
180458,1,1,0,3,0,0,0,0,0,0,0,0
180458,2,1,0,0,0,0,0,16,0,0,0,0
180458,3,1,0,0,0,0,0,0,0,29,0,0
180458,4,1,7,0,0,0,0,0,0,0,0,0
180458,5,1,0,0,0,0,0,0,0,11,0,0
180458,6,1,0,9,0,0,15,0,0,17,0,0
180458,7,1,0,14,0,0,0,0,0,0,0,0
180459,1,1,0,23,0,0,0,0,0,0,10,0
180460,0,1,0,0,0,0,0,0,0,0,0,0
180460,1,1,0,0,0,0,0,0,0,0,0,0
180461,1,1,13,20,0,0,7,0,0,0,0,0
180461,2,1,0,0,0,0,0,0,0,0,0,0
180462,1,1,0,0,0,0,0,0,0,0,0,0
180463,1,1,0,0,0,0,0,0,0,0,0,0
180463,2,1,0,0,0,0,0,0,0,0,0,0
180464,1,1,0,0,0,0,0,0,0,0,0,0
180464,2,1,0,18,0,0,0,0,0,0,0,0
180465,1,1,0,0,0,0,0,0,0,0,0,0
180465,2,1,0,0,0,0,0,0,0,0,0,0
180466,1,1,0,0,0,0,0,0,0,0,0,0
180467,1,1,0,0,0,0,0,0,0,0,0,0
180467,2,1,0,0,0,0,0,0,0,0,0,0
180468,1,1,0,0,0,0,0,0,0,0,0,0
180468,2,1,0,0,0,0,0,0,0,0,0,0
180469,1,1,0,0,0,0,0,0,12,0,0,0
180470,1,1,0,0,0,0,0,0,0,0,0,0
180470,2,1,0,0,0,0,0,0,0,0,0,0
180470,3,1,0,0,0,0,0,0,0,0,0,0
180471,1,1,24,12,16,11,40,18,34,26,25,26
180472,1,1,0,0,0,0,0,0,0,0,0,0
180472,2,1,0,0,0,0,0,0,0,0,0,0
180473,1,1,0,0,0,0,0,0,0,0,0,0
180474,1,1,0,0,0,0,0,0,0,0,0,0
180474,2,1,0,0,0,0,0,0,0,0,0,0
180475,1,1,0,0,0,0,0,19,0,0,0,0
180475,2,1,0,0,0,0,0,0,0,0,0,0
180476,1,1,12,18,18,26,13,11,11,49,20,18
180477,1,1,0,0,0,0,0,0,0,0,0,0
180477,2,1,0,0,0,0,0,0,0,0,0,0
180478,1,1,0,0,0,0,0,0,0,0,0,0
180478,2,1,0,0,0,0,0,0,0,0,0,0
180479,1,1,22,22,22,22,22,22,22,22,22,22
180479,2,1,0,0,0,16,0,0,0,0,0,0
180480,1,1,0,0,0,0,0,0,0,0,0,0
180480,2,1,0,0,0,0,0,0,0,0,0,0
180481,1,1,0,0,0,0,0,0,0,0,0,0
180482,1,1,0,0,0,0,0,0,0,0,0,0
180482,2,1,0,0,0,0,0,0,0,0,0,0
180483,1,1,0,0,0,0,0,0,0,0,28,0
180483,2,1,0,7,0,0,0,0,0,0,10,0
180484,1,1,14,14,14,14,14,14,14,14,14,14
180485,1,1,17,17,17,17,17,17,17,17,17,17
180486,1,1,0,0,0,0,0,0,0,0,0,0
180487,1,1,34,0,0,0,15,0,34,0,0,0
180487,2,1,0,0,0,0,0,2,0,0,0,0
180488,1,1,0,0,0,0,0,0,0,0,0,0
180488,2,1,0,0,0,0,0,0,0,0,0,0
180489,1,1,0,0,0,0,0,0,0,0,0,0
180489,2,1,0,0,0,0,0,0,0,0,0,0
180489,3,1,0,0,0,0,0,0,0,0,0,0
180490,1,1,17,17,17,17,17,17,17,17,17,17
180491,1,1,0,0,0,0,0,0,0,0,0,22
180491,2,1,0,0,0,0,0,0,0,0,0,0
180493,1,1,0,0,0,0,0,0,0,0,0,0
180493,2,1,0,0,0,0,0,0,0,0,0,0
180494,1,1,0,0,0,17,0,0,0,0,0,0
180494,2,1,0,0,0,0,0,0,0,0,0,0
180494,3,1,0,0,0,0,0,0,0,0,0,0
180495,1,1,0,0,0,0,0,0,0,0,0,0
180495,2,1,0,0,0,0,0,0,0,0,0,0
180495,3,1,0,0,0,0,0,0,0,0,0,0
180496,1,1,6,0,0,0,0,0,0,27,0,0
180496,2,1,0,10,45,0,0,0,0,0,0,0
180497,1,1,0,0,0,0,0,0,0,0,0,0
180497,2,1,0,0,0,0,0,0,0,0,0,0
180498,1,1,0,0,0,0,0,0,0,0,0,0
180499,1,1,0,0,0,0,0,0,0,0,0,0
180500,1,1,0,0,0,0,0,0,0,0,0,0
180500,2,1,0,0,0,0,6,0,0,0,0,0
180501,0,1,0,0,0,0,0,0,0,0,0,0
180501,1,1,4,22,17,18,13,13,16,8,12,12
180502,1,1,0,0,0,0,0,0,0,0,17,39
180503,1,1,0,0,0,0,0,0,0,0,0,0
180504,1,1,0,0,0,0,0,0,0,0,0,0
180504,2,1,0,0,0,0,0,0,0,0,0,0
180505,1,1,0,0,0,0,0,0,0,0,0,0
180506,0,1,0,0,0,0,0,0,0,0,0,0
180506,1,1,0,0,0,0,0,0,0,0,0,0
180507,1,1,0,0,0,0,0,0,0,0,0,0
180508,1,1,16,16,16,16,16,16,16,16,16,16
180508,2,1,0,0,0,0,12,0,0,8,0,0
180509,1,1,8,8,8,8,8,8,8,8,8,8
180509,2,1,0,0,0,0,0,0,0,0,0,0
180510,0,1,0,0,34,0,0,0,19,0,0,9
180510,1,1,0,0,0,0,0,0,0,0,0,0
180510,2,1,0,0,0,0,11,0,0,0,0,0
180511,1,1,0,13,25,0,0,0,0,15,0,0
180511,2,1,0,0,0,0,0,0,0,0,0,0
180512,0,1,0,0,0,0,0,0,25,0,0,0
180512,0,2,0,0,0,10,0,0,0,0,21,32
180512,1,1,26,29,0,33,8,25,24,21,16,6
180513,0,1,0,0,0,26,0,0,0,0,0,0
180513,1,1,0,0,0,0,0,0,0,0,0,0
180514,1,1,0,0,12,0,0,0,0,0,0,0
180514,2,1,0,0,0,0,0,0,0,0,0,0
180515,1,1,0,0,0,0,0,0,0,0,0,0
180515,2,1,0,0,0,0,0,0,0,0,0,0
180516,0,1,0,0,0,0,0,0,0,0,0,0
180516,1,1,0,0,0,0,0,0,0,0,0,0
180517,1,1,10,10,10,10,10,10,10,10,10,10
180518,0,1,23,23,23,23,23,23,23,23,23,23
180518,1,1,0,0,0,0,0,0,0,0,0,0
180519,1,1,0,0,0,0,0,0,0,0,0,0
180519,2,1,0,0,0,0,0,0,0,0,0,0
180520,1,1,0,0,0,0,0,0,0,0,0,0
180520,2,1,0,0,0,0,0,0,0,0,0,0
180521,1,1,7,19,8,0,13,0,0,0,0,17
180522,1,1,9,9,9,9,9,9,9,9,9,9
180523,1,1,0,0,0,0,0,0,0,0,0,0
180523,2,1,0,0,0,0,0,0,0,0,0,0
180525,1,1,0,0,0,0,0,0,0,0,0,0
180525,2,1,0,0,0,0,0,0,0,0,0,0
180526,1,1,0,0,0,0,0,0,0,0,0,0
180527,1,1,19,19,19,19,19,19,19,19,19,19
180527,2,1,0,0,0,0,0,0,0,0,0,0
180528,1,1,0,0,0,0,0,0,0,0,0,0
180530,0,1,0,0,0,0,0,0,0,0,0,0
180530,1,1,0,0,0,0,0,0,0,0,0,0
180531,1,1,19,19,19,19,19,19,19,19,19,19
180531,2,1,0,0,0,0,0,0,0,0,0,0
180532,1,1,0,0,0,7,0,0,0,0,0,24
180533,1,1,0,0,0,0,0,0,0,0,0,0
180533,2,1,0,0,0,0,0,0,0,0,0,0
180534,1,1,0,0,0,0,0,0,0,0,0,0
180534,2,1,0,0,0,0,0,0,0,0,0,0
180535,1,1,0,0,0,0,0,0,0,0,0,0
180535,2,1,0,0,0,0,0,0,0,0,0,0
180535,3,1,0,0,0,0,0,0,0,0,0,0
180536,1,1,0,25,0,0,12,0,11,0,0,0
180537,1,1,20,20,20,20,20,20,20,20,20,20
180537,2,1,0,0,0,0,0,0,0,0,0,0
180538,0,1,28,28,28,28,28,28,28,28,28,28
180538,1,1,0,0,0,0,0,0,0,0,0,0
180539,1,1,0,0,0,0,0,0,20,0,0,0
180540,1,1,11,11,11,11,11,11,11,11,11,11
180541,0,1,0,0,0,0,0,0,0,0,0,0
180541,0,2,0,0,0,0,24,0,0,0,0,0
180541,1,1,0,0,12,0,0,0,0,0,0,0
180542,1,1,0,15,0,0,0,0,0,0,0,0
180543,1,1,28,28,28,28,28,28,28,28,28,28
180544,1,1,0,0,0,0,0,0,0,0,0,0
180545,1,1,0,0,0,0,0,0,0,0,0,0
180545,2,1,0,0,0,0,0,0,0,0,0,0
180546,1,1,0,0,0,0,0,0,0,0,0,0
180546,2,1,0,0,0,0,0,0,0,0,0,0
180547,1,1,0,0,0,0,0,0,0,0,0,0
180547,2,1,0,0,0,18,0,0,0,0,0,0
180548,1,1,0,0,0,0,0,0,0,0,0,0
180549,0,1,0,0,0,0,0,0,0,0,0,0
180549,1,1,0,0,0,0,21,0,0,0,0,0
180550,1,1,0,0,0,0,0,0,0,0,0,0
180551,1,1,0,0,0,0,0,0,0,0,0,0
180551,2,1,0,0,0,0,0,0,0,0,0,0
180552,1,1,0,0,0,0,0,0,0,0,0,0
180552,2,1,0,0,0,16,0,0,0,0,0,0
180553,1,1,0,0,0,0,0,0,0,0,0,0
180553,2,1,0,0,0,0,0,0,0,0,0,0
180554,1,1,0,0,0,0,0,24,0,0,0,8
180554,2,1,0,0,0,0,0,0,0,0,21,15
180555,1,1,0,0,0,0,0,0,0,0,0,0
180556,1,1,0,0,0,0,0,0,0,0,0,0
180556,2,1,0,0,0,0,0,0,0,7,0,0
180557,1,1,0,0,0,0,0,0,0,0,0,0
180557,2,1,0,0,0,0,0,0,0,0,0,0
180558,1,1,0,0,0,0,0,0,0,0,0,0
180558,2,1,0,0,0,0,0,0,0,0,0,0
180559,0,1,32,29,0,23,0,31,14,0,0,0
180559,1,1,2,2,2,2,2,2,2,2,2,2
180560,1,1,21,21,21,21,21,21,21,21,21,21
180560,2,1,0,0,0,0,0,0,0,0,0,0
180562,1,1,0,0,0,0,0,0,0,0,0,0
180563,1,1,0,0,0,0,0,0,0,0,0,0
180564,1,1,0,0,0,0,0,0,0,0,0,0
180564,2,1,0,0,0,0,0,0,0,0,0,2
180565,1,1,0,0,0,0,0,0,0,0,15,0
180565,2,1,0,0,0,0,0,0,0,0,0,0
180566,0,1,0,0,0,0,0,0,0,0,0,0
180566,1,1,0,0,0,0,0,0,0,0,0,0
180567,1,1,9,13,2,12,9,11,16,12,11,15
180568,1,1,8,8,8,8,8,8,8,8,8,8
180569,1,1,0,0,0,0,0,0,0,0,0,0
180570,0,1,20,0,0,0,0,23,26,0,0,0
180570,1,1,0,0,0,24,0,0,0,0,0,0
180571,1,1,0,0,0,0,26,0,0,23,0,0
180572,0,1,9,0,0,0,0,0,0,0,0,0
180572,0,2,10,0,0,0,0,34,14,0,0,0
180572,1,1,0,0,0,0,0,0,0,0,0,0
180573,1,1,17,0,0,0,0,0,0,0,0,0
180574,1,1,0,0,0,0,0,0,0,0,0,0
180575,1,1,0,0,4,11,0,0,15,0,0,0
180576,1,1,0,0,0,0,0,0,0,0,0,0
180577,0,1,0,31,0,0,0,0,8,6,28,0
180578,1,1,0,0,0,0,0,0,0,0,0,0
180578,2,1,0,0,0,0,0,0,0,0,0,0
180578,3,1,0,0,0,0,0,0,0,0,0,0
180579,1,1,0,0,0,0,0,0,11,0,21,0
180580,1,1,0,0,0,0,0,0,0,0,0,0
180580,2,1,0,0,0,0,0,0,0,0,0,0
180581,1,1,0,0,0,0,0,0,0,0,0,0
180581,2,1,0,0,0,0,0,0,0,0,0,0
180583,1,1,0,0,0,0,0,0,0,0,0,0
180583,2,1,0,0,0,0,0,0,0,0,0,0
180584,0,1,29,0,0,0,0,31,0,9,0,0
180584,1,1,10,0,0,0,0,0,0,0,0,0
180585,1,1,0,0,15,0,0,0,20,0,0,0
180585,2,1,0,0,0,0,0,12,0,0,0,0
180586,1,1,0,0,0,0,0,0,0,0,0,0
180586,2,1,0,0,0,0,0,0,0,0,0,0
180587,1,1,27,27,27,27,27,27,27,27,27,27
180588,1,1,0,27,0,0,0,0,0,0,0,0
180588,2,1,0,0,12,0,0,0,0,0,0,0
180589,1,1,0,0,0,0,0,0,0,0,0,0
180589,2,1,0,0,0,0,0,0,0,0,0,0
180589,3,1,0,0,0,0,0,0,0,0,0,0
180590,1,1,0,0,0,0,0,0,0,0,0,0
180590,2,1,0,0,0,0,0,0,0,0,0,0
180591,1,1,0,0,19,0,0,0,0,0,0,0
180592,1,1,0,0,0,0,0,0,0,0,0,0
180593,1,1,16,17,10,35,12,7,6,7,7,10
180595,1,1,0,0,0,0,0,0,0,0,0,0
180595,2,1,0,0,0,0,0,0,0,0,0,0
180596,1,1,0,0,0,0,0,0,0,0,0,0
180596,2,1,0,0,0,0,0,0,0,0,0,0
180597,0,1,0,0,11,0,11,0,0,0,0,0
180597,1,1,0,0,0,0,0,0,0,0,0,0
180598,1,1,0,0,0,0,0,0,0,0,0,0
180598,2,1,0,0,0,0,0,0,0,0,0,0
180598,3,1,0,0,0,0,0,0,0,0,0,0
180598,4,1,0,0,0,0,0,0,0,0,0,0
180599,1,1,0,0,0,0,0,0,0,0,0,0
180599,2,1,0,0,0,0,0,0,0,0,0,0
180600,1,1,0,0,0,0,0,0,0,0,0,0
180600,2,1,0,0,0,0,22,0,0,0,0,0
180601,0,1,0,0,0,0,0,0,0,0,0,0
180601,1,1,0,0,0,0,0,0,0,0,0,0
180602,1,1,0,0,0,0,0,0,0,0,0,0
180602,2,1,13,13,13,13,13,13,13,13,13,13
180603,1,1,0,0,0,0,0,0,0,0,0,0
180603,2,1,0,0,0,0,0,0,0,0,0,0
180604,1,1,0,0,0,0,0,27,0,0,0,0
180604,2,1,0,0,0,0,0,0,0,0,0,0
180604,3,1,0,0,0,0,0,0,0,0,0,12
180605,1,1,0,0,0,0,0,0,0,0,0,0
180605,2,1,0,0,0,0,0,0,0,0,0,0
180606,0,1,0,0,0,0,23,0,0,0,0,17
180606,1,1,0,0,0,0,0,0,0,0,0,0
180607,1,1,0,0,0,0,0,0,0,0,0,0
180607,2,1,0,21,0,0,0,0,0,0,0,0
180608,1,1,0,0,0,0,0,0,0,0,0,0
180608,2,1,0,0,0,0,0,0,0,0,0,0
180609,1,1,0,0,0,0,0,0,0,0,0,0
180610,1,1,0,0,0,0,0,0,0,0,0,0
180610,2,1,0,0,0,0,0,0,0,0,0,0
180611,1,1,0,0,0,0,0,0,0,0,0,0
180612,1,1,0,0,0,0,0,0,0,0,0,0
180613,1,1,29,0,0,0,0,0,25,0,0,0
180614,1,1,26,0,0,36,0,0,25,0,0,0
180615,1,1,0,0,0,0,0,0,0,0,0,0
180615,2,1,0,0,0,0,0,0,0,0,0,0
180616,1,1,5,5,5,5,5,5,5,5,5,5
180616,2,1,0,0,0,0,0,0,0,0,0,0
180617,1,1,0,0,0,0,0,0,0,0,0,0
180617,2,1,0,0,0,0,0,0,0,0,0,0
180618,1,1,0,0,0,0,37,0,0,0,0,0
180619,1,1,0,0,0,0,0,0,0,0,0,0
180619,2,1,0,0,0,0,0,0,0,0,0,0
180620,1,1,0,0,0,0,0,0,0,0,0,0
180620,2,1,0,0,0,0,0,0,0,0,0,0
180621,1,1,0,0,17,0,0,0,0,5,0,0
180622,1,1,29,29,29,29,29,29,29,29,29,29
180623,0,1,26,26,26,26,26,26,26,26,26,26
180623,1,1,0,0,0,0,0,0,0,0,0,0
180625,1,1,0,0,0,0,0,0,0,0,0,0
180626,1,1,0,0,0,0,0,0,0,0,0,0
180627,1,1,0,0,0,0,0,0,21,0,0,0
180628,1,1,0,0,0,0,0,0,0,0,0,0
180628,2,1,0,0,0,0,0,0,0,0,0,0
180629,1,1,0,0,0,0,0,0,0,0,0,11
180629,2,1,0,0,0,0,0,0,0,0,0,0
180630,0,1,31,31,31,31,31,31,31,31,31,31
180630,1,1,0,0,0,0,0,0,0,0,0,0
180631,0,1,0,0,0,0,0,0,0,0,0,0
180631,1,1,0,0,0,0,0,0,0,0,0,0
180632,0,1,30,8,6,12,28,6,40,19,31,33
180632,1,1,0,0,0,0,0,0,0,0,0,0
180633,1,1,26,26,26,26,26,26,26,26,26,26
180634,0,1,0,0,0,0,0,0,0,0,0,0
180634,1,1,0,0,0,0,0,0,0,0,0,0
180635,1,1,0,0,0,0,0,0,0,0,0,0
180635,2,1,0,0,14,0,0,0,43,0,0,0
180635,3,1,0,0,0,0,0,0,0,0,0,0
180636,1,1,0,0,0,0,0,0,0,0,0,0
180637,0,1,0,0,0,0,0,0,0,0,0,0
180637,2,1,0,0,0,0,0,0,0,0,0,0
180638,1,1,0,0,0,0,0,0,0,0,0,0