ST_CASE,VEH_NO,PER_NO,P1,P2,P3,P4,P5,P6,P7,P8,P9,P10
210191,1,1,0,0,0,0,0,0,0,0,0,0
210192,0,1,33,33,33,33,33,33,33,33,33,33
210192,1,1,0,0,0,0,0,0,0,0,0,0
210193,1,1,7,7,7,7,7,7,7,7,7,7
210193,2,1,0,0,0,0,0,0,0,0,0,0
210194,1,1,26,26,26,26,26,26,26,26,26,26
210195,1,1,18,18,18,18,18,18,18,18,18,18
210196,1,1,10,10,10,10,10,10,10,10,10,10
210196,2,1,0,0,0,0,0,0,0,0,0,0
210197,1,1,0,0,0,0,0,0,0,0,0,0
210197,2,1,0,0,0,0,0,0,0,0,0,0
210198,1,1,0,0,0,0,0,0,0,0,0,0
210198,2,1,0,0,0,0,0,0,0,0,0,0
210199,1,1,0,0,0,0,0,0,0,0,0,0
210199,2,1,0,0,0,0,0,0,0,0,0,0
210199,3,1,0,0,0,0,0,0,0,0,0,0
210199,4,1,0,0,0,0,0,0,0,0,0,0
210199,5,1,0,0,0,0,0,0,0,0,0,0
210200,1,1,21,21,21,21,21,21,21,21,21,21
210200,2,1,0,0,0,0,0,0,0,0,0,0
210201,1,1,32,32,32,32,32,32,32,32,32,32
210201,2,1,0,0,0,0,0,0,0,0,0,0
210201,3,1,0,0,0,0,0,0,0,0,0,0
210202,1,1,9,0,0,0,13,0,0,0,0,0
210203,1,1,0,0,0,0,0,0,0,0,0,0
210204,2,1,0,0,0,0,0,0,0,0,0,0
210205,1,1,0,0,0,0,0,0,0,0,0,0
210206,1,1,0,0,0,0,0,0,0,0,0,0
210207,1,1,5,5,5,5,5,5,5,5,5,5
210207,2,1,0,0,0,0,0,0,0,0,0,0
210208,1,1,0,20,7,0,5,17,18,23,8,16
210209,1,1,14,14,14,14,14,14,14,14,14,14
210209,2,1,0,0,0,0,0,0,0,0,0,0
210210,1,1,0,0,0,0,0,0,0,0,0,0
210210,2,1,0,0,0,0,0,0,0,0,0,0
210210,3,1,0,0,0,0,0,0,0,0,0,0
210210,4,1,0,0,0,0,0,0,0,0,0,0
210210,5,1,0,0,0,0,0,0,0,0,0,0
210210,6,1,0,0,0,0,0,0,0,0,0,0
210210,7,1,0,0,0,0,0,0,0,0,0,0
210211,1,1,0,0,0,0,0,0,0,0,0,0
210211,2,1,0,0,0,0,0,0,0,0,0,0
210212,1,1,0,0,0,0,0,0,0,0,0,0
210213,1,1,6,6,6,6,6,6,6,6,6,6
210214,1,1,0,0,0,0,0,0,0,0,0,0
210215,1,1,0,0,0,0,12,0,0,0,0,0
210216,1,1,0,0,0,0,0,0,0,0,0,0
210217,1,1,0,0,0,0,0,0,0,0,0,0
210218,1,1,0,0,0,0,0,0,0,0,0,0
210219,1,1,0,0,0,0,0,0,0,0,0,0
210220,1,1,21,21,21,21,21,21,21,21,21,21
210221,1,1,0,0,0,0,0,0,0,14,0,0
210222,0,1,0,0,0,0,0,0,0,0,0,0
210222,1,1,19,19,19,19,19,19,19,19,19,19
210223,1,1,0,0,0,0,0,0,0,0,0,0
210223,2,1,0,0,0,0,0,0,0,0,0,0
210223,3,1,0,0,0,0,0,0,0,0,8,0
210224,1,1,0,0,0,0,0,0,0,0,0,0
210225,1,1,0,0,0,0,0,0,0,0,0,0
210226,1,1,0,0,0,0,0,0,0,0,0,0
210226,2,1,0,0,0,0,0,0,0,0,0,0
210227,1,1,14,14,14,14,14,14,14,14,14,14
210228,1,1,14,14,14,14,14,14,14,14,14,14
210229,1,1,0,33,16,12,16,16,2,29,25,27
210229,2,1,0,28,0,0,0,0,0,0,0,0
210230,1,1,8,8,8,8,8,8,8,8,8,8
210230,2,1,0,0,14,0,0,0,0,0,0,0
210231,1,1,0,0,0,0,0,0,0,0,0,0
210232,0,1,0,0,0,0,0,0,0,0,0,0
210232,1,1,8,7,19,8,22,17,15,20,13,15
210233,1,1,0,0,0,0,0,0,0,0,0,0
210233,2,1,0,0,0,0,0,0,0,0,0,0
210234,1,1,0,0,0,0,0,0,0,0,0,0
210235,1,1,0,0,0,0,0,0,0,0,0,0
210235,2,1,0,0,0,0,0,0,0,0,0,0
210236,1,1,0,0,0,0,0,0,0,0,0,0
210237,1,1,0,0,0,0,0,0,0,0,0,0
210237,2,1,0,0,0,0,0,0,0,0,0,0
210238,1,1,11,11,11,11,11,11,11,11,11,11
210239,1,1,0,0,0,0,0,0,0,0,0,0
210240,1,1,0,0,0,0,0,0,0,0,0,0
210241,0,1,0,0,0,0,0,0,0,0,0,0
210241,1,1,0,0,0,0,0,0,0,0,0,0
210242,1,1,19,0,0,0,8,0,0,0,0,0
210243,1,1,0,0,0,0,0,0,0,0,0,0
210244,1,1,23,23,23,23,23,23,23,23,23,23
210245,1,1,0,0,0,0,0,0,0,0,0,0
210246,0,1,15,15,15,15,15,15,15,15,15,15
210246,1,1,0,0,0,0,0,12,5,0,0,0
210247,0,1,16,16,16,16,16,16,16,16,16,16
210247,1,1,0,0,14,0,0,0,0,0,0,0
210248,1,1,0,0,0,0,0,0,0,0,0,0
210248,2,1,0,0,0,0,0,0,0,0,0,0
210249,1,1,0,0,0,0,0,0,0,0,0,0
210249,2,1,0,0,0,0,0,0,0,0,0,0
210250,1,1,0,0,0,0,0,0,0,0,0,0
210250,2,1,0,0,0,0,0,0,0,0,0,0
210251,1,1,0,0,0,0,0,0,0,0,0,0
210251,2,1,0,0,0,0,0,0,0,0,0,0
210251,3,1,0,0,10,0,0,0,0,0,0,0
210252,1,1,0,0,0,0,0,0,0,0,0,0
210252,2,1,0,0,0,0,0,0,0,0,0,0
210253,0,1,0,0,0,0,0,0,0,0,0,0
210253,0,2,0,0,0,11,0,19,0,0,3,0
210253,1,1,0,0,0,0,0,0,0,0,0,0
210254,1,1,0,0,0,0,0,0,0,0,0,0
210254,2,1,0,0,0,0,0,0,0,0,0,0
210255,1,1,0,0,0,0,0,20,0,0,0,0
210255,2,1,0,0,0,0,11,0,0,0,0,0
210256,1,1,0,0,0,0,0,0,0,0,0,0
210256,2,1,0,0,0,0,0,0,0,0,0,0
210257,1,1,11,11,11,11,11,11,11,11,11,11
210257,2,1,0,0,0,0,0,0,0,0,0,0
210258,1,1,6,6,6,6,6,6,6,6,6,6
210259,1,1,0,0,0,0,0,0,0,0,0,0
210260,1,1,6,6,6,6,6,6,6,6,6,6
210260,2,1,0,0,0,0,0,0,0,0,0,0
210261,1,1,0,0,0,0,0,0,0,0,0,0
210261,2,1,0,0,0,0,0,0,0,0,0,0
210262,1,1,0,0,0,0,0,0,0,0,0,0
210262,2,1,0,0,0,0,0,0,0,0,0,0
210263,1,1,13,13,13,13,13,13,13,13,13,13
210263,2,1,0,0,0,0,0,9,0,18,7,0
210264,1,1,0,0,0,0,0,0,0,0,0,21
210265,1,1,0,12,0,0,13,0,17,0,0,0
210266,1,1,0,0,0,0,0,0,0,0,0,0
210267,1,1,19,19,19,19,19,19,19,19,19,19
210267,2,1,0,0,0,0,0,0,0,0,0,0
210268,1,1,15,15,15,15,15,15,15,15,15,15
210269,1,1,0,0,0,0,0,0,0,0,0,0
210269,2,1,0,0,0,0,0,0,0,0,0,0
210270,1,1,0,0,0,0,0,0,0,0,0,0
210270,2,1,0,0,0,0,0,0,0,0,0,0
210271,1,1,0,0,0,0,0,0,0,0,0,0
210271,2,1,0,0,0,0,0,0,0,0,0,0
210272,1,1,0,0,0,0,0,0,0,0,0,0
210272,2,1,0,0,0,0,0,0,0,0,0,0
210273,1,1,0,0,0,0,0,0,0,0,0,0
210273,2,1,0,0,0,0,0,0,0,0,0,0
210274,1,1,9,9,9,9,9,9,9,9,9,9
210274,2,1,0,0,0,0,0,0,0,0,0,0
210275,1,1,0,0,0,0,0,0,0,0,0,0
210275,2,1,0,0,0,0,0,0,0,0,0,0
210276,0,1,0,0,0,0,0,0,0,0,0,0
210276,1,1,0,23,11,0,0,24,0,20,0,12
210277,1,1,0,0,0,0,0,0,0,0,0,0
210277,2,1,0,0,0,0,0,0,0,0,0,0
210278,1,1,0,0,0,17,0,0,0,0,0,0
210279,1,1,9,9,9,9,9,9,9,9,9,9
210280,1,1,0,0,0,0,0,0,0,0,0,0
210280,2,1,0,0,0,0,0,0,0,0,0,0
210281,1,1,0,0,0,0,0,0,0,0,0,0
210281,2,1,0,0,0,0,0,0,0,0,0,0
210282,1,1,0,0,0,0,0,0,0,0,0,0
210282,2,1,0,0,0,0,0,0,0,0,0,0
210283,1,1,23,23,23,23,23,23,23,23,23,23
210283,2,1,0,0,0,0,0,0,0,0,0,0
210284,1,1,18,18,18,18,18,18,18,18,18,18
210284,2,1,0,0,16,0,0,0,0,0,0,0
210284,3,1,0,17,0,0,0,0,0,0,0,0
210285,1,1,0,0,0,0,0,0,0,0,0,0
210286,1,1,2,2,2,2,2,2,2,2,2,2
210286,2,1,0,0,0,0,0,0,0,0,0,0
210287,1,1,11,0,0,0,0,0,0,0,0,0
210287,2,1,0,0,0,0,0,0,0,0,0,0
210288,1,1,5,5,5,5,5,5,5,5,5,5
210289,1,1,0,0,0,0,0,0,0,0,0,0
210289,2,1,0,0,53,0,0,0,0,0,0,0
210290,0,1,0,0,0,0,0,0,0,49,0,0
210290,1,1,0,0,27,0,0,0,0,0,0,0
210290,2,1,0,0,0,0,0,0,0,0,0,0
210291,0,1,33,33,33,33,33,33,33,33,33,33
210291,1,1,12,13,27,0,18,0,19,0,0,0
210292,1,1,29,29,29,29,29,29,29,29,29,29
210293,1,1,0,12,0,0,0,0,0,0,0,0
210294,1,1,0,0,0,0,0,0,0,0,0,0
210295,0,1,0,0,0,0,0,0,0,0,0,0
210295,0,2,0,0,0,10,0,0,0,0,0,0
210295,1,1,0,0,0,0,0,0,0,3,0,0
210295,2,1,0,0,0,0,0,0,0,0,0,0
210296,1,1,32,32,32,32,32,32,32,32,32,32
210297,1,1,13,0,0,0,0,11,0,0,0,0
210297,2,1,0,0,0,0,0,0,0,0,0,0
210298,1,1,27,27,27,27,27,27,27,27,27,27
210299,1,1,23,23,23,23,23,23,23,23,23,23
210300,1,1,0,0,0,0,0,0,0,0,0,0
210301,1,1,0,0,0,0,0,0,0,0,0,0
210301,2,1,0,0,0,0,0,0,0,0,0,0
210301,3,1,0,0,0,0,0,0,0,0,0,0
210302,1,1,0,0,0,0,0,0,0,0,0,0
210302,2,1,0,0,0,0,0,0,0,0,0,0
210302,3,1,0,0,0,0,0,0,0,0,0,0
210302,4,1,0,0,0,0,0,0,0,0,0,0
210302,5,1,0,0,0,0,0,0,0,0,0,0
210302,6,1,0,0,0,0,0,0,0,0,0,0
210302,7,1,0,0,0,0,0,0,0,0,0,0
210303,1,1,0,0,0,0,0,0,0,0,0,0
210303,2,1,0,0,0,0,0,0,0,0,0,0
210304,1,1,0,0,34,8,0,0,0,0,8,0
210305,1,1,0,0,0,0,0,0,0,0,0,0
210306,1,1,0,0,0,0,0,0,0,0,0,0
210307,1,1,34,34,34,34,34,34,34,34,34,34
210308,1,1,0,0,0,0,0,0,0,0,0,0
210309,1,1,0,0,5,0,0,0,0,0,0,0
210309,2,1,9,9,9,9,9,9,9,9,9,9
210310,0,1,0,0,0,0,0,0,0,0,0,0
210310,1,1,0,0,0,0,0,0,0,0,0,0
210311,1,1,15,15,15,15,15,15,15,15,15,15
210312,1,1,0,0,0,0,0,0,0,0,0,0
210313,0,1,0,0,0,0,0,0,0,0,0,0
210313,1,1,0,0,0,0,0,0,0,0,0,0
210314,1,1,22,12,0,10,9,34,9,12,22,12
210315,1,1,0,0,0,0,0,0,0,0,0,0
210316,1,1,0,0,0,0,0,0,0,0,0,0
210316,2,1,0,0,0,0,0,0,0,0,0,0
210317,1,1,0,0,12,0,0,0,0,0,0,0
210317,2,1,0,0,0,0,0,0,0,0,0,0
210318,1,1,0,0,0,0,0,0,0,0,0,0
210318,2,1,0,0,0,0,0,0,0,0,0,0
210319,1,1,6,6,6,6,6,6,6,6,6,6
210319,2,1,0,0,0,0,0,0,0,17,0,0
210320,1,1,17,17,17,17,17,17,17,17,17,17
210321,1,1,0,0,0,0,0,0,0,0,0,0
210322,1,1,0,0,0,0,0,0,0,0,0,9
210322,2,1,0,0,0,0,0,0,0,0,0,0
210323,0,1,0,0,0,0,0,0,0,0,0,0
210323,1,1,0,0,32,12,0,0,18,0,0,46
210324,1,1,18,18,18,18,18,18,18,18,18,18
210325,1,1,0,0,0,0,0,0,0,0,0,0
210325,2,1,0,0,0,0,0,0,0,0,0,0
210326,1,1,16,16,16,16,16,16,16,16,16,16
210327,1,1,24,24,24,24,24,24,24,24,24,24
210328,1,1,0,0,0,0,0,0,0,0,0,0
210328,2,1,0,0,0,0,0,0,0,0,0,0
210329,1,1,23,23,23,23,23,23,23,23,23,23
210329,2,1,0,0,0,0,0,0,0,0,0,0
210330,1,1,16,0,0,0,0,0,0,0,0,0
210330,2,1,0,0,0,0,0,0,13,0,0,0
210331,0,1,0,0,0,0,0,0,0,0,0,0
210331,1,1,0,0,0,0,0,0,0,0,0,0
210332,1,1,0,0,0,0,0,0,0,0,0,0
210332,2,1,0,0,0,0,0,0,0,0,0,0
210333,1,1,0,0,0,0,0,0,0,0,0,0
210334,1,1,0,0,0,0,0,0,0,0,0,0
210334,2,1,0,0,0,0,0,0,0,0,0,0
210335,0,1,0,0,0,0,0,0,0,0,0,0
210335,1,1,0,0,0,0,0,0,0,0,0,0
210336,1,1,0,34,0,0,0,0,0,0,0,0
210336,2,1,0,0,0,0,0,0,0,0,0,0
210337,1,1,0,0,0,0,13,15,0,0,24,26
210338,1,1,0,0,0,0,0,0,0,0,0,0
210338,2,1,0,0,0,0,0,0,0,0,0,0
210339,1,1,25,25,25,25,25,25,25,25,25,25
210340,1,1,0,0,0,0,0,0,0,0,0,0
210340,2,1,0,0,0,0,0,0,0,0,0,0
210341,0,1,0,0,0,0,0,0,0,0,0,0
210341,1,1,0,0,0,0,0,0,0,0,0,0
210342,1,1,0,0,0,0,0,0,0,0,0,0
210342,2,1,19,19,19,19,19,19,19,19,19,19
210343,1,1,13,13,13,13,13,13,13,13,13,13
210343,2,1,0,0,0,0,0,0,0,0,0,0
210344,1,1,0,0,0,0,0,0,0,0,0,0
210344,2,1,0,0,0,0,0,0,0,0,0,0
210345,1,1,0,0,0,0,0,0,0,0,0,0
210345,2,1,0,0,0,0,0,0,0,12,0,0
210346,0,1,0,0,0,0,0,0,0,0,0,0
210346,1,1,0,0,0,0,0,0,0,0,0,0
210347,1,1,17,17,17,17,17,17,17,17,17,17
210348,1,1,0,0,0,0,0,0,0,0,0,0
210348,2,1,0,0,0,0,0,0,0,0,0,0
210349,1,1,0,0,0,0,0,0,0,0,0,0
210349,2,1,0,0,0,0,0,0,0,0,0,0
210350,0,1,0,0,0,0,0,0,0,0,0,0
210350,1,1,0,0,0,0,0,0,0,0,0,0
210351,1,1,0,0,0,0,0,0,0,0,0,0
210351,2,1,0,0,0,0,0,0,0,0,0,0
210351,3,1,0,0,0,0,0,0,0,0,0,0
210352,1,1,0,0,0,0,0,0,0,0,0,0
210352,2,1,0,0,0,0,0,0,0,0,0,0
210352,3,1,0,0,0,0,0,0,0,0,0,0
210353,1,1,0,0,0,0,0,0,0,0,0,0
210353,2,1,3,3,3,3,3,3,3,3,3,3
210354,1,1,13,13,13,13,13,13,13,13,13,13
210355,1,1,0,0,0,0,0,0,0,0,0,0
210355,2,1,0,0,0,0,0,0,0,0,0,0
210356,1,1,14,14,14,14,14,14,14,14,14,14
210357,1,1,0,0,0,0,0,0,0,0,0,0
210357,2,1,0,0,0,0,0,0,0,0,0,0
210358,1,1,0,0,0,0,0,0,0,0,0,0
210358,2,1,0,0,0,0,0,0,0,0,0,0
210359,1,1,19,19,19,19,19,19,19,19,19,19
210360,1,1,13,20,19,24,11,6,10,39,30,16
210361,1,1,0,0,0,0,0,0,0,0,0,0
210362,1,1,0,0,0,16,0,0,0,0,7,0
210363,1,1,0,0,0,0,0,0,0,0,0,0
210364,1,1,0,0,0,0,0,0,0,0,0,0
210364,2,1,0,0,0,0,0,0,0,0,0,0
210365,1,1,0,0,0,0,0,0,0,0,0,0
210366,1,1,0,0,0,0,0,0,0,0,0,0
210367,1,1,19,19,19,19,19,19,19,19,19,19
210368,1,1,0,0,0,0,0,0,0,0,0,0
210368,2,1,0,0,0,0,0,0,0,0,0,0
210369,1,1,0,0,0,0,0,0,0,0,0,0
210370,1,1,0,0,0,0,0,0,0,0,0,0
210370,2,1,0,0,0,0,0,0,0,0,0,0
210371,1,1,0,0,0,0,0,0,0,0,0,0
210371,2,1,0,0,0,0,0,0,0,0,0,0
210372,1,1,0,0,0,0,0,0,0,0,0,0
210372,2,1,0,0,0,0,0,0,0,0,0,0
210372,3,1,0,0,0,0,0,0,0,0,0,0
210373,1,1,0,0,0,0,0,0,0,0,0,0
210373,2,1,0,0,0,9,0,0,0,0,0,0
210374,1,1,0,0,0,0,0,0,0,0,0,0
210374,2,1,0,0,0,0,0,0,0,0,0,0
210375,1,1,27,27,9,16,14,17,19,33,21,0
210376,1,1,0,0,36,12,0,0,0,0,4,0
210377,1,1,35,35,35,35,35,35,35,35,35,35
210378,1,1,0,0,0,0,0,0,0,0,0,0
210379,1,1,27,25,8,18,25,11,12,16,21,25
210380,1,1,0,0,0,0,0,0,0,0,0,0
210380,2,1,6,0,0,0,0,0,0,0,0,0
210381,1,1,0,0,0,0,0,0,0,0,0,0
210382,1,1,0,0,0,0,0,0,0,0,0,0
210382,2,1,0,0,0,0,0,0,0,0,0,0
210383,1,1,0,0,0,0,0,0,0,0,0,0
210384,1,1,0,0,0,0,0,0,0,0,0,0
210385,1,1,0,0,0,0,0,0,0,0,0,0
210385,2,1,0,0,0,0,0,0,0,0,0,0
210386,1,1,0,0,0,0,0,0,0,0,0,0
210387,1,1,0,0,0,0,0,0,0,0,0,0
210388,1,1,13,13,13,13,13,13,13,13,13,13
210388,2,1,0,0,0,0,0,0,0,0,0,0
210389,1,1,0,0,0,0,0,0,0,0,0,0
210389,2,1,0,0,0,0,0,0,0,0,0,0
210390,1,1,0,0,0,0,0,0,0,0,0,0
210391,1,1,0,0,0,0,0,0,0,0,0,0
210391,2,1,0,0,0,0,0,0,0,0,0,0
210392,1,1,20,20,20,20,20,20,20,20,20,20
210393,1,1,3,3,3,3,3,3,3,3,3,3
210394,1,1,0,0,0,0,0,0,0,0,0,0
210394,2,1,0,0,0,0,0,0,0,0,0,0
210394,3,1,0,0,0,0,25,0,0,0,0,0
210395,1,1,0,0,0,0,0,0,0,0,0,0
210395,2,1,0,0,0,0,0,0,0,0,0,0
210396,1,1,0,17,0,11,0,0,0,0,0,38
210397,1,1,0,0,0,0,0,0,0,0,0,0
210397,2,1,0,0,0,0,0,0,0,0,0,0
210397,3,1,0,0,0,0,0,0,0,0,0,0
210398,1,1,0,0,0,0,0,0,0,0,0,0
210398,2,1,0,0,0,0,0,0,0,0,0,0
210398,3,1,0,0,0,0,0,0,0,0,0,0
210399,1,1,0,0,0,0,0,0,0,0,0,0
210399,2,1,0,0,0,0,0,0,0,0,0,0
210400,1,1,0,0,0,0,0,0,0,0,0,0
210401,0,1,14,14,14,14,14,14,14,14,14,14
210401,1,1,0,0,0,0,0,0,0,0,0,0
210402,1,1,0,0,0,0,0,0,0,0,0,0
210403,1,1,0,0,0,0,0,0,0,0,0,0
210403,2,1,0,0,0,0,0,0,0,0,0,0
210404,1,1,20,20,20,20,20,20,20,20,20,20
210405,1,1,0,0,15,19,14,0,0,14,0,0
210406,1,1,0,0,0,0,0,0,0,0,0,0
210406,2,1,0,0,0,0,0,0,0,0,0,0
210407,1,1,17,17,17,17,17,17,17,17,17,17
210408,1,1,5,5,5,5,5,5,5,5,5,5
210408,2,1,0,0,0,0,0,0,0,0,0,0
210409,1,1,10,10,10,10,10,10,10,10,10,10
210410,1,1,0,0,0,0,0,0,0,0,0,0
210411,0,1,4,4,4,4,4,4,4,4,4,4
210411,1,1,20,20,20,20,20,20,20,20,20,20
210412,1,1,15,15,15,15,15,15,15,15,15,15
210413,1,1,26,26,26,26,26,26,26,26,26,26
210413,2,1,0,0,0,0,0,0,0,0,0,0
210414,1,1,24,24,24,24,24,24,24,24,24,24
210415,1,1,0,0,0,0,0,0,0,0,0,0
210415,2,1,0,0,0,0,0,0,0,0,0,0
210416,1,1,6,6,6,6,6,6,6,6,6,6
210417,1,1,0,0,0,0,0,0,0,0,0,0
210417,2,1,0,0,0,0,0,0,0,0,0,0
210417,3,1,0,0,7,0,0,0,0,0,0,0
210418,1,1,0,0,0,0,0,0,0,0,0,0
210419,1,1,0,0,0,0,0,0,0,0,0,0
210419,2,1,0,0,0,0,0,0,0,0,0,0
210420,1,1,0,0,0,0,0,0,0,0,0,0
210420,2,1,0,0,0,0,0,0,0,0,0,0
210421,1,1,0,0,0,0,0,0,0,0,0,0
210421,2,1,0,0,0,0,0,0,0,0,0,0
210422,1,1,10,10,10,10,10,10,10,10,10,10
210423,1,1,17,17,17,17,17,17,17,17,17,17
210424,1,1,0,0,0,0,0,0,0,0,0,0
210425,1,1,0,0,0,0,0,0,0,0,0,0
210426,1,1,12,12,12,12,12,12,12,12,12,12
210427,1,1,0,0,0,0,0,0,0,0,0,0
210428,1,1,0,0,0,0,0,0,0,0,13,13
210428,2,1,0,0,0,0,0,0,12,0,0,0
210429,1,1,0,0,0,0,0,0,0,0,0,0
210430,0,1,0,0,0,0,0,0,0,0,0,0
210430,0,2,0,0,0,0,5,0,0,0,21,0
210430,1,1,0,0,0,0,0,0,0,0,0,0
210431,1,1,0,12,0,3,20,15,15,17,17,27
210432,1,1,0,0,0,0,0,0,0,0,0,0
210432,2,1,0,0,0,0,0,0,0,0,0,0
210433,1,1,0,0,0,0,0,0,0,0,0,0
210433,2,1,0,0,0,0,0,0,0,0,0,0
210434,1,1,0,0,0,0,0,0,0,18,0,0
210435,1,1,0,0,0,0,0,0,0,0,13,0
210435,2,1,0,0,0,0,0,0,0,0,0,0
210436,1,1,0,0,0,0,0,0,0,15,0,0
210437,0,1,0,0,0,0,0,0,0,0,0,0
210437,0,2,0,0,0,0,0,0,0,0,18,29
210437,1,1,0,0,0,11,0,0,0,0,0,0
210438,1,1,0,0,0,0,0,0,0,0,0,0
210439,1,1,22,22,22,22,22,22,22,22,22,22
210440,1,1,0,0,0,0,0,0,0,0,0,0
210440,2,1,0,0,0,0,0,0,0,0,0,0
210440,3,1,0,0,0,0,0,0,0,0,0,0
210441,1,1,0,0,0,0,0,0,0,0,0,0
210442,1,1,21,21,21,21,21,21,21,21,21,21
210443,1,1,13,13,13,13,13,13,13,13,13,13
210444,1,1,0,0,0,0,0,0,0,0,0,0
210445,1,1,0,0,0,0,0,0,0,0,0,0
210446,1,1,12,12,12,12,12,12,12,12,12,12
210447,1,1,0,0,0,0,0,0,0,0,0,0
210447,2,1,0,0,0,0,0,0,0,0,0,0
210448,1,1,0,0,0,0,0,0,0,0,0,0
210448,2,1,0,0,0,0,0,0,0,0,0,0
210449,1,1,0,0,0,0,0,0,0,0,0,0
210450,1,1,2,2,2,2,2,2,2,2,2,2
210450,2,1,0,0,0,0,0,0,0,0,0,0
210451,1,1,0,0,0,0,0,0,0,0,0,0
210451,2,1,0,0,0,0,0,0,0,0,0,0
210452,1,1,0,0,0,0,0,0,0,0,0,0
210453,1,1,0,0,0,0,0,0,0,0,0,0
210454,1,1,0,0,0,0,0,0,0,0,0,0
210455,1,1,0,0,0,0,0,0,0,0,0,0
210456,1,1,0,0,0,0,0,0,0,0,0,0
210456,2,1,15,0,0,0,0,0,0,0,0,0
210457,1,1,0,0,0,0,0,0,0,0,0,0
210457,2,1,0,0,0,0,0,0,0,0,0,0
210458,1,1,0,0,14,0,30,0,0,0,0,0
210459,0,1,0,0,0,0,0,0,0,0,0,0
210459,1,1,20,18,0,9,12,24,9,0,26,1
210460,1,1,0,0,0,0,0,0,0,0,0,0
210460,2,1,0,0,0,0,0,0,0,0,0,0
210461,1,1,0,0,0,0,0,0,0,0,0,0
210462,1,1,0,0,0,0,0,0,0,0,0,0
210463,1,1,13,13,13,13,13,13,13,13,13,13
210464,1,1,21,21,21,21,21,21,21,21,21,21
210465,1,1,12,12,12,12,12,12,12,12,12,12
210466,1,1,0,0,0,0,0,0,0,0,0,0
210467,1,1,0,0,0,0,0,0,0,0,0,0
210467,2,1,0,0,0,0,0,0,0,0,0,0
210468,0,1,20,0,0,22,0,0,0,24,9,0
210468,1,1,0,11,15,0,0,0,0,0,0,0
210468,2,1,0,0,0,0,0,0,0,0,6,0
210469,0,1,0,0,0,0,0,0,0,0,0,0
210469,1,1,0,0,0,0,0,0,0,0,0,0
210470,1,1,8,8,8,8,8,8,8,8,8,8
210470,2,1,0,0,0,0,0,0,0,0,0,0
210471,1,1,0,0,0,0,0,0,0,0,0,0
210472,1,1,0,0,0,0,0,0,0,0,0,0
210472,2,1,0,0,0,0,0,0,0,0,0,0
210473,1,1,0,0,0,0,0,0,0,0,0,0
210474,1,1,0,0,0,0,0,0,0,0,0,0
210475,1,1,0,0,0,0,0,0,0,0,0,0
210476,1,1,0,0,20,13,0,0,0,0,0,0
210476,2,1,0,0,0,0,0,0,0,0,0,0
210477,1,1,0,0,0,0,0,0,0,0,0,0
210478,1,1,0,0,0,0,0,0,0,0,0,0
210478,2,1,0,0,0,0,12,0,0,0,0,0
210479,1,1,0,0,0,0,0,0,0,0,0,0
210479,2,1,0,0,0,0,0,0,0,0,0,0
210480,1,1,0,0,0,0,0,0,0,0,0,0
210481,1,1,18,18,18,18,18,18,18,18,18,18
210482,1,1,4,4,4,4,4,4,4,4,4,4
210483,1,1,37,37,37,37,37,37,37,37,37,37
210484,1,1,12,12,12,12,12,12,12,12,12,12
210485,1,1,0,0,0,0,0,0,0,0,0,0
210485,2,1,0,0,0,0,0,0,0,0,0,0
210486,1,1,0,0,0,0,0,0,0,0,0,0
210486,2,1,0,0,0,0,0,0,0,0,0,0
210487,1,1,0,0,0,0,0,0,0,0,0,15
210488,1,1,0,0,0,0,0,0,0,0,0,0
210489,1,1,0,0,0,0,0,0,0,0,0,0
210489,2,1,0,0,0,0,0,0,0,0,0,0
210490,1,1,0,0,0,0,0,0,0,0,0,0
210490,2,1,0,0,0,0,0,0,0,0,0,0
210491,0,1,24,24,24,24,24,24,24,24,24,24
210491,1,1,0,0,0,0,0,0,0,0,0,0
210492,1,1,0,0,0,0,0,0,0,0,0,0
210493,1,1,0,0,0,0,0,0,0,0,0,0
210493,2,1,0,0,0,0,0,0,0,0,0,0
210494,1,1,0,0,0,0,0,0,0,0,0,0
210495,1,1,7,7,7,7,7,7,7,7,7,7
210496,1,1,0,0,0,0,0,0,0,0,0,0
210497,1,1,5,5,5,5,5,5,5,5,5,5
210498,0,1,0,0,0,0,0,0,0,0,0,0
210498,1,1,0,0,0,0,0,0,0,0,0,0
210499,0,1,0,0,0,0,0,0,0,0,0,0
210499,1,1,0,0,0,0,0,0,0,0,0,0
210500,0,1,0,0,0,0,0,0,0,0,0,0
210500,1,1,0,0,0,0,0,0,0,0,0,0
210501,1,1,0,0,0,0,0,0,0,0,0,0
210501,2,1,0,0,0,0,0,0,0,0,0,0
210502,1,1,0,0,0,0,0,0,0,0,0,0
210503,1,1,0,0,0,0,0,0,0,0,0,0
210503,2,1,0,0,0,0,0,0,0,0,0,0
210504,1,1,0,0,0,0,0,0,0,0,0,0
210505,1,1,17,17,17,17,17,17,17,17,17,17
210506,1,1,0,0,0,0,0,0,0,0,0,0
210506,2,1,0,0,0,0,0,0,0,0,0,0
210507,1,1,0,0,0,0,0,0,0,0,0,0
210507,2,1,0,0,0,0,0,0,0,0,0,0
210507,3,1,0,0,0,0,0,0,0,0,0,0
210508,1,1,0,0,0,0,0,0,0,0,0,0
210508,2,1,0,0,0,0,0,0,0,0,0,0