ST_CASE,VEH_NO,PER_NO,P1,P2,P3,P4,P5,P6,P7,P8,P9,P10
210509,1,1,0,0,0,0,0,0,0,0,0,0
210510,0,1,0,0,0,0,0,0,0,0,0,0
210510,1,1,15,24,13,10,0,13,0,0,18,0
210511,1,1,0,0,0,0,0,0,0,0,0,0
210512,1,1,22,0,38,26,0,18,0,0,0,0
210513,1,1,33,14,15,17,14,35,8,8,8,11
210514,1,1,0,0,0,0,0,0,0,0,0,0
210514,2,1,0,0,0,0,0,0,0,0,0,0
210515,1,1,0,0,0,0,0,0,0,0,0,0
210516,1,1,0,0,0,0,0,0,0,0,0,0
210516,2,1,0,0,8,0,0,0,0,0,0,0
210517,1,1,0,0,0,0,0,0,0,0,0,0
210517,2,1,0,0,0,0,0,0,0,0,0,0
210518,1,1,30,30,30,30,30,30,30,30,30,30
210519,1,1,10,10,10,10,10,10,10,10,10,10
210520,1,1,27,27,27,27,27,27,27,27,27,27
210520,2,1,0,0,0,0,0,0,0,0,0,0
210521,1,1,32,32,32,32,32,32,32,32,32,32
210522,1,1,15,15,15,15,15,15,15,15,15,15
210523,1,1,3,3,3,3,3,3,3,3,3,3
210524,1,1,0,0,0,0,0,0,0,0,0,0
210525,1,1,16,16,16,16,16,16,16,16,16,16
210526,1,1,0,0,0,0,0,0,0,0,0,0
210526,2,1,0,0,0,0,0,0,0,0,0,0
210527,1,1,0,0,0,0,0,0,0,0,0,0
210527,2,1,0,0,0,0,0,0,0,0,0,0
210528,0,1,0,0,0,0,0,0,0,0,0,0
210528,1,1,0,0,0,0,7,19,38,37,0,0
210529,0,1,0,0,0,0,0,0,0,0,0,0
210529,1,1,0,0,0,0,0,0,0,0,0,0
210530,1,1,17,17,17,17,17,17,17,17,17,17
210531,1,1,0,21,0,0,0,0,0,0,0,0
210532,1,1,0,0,0,23,0,0,0,0,19,0
210533,1,1,0,0,0,0,0,0,0,0,0,0
210534,1,1,0,0,0,0,0,0,0,0,0,0
210534,2,1,0,0,0,0,0,0,0,0,0,0
210535,1,1,0,0,0,0,0,0,0,0,0,0
210535,2,1,0,0,0,0,0,0,0,0,0,0
210536,0,1,0,20,0,0,17,0,0,25,11,0
210536,1,1,0,0,0,0,0,0,0,0,6,0
210537,1,1,0,0,0,0,0,0,0,0,0,0
210538,1,1,1,1,1,1,1,1,1,1,1,1
210538,2,1,0,0,0,0,0,0,0,0,0,0
210539,1,1,0,0,0,0,0,0,0,0,0,0
210539,2,1,0,0,0,0,0,0,0,0,0,0
210540,1,1,0,0,31,0,16,0,0,0,0,0
210541,1,1,0,0,0,0,0,0,0,0,0,0
210542,1,1,0,0,0,0,0,0,0,0,0,0
210543,1,1,0,0,0,0,0,0,0,0,0,0
210544,1,1,0,0,0,0,0,0,0,0,0,0
210544,2,1,0,0,0,0,0,0,0,0,0,0
210545,1,1,0,0,0,0,0,0,0,0,0,0
210545,2,1,0,0,0,0,0,0,0,0,0,0
210546,1,1,10,10,10,10,10,10,10,10,10,10
210546,2,1,11,11,11,11,11,11,11,11,11,11
210547,1,1,0,16,0,0,0,0,0,0,0,0
210547,2,1,0,0,0,0,0,0,0,0,0,0
210548,1,1,0,0,0,0,0,0,0,0,0,0
210548,2,1,0,0,0,0,0,0,0,0,0,0
210549,1,1,0,0,0,0,0,0,0,0,0,0
210550,1,1,0,0,0,0,0,0,0,0,0,0
210550,2,1,0,0,0,0,0,0,0,0,0,0
210551,1,1,12,14,29,11,14,22,28,18,14,14
210552,1,1,0,0,0,0,0,0,0,0,0,0
210552,2,1,0,0,0,0,0,0,0,0,0,0
210553,1,1,0,0,0,0,0,0,0,0,0,0
210553,2,1,0,0,0,0,0,0,0,0,0,0
210554,1,1,0,0,0,0,0,0,33,0,0,0
210555,1,1,0,0,0,0,0,0,0,0,0,0
210555,2,1,0,0,0,0,0,0,0,0,0,0
210556,1,1,0,0,0,0,0,0,0,0,0,0
210556,2,1,0,0,0,0,0,0,0,0,13,10
210557,0,1,0,0,0,0,0,0,0,0,0,0
210558,1,1,0,0,0,0,0,0,0,0,0,0
210558,2,1,0,0,0,0,0,0,0,0,0,0
210559,0,1,0,0,0,36,0,10,0,0,0,23
210559,1,1,0,0,0,0,0,0,30,0,0,0
210560,1,1,0,0,0,0,0,0,0,0,0,0
210560,2,1,0,0,0,0,0,17,0,0,0,0
210561,1,1,0,0,0,0,0,0,0,0,0,0
210562,1,1,25,25,25,25,25,25,25,25,25,25
210563,1,1,0,0,0,0,0,0,0,0,0,0
210563,2,1,0,0,0,0,0,0,0,0,0,0
210564,1,1,0,15,0,0,0,0,0,0,0,0
210565,1,1,0,0,0,0,0,0,0,0,0,0
210566,0,1,0,0,0,0,0,0,0,0,0,0
210566,0,2,0,0,0,0,24,0,0,0,41,19
210566,0,3,13,0,11,0,15,0,0,0,12,12
210566,1,1,0,0,0,0,0,0,0,0,0,0
210567,1,1,0,0,0,0,0,0,0,0,0,0
210568,1,1,0,0,0,0,0,0,0,0,0,0
210568,2,1,0,0,0,0,0,0,0,0,0,0
210569,1,1,0,0,0,0,0,0,0,0,0,18
210570,1,1,0,0,0,0,0,0,0,0,0,0
210571,1,1,28,28,28,28,28,28,28,28,28,28
210572,1,1,0,0,0,0,0,0,0,0,0,0
210572,2,1,0,0,0,0,0,0,0,0,0,0
210573,1,1,18,18,18,18,18,18,18,18,18,18
210574,1,1,0,0,0,0,0,0,0,0,0,0
210574,2,1,0,0,0,0,0,0,0,0,0,0
210575,0,1,34,34,34,34,34,34,34,34,34,34
210575,1,1,0,6,0,0,0,0,0,0,0,0
210576,1,1,0,0,0,0,0,0,0,0,0,0
210576,2,1,0,0,0,0,0,0,0,0,0,0
210576,3,1,0,0,0,0,0,0,0,0,0,0
210577,1,1,0,0,0,0,15,0,0,0,0,0
210577,2,1,0,0,0,0,0,0,0,0,0,0
210578,1,1,0,0,0,0,0,0,0,0,0,0
210579,0,1,0,0,0,0,0,0,0,0,0,0
210579,1,1,0,0,0,0,0,0,0,0,0,0
210580,1,1,14,14,14,14,14,14,14,14,14,14
210580,2,1,0,0,0,0,0,0,0,0,0,0
210581,1,3,7,13,0,0,0,0,13,0,0,20
210581,2,1,0,0,0,0,0,0,0,0,0,0
210581,3,1,0,0,0,0,0,0,0,0,0,0
210582,0,1,0,0,0,0,0,0,0,0,0,33
210582,1,1,15,0,0,0,0,0,0,0,0,0
210583,1,1,0,0,0,0,0,0,0,0,0,0
210584,1,1,0,0,0,0,0,0,0,14,22,0
210585,1,1,0,0,0,0,0,0,0,0,0,0
210586,1,1,0,0,0,0,0,0,0,0,0,0
210587,1,1,0,0,0,0,0,0,0,0,0,0
210587,2,1,0,0,0,0,0,0,0,0,0,0
210587,3,1,0,0,0,0,0,0,0,0,0,0
210587,4,1,0,0,0,0,0,0,0,0,0,0
210588,1,1,0,8,0,0,0,0,0,0,0,0
210588,2,1,0,0,0,0,0,0,0,0,0,0
210588,3,1,0,0,0,0,0,0,0,19,2,0
210588,4,1,0,0,0,0,7,0,0,0,0,0
210589,1,1,0,0,17,30,10,21,28,18,15,8
210590,1,1,19,19,19,19,19,19,19,19,19,19
210591,1,1,0,0,0,0,0,0,0,0,0,0
210591,2,1,10,0,0,0,0,0,0,0,0,0
210591,3,1,0,0,0,0,0,0,0,0,0,0
210592,1,1,12,12,12,12,12,12,12,12,12,12
210593,1,1,0,0,0,0,0,0,0,0,0,0
210594,1,1,0,0,0,0,0,0,0,0,0,0
210594,2,1,0,0,0,0,0,0,20,0,0,0
210595,1,1,0,0,0,0,0,0,0,0,0,0
210595,2,1,0,0,0,0,0,0,0,0,0,0
210596,1,1,10,10,10,10,10,10,10,10,10,10
210596,2,1,0,0,0,0,0,0,0,0,0,0
210596,3,1,0,0,0,0,0,0,0,0,0,0
210596,4,1,0,0,0,0,0,0,0,0,0,0
210597,1,1,0,0,0,19,7,0,0,0,0,0
210598,1,1,30,30,30,30,30,30,30,30,30,30
210598,2,1,0,0,0,0,0,0,0,0,0,0
210599,1,1,0,0,0,0,0,0,0,0,0,0
210600,1,1,0,0,0,0,0,0,0,0,0,0
210601,1,1,0,0,0,0,0,0,0,0,0,0
210601,2,1,0,0,0,0,0,0,0,0,0,0
210602,1,1,0,0,0,0,0,0,0,0,0,0
210602,2,1,0,0,0,0,0,0,0,0,0,0
210603,1,1,12,12,12,12,12,12,12,12,12,12
210603,2,1,0,0,0,0,0,0,0,0,0,0
210604,1,1,0,0,0,0,0,0,0,0,0,0
210604,2,1,0,0,0,0,0,0,0,0,0,0
210605,1,1,20,20,20,20,20,20,20,20,20,20
210605,2,1,0,0,0,0,0,9,0,0,0,0
210605,3,1,0,0,0,0,0,0,0,0,0,0
210606,1,1,13,13,13,13,13,13,13,13,13,13
210607,1,1,0,0,0,0,0,0,0,0,0,0
210607,2,1,0,0,0,0,0,0,0,0,0,0
210607,3,1,0,0,0,0,0,0,0,0,0,0
210608,1,1,0,0,0,0,0,0,0,0,0,0
210608,2,1,0,0,0,0,0,0,0,0,0,0
210609,0,1,0,0,0,0,0,0,0,0,0,0
210609,1,1,10,10,10,10,10,10,10,10,10,10
210610,1,1,0,0,0,0,0,0,0,0,0,0
210611,1,1,0,0,0,0,0,0,0,0,0,0
210612,1,1,0,0,0,0,0,0,0,0,0,0
210612,2,1,0,0,0,0,0,0,0,0,0,0
210613,1,1,0,0,0,0,0,0,0,0,0,0
210614,1,1,0,0,0,0,0,0,0,0,0,0
210615,1,1,0,0,0,0,0,0,0,0,0,0
210616,1,1,22,22,22,22,22,22,22,22,22,22
210617,1,1,0,0,0,0,0,0,0,0,0,0
210617,2,1,0,0,0,0,0,0,0,0,0,0
210618,1,1,0,0,0,17,0,13,0,0,0,0
210619,1,1,0,25,38,10,16,23,36,41,18,16
210620,1,1,27,0,0,0,0,16,0,0,0,11
210621,1,1,15,15,15,15,15,15,15,15,15,15
210622,1,1,0,0,0,17,0,0,0,0,0,16
210623,1,1,23,23,23,23,23,23,23,23,23,23
210624,1,1,0,0,0,0,0,0,0,0,0,0
210624,2,1,0,0,0,0,0,0,0,0,0,0
210625,1,1,0,0,0,12,0,0,0,0,0,0
210625,2,1,0,0,0,0,0,0,0,0,0,0
210626,1,1,0,0,0,0,0,0,0,0,0,0
210627,1,1,0,0,0,0,0,0,0,0,0,0
210627,2,1,0,0,0,0,0,0,0,0,0,0
210628,1,1,0,0,0,0,0,0,0,0,0,0
210628,2,1,0,0,0,0,0,0,0,0,0,0
210629,1,1,30,30,30,30,30,30,30,30,30,30
210630,0,1,26,26,26,26,26,26,26,26,26,26
210630,1,1,11,11,11,11,11,11,11,11,11,11
210631,1,1,20,20,20,20,20,20,20,20,20,20
210632,1,1,0,0,0,0,0,0,25,0,0,25
210632,2,1,0,0,0,0,0,0,0,0,0,0
210633,1,1,0,0,0,0,0,0,0,0,0,0
210633,2,1,0,0,0,0,0,0,0,0,0,0
210634,1,1,13,13,13,13,13,13,13,13,13,13
210634,2,1,0,0,0,0,0,0,0,0,0,0
210635,1,1,0,19,0,0,0,27,0,24,0,0
210636,1,1,2,2,2,2,2,2,2,2,2,2
210636,2,1,0,0,0,0,0,0,0,0,0,0
210637,0,1,0,0,0,0,0,0,0,0,0,0
210637,1,1,0,0,0,0,0,0,0,0,0,0
210638,1,1,14,14,14,14,14,14,14,14,14,14
210639,1,1,0,0,0,0,0,0,0,0,0,0
210639,2,1,0,0,6,0,0,0,0,0,2,0
210640,1,1,18,18,18,18,18,18,18,18,18,18
210640,2,1,0,0,0,0,0,0,0,0,0,0
210641,1,1,17,17,17,17,17,17,17,17,17,17
210642,1,1,0,0,0,0,0,0,0,0,0,0
210642,2,1,0,0,0,0,0,0,0,0,0,0
210643,1,1,0,0,0,0,0,0,0,0,0,0
210643,2,1,0,0,0,0,0,0,0,0,0,0
210644,1,1,0,0,0,0,0,0,0,0,0,0
210644,2,1,0,0,0,0,0,0,0,0,0,0
210644,3,1,0,0,0,0,0,0,0,0,0,0
210644,4,1,0,0,0,0,0,0,0,0,0,0
210645,1,1,0,0,0,0,0,0,0,10,0,0
210645,2,1,0,0,0,0,0,0,0,0,0,0
210646,0,1,7,7,7,7,7,7,7,7,7,7
210646,1,1,0,0,0,0,0,0,0,0,0,0
210646,2,1,0,0,0,0,0,0,0,0,0,0
210647,1,1,0,0,0,0,0,0,0,0,0,0
210647,2,1,0,18,0,0,0,0,0,0,0,0
210648,1,1,26,26,26,26,26,26,26,26,26,26
210649,1,1,32,15,26,24,17,5,19,4,4,29
210649,2,1,0,0,0,0,0,0,0,0,0,0
210650,1,1,10,10,10,10,10,10,10,10,10,10
210650,2,1,0,0,0,0,0,0,0,0,0,0
210651,1,1,0,0,0,0,0,0,0,0,0,0
210652,1,1,8,8,8,8,8,8,8,8,8,8
210653,1,1,0,0,0,0,0,0,0,0,0,0
210653,2,1,0,0,0,0,0,0,0,0,0,0
210654,1,1,0,0,0,0,0,0,0,0,0,0
210654,2,1,0,0,0,0,0,0,0,0,0,0
210655,1,1,20,20,20,20,20,20,20,20,20,20
210656,1,1,10,5,10,15,10,7,18,40,7,24
210657,1,1,0,0,0,0,0,0,0,0,0,0
210657,2,1,0,0,0,0,0,0,0,4,11,0
210658,0,1,0,0,0,0,0,0,0,0,0,0
210658,1,1,0,0,0,0,0,0,0,0,0,0
210659,1,1,0,0,0,0,0,0,0,0,0,0
210659,2,1,0,0,0,0,0,0,0,0,0,0
210660,1,1,0,0,0,0,0,0,0,0,0,0
210661,1,1,0,0,0,0,0,0,0,0,0,0
210662,1,1,0,0,0,0,0,0,0,0,0,0
210662,2,1,0,0,0,0,0,0,0,0,0,0
210663,1,1,0,0,0,0,0,0,0,0,0,0
210664,1,1,16,16,16,16,16,16,16,16,16,16
210665,1,1,23,23,23,23,23,23,23,23,23,23
210666,0,1,0,0,0,0,0,0,0,0,0,0
210666,0,2,0,0,0,0,0,0,0,0,0,0
210666,1,1,0,0,0,0,0,0,0,0,0,0
210666,2,1,0,0,0,0,0,0,0,0,0,0
210666,3,1,0,0,0,0,0,0,0,0,0,0
210667,0,1,5,5,5,5,5,5,5,5,5,5
210667,1,1,0,0,0,0,0,0,0,0,0,0
210668,1,1,0,0,0,0,0,0,0,0,0,0
210668,2,1,0,0,0,0,0,0,0,0,0,0
210669,1,1,0,0,0,0,0,0,0,0,0,0
210670,1,1,0,0,0,0,0,0,0,0,0,0
210670,2,1,0,0,0,0,0,0,0,0,0,0
210670,3,1,0,0,0,0,0,0,0,0,0,0
210671,0,1,17,10,0,0,0,0,0,0,0,0
210671,1,1,0,0,0,0,0,0,0,0,0,0
210672,1,1,0,0,0,0,0,0,0,0,0,0
210673,1,1,0,0,0,0,0,0,0,0,0,0
210674,1,1,0,0,0,0,0,0,0,0,0,0
210674,2,1,0,0,0,0,0,0,0,0,0,0
210675,1,1,0,0,0,0,0,0,0,0,0,0
210675,2,1,0,0,0,0,0,0,0,0,0,0
210676,1,1,13,13,13,13,13,13,13,13,13,13
210677,1,1,23,13,14,12,23,19,19,35,15,6
210678,1,1,18,18,18,18,18,18,18,18,18,18
210679,1,1,20,20,20,20,20,20,20,20,20,20
210679,2,1,0,0,0,0,0,0,0,0,0,46
210680,1,1,0,0,0,0,0,0,0,0,0,0
210680,2,1,0,0,0,0,0,0,0,0,0,0
210681,1,1,0,17,0,0,0,0,0,0,0,5
210681,2,1,0,0,0,0,0,0,0,0,0,0
210682,1,1,0,0,0,0,0,0,0,0,0,0
210682,2,1,0,0,0,0,0,0,0,0,0,0
210683,1,1,17,17,17,17,17,17,17,17,17,17
210684,1,1,12,12,12,12,12,12,12,12,12,12
210685,1,1,0,0,0,0,0,0,0,0,0,0
210686,1,1,0,0,0,0,0,0,0,0,0,0
210686,2,1,0,0,0,0,0,0,0,0,0,0
210686,3,1,0,0,0,11,0,0,0,0,0,0
210686,4,1,0,0,0,0,0,0,0,0,0,0
210687,1,1,18,18,18,18,18,18,18,18,18,18
210688,1,1,0,0,0,0,0,0,0,0,0,0
210689,1,1,20,20,20,20,20,20,20,20,20,20
210690,1,1,0,0,0,0,0,0,0,0,0,0
210690,2,1,0,0,0,0,0,25,0,0,0,0
210691,1,1,0,0,0,0,0,0,0,0,0,0
210691,2,1,0,0,0,0,0,0,0,0,0,0
210692,1,1,0,0,0,24,0,0,0,0,0,0
210692,2,1,0,0,0,0,0,0,0,0,0,0
210693,1,1,0,0,0,0,6,0,0,0,0,0
210694,1,1,0,0,0,0,0,0,0,0,0,0
210694,2,1,0,0,0,0,0,0,0,0,0,0
210695,1,1,0,0,0,0,0,0,0,0,0,0
220001,1,1,0,0,0,0,0,0,0,0,0,0
220001,2,1,0,0,0,0,0,0,0,0,0,0
220002,1,1,22,22,22,22,22,22,22,22,22,22
220002,2,1,0,0,0,0,0,0,0,0,0,0
220003,1,1,25,25,25,25,25,25,25,25,25,25
220004,1,1,26,26,26,26,26,26,26,26,26,26
220006,0,1,17,17,17,17,17,17,17,17,17,17
220006,1,1,0,0,0,0,0,0,0,0,0,0
220007,0,1,29,29,29,29,29,29,29,29,29,29
220007,1,1,5,5,5,5,5,5,5,5,5,5
220007,2,1,0,0,0,0,0,0,0,0,0,0
220008,1,1,18,18,18,18,18,18,18,18,18,18
220008,2,1,0,0,0,0,0,0,0,0,0,0
220009,1,1,1,1,1,1,1,1,1,1,1,1
220010,1,1,0,0,0,0,0,0,0,0,0,0
220012,0,1,20,12,0,0,0,30,18,0,0,25
220012,1,1,0,0,0,0,0,0,0,0,0,0
220013,1,1,0,0,0,0,0,0,0,0,0,0
220013,2,1,0,0,0,0,0,0,0,0,0,0
220014,1,1,20,20,20,20,20,20,20,20,20,20
220015,1,1,10,10,10,10,10,10,10,10,10,10
220016,1,1,0,0,0,0,0,0,0,0,0,0
220017,1,1,26,26,26,26,26,26,26,26,26,26
220018,1,1,53,53,53,53,53,53,53,53,53,53
220018,2,1,0,0,0,0,0,0,0,0,0,0
220018,3,1,0,0,0,0,0,0,0,0,0,0
220019,1,1,9,9,9,9,9,9,9,9,9,9
220020,1,1,0,0,0,0,0,0,0,0,0,0
220020,2,1,0,0,0,0,0,0,0,0,0,0
220021,1,1,0,0,0,0,0,0,0,0,0,0
220021,2,1,0,0,0,0,0,0,0,0,0,0
220022,1,1,0,0,0,0,0,0,0,0,0,0
220022,2,1,0,0,0,0,0,0,0,0,0,0
220022,3,1,0,0,0,0,0,0,0,0,0,0
220023,1,1,0,0,0,0,0,0,0,0,0,0
220023,2,1,0,0,0,0,0,0,0,0,0,0
220024,1,1,29,29,29,29,29,29,29,29,29,29
220024,2,1,0,0,0,0,0,0,0,0,0,0
220025,1,1,13,13,13,13,13,13,13,13,13,13
220026,1,1,20,20,20,20,20,20,20,20,20,20
220027,1,1,14,14,14,14,14,14,14,14,14,14
220028,1,1,15,15,15,15,15,15,15,15,15,15
220029,1,1,20,20,20,20,20,20,20,20,20,20
220030,0,1,0,0,0,0,0,0,0,0,0,0
220030,2,1,0,0,0,0,0,0,0,0,0,0
220031,1,1,18,18,18,18,18,18,18,18,18,18
220031,2,1,0,0,0,0,0,0,0,0,0,0
220032,1,1,0,0,0,0,0,0,0,0,0,0
220032,2,1,0,0,0,0,0,0,0,0,0,0
220033,1,1,0,0,0,0,0,0,0,0,0,0
220033,2,1,0,0,0,0,22,0,0,0,0,0
220034,0,1,0,0,0,0,0,0,0,0,0,0
220034,1,1,0,0,0,0,0,0,0,0,0,0
220035,1,1,0,0,0,0,0,0,0,0,0,0
220036,0,1,6,6,6,6,6,6,6,6,6,6
220036,1,1,0,0,0,0,0,0,0,0,0,0
220037,1,1,0,0,0,0,0,0,0,0,0,0
220038,1,1,0,0,0,0,0,0,0,0,0,0
220039,1,1,7,7,7,7,7,7,7,7,7,7
220040,0,1,0,0,15,34,29,40,0,0,0,0
220040,1,1,0,0,0,0,0,0,0,0,0,0
220041,1,1,0,0,0,0,0,0,0,0,0,0
220041,2,1,0,0,0,16,0,0,0,0,0,0
220042,1,1,0,13,17,7,5,0,6,5,6,14
220042,2,1,0,0,0,0,0,0,0,0,0,0
220042,3,1,0,0,0,0,0,0,0,0,0,0
220043,1,1,8,8,8,8,8,8,8,8,8,8
220043,2,1,0,0,0,0,0,0,0,0,0,0
220044,1,1,29,29,29,29,29,29,29,29,29,29
220044,2,1,0,0,0,0,0,0,0,0,0,0
220045,0,1,0,0,0,0,0,0,0,0,0,0
220045,1,1,12,12,12,12,12,12,12,12,12,12
220046,1,1,25,25,25,25,25,25,25,25,25,25
220047,1,1,15,33,8,30,17,5,24,22,0,18
220048,1,1,15,15,15,15,15,15,15,15,15,15
220048,2,1,0,0,9,0,0,0,0,0,0,0
220049,1,1,0,0,0,0,0,0,0,0,0,0
220049,2,1,0,0,10,0,0,0,0,0,0,0
220049,3,1,4,19,0,0,0,0,16,14,0,5
220050,1,1,0,0,0,0,0,0,0,0,0,0
220050,2,1,0,0,0,0,0,0,0,0,0,0
220051,1,1,0,0,0,0,0,0,0,0,0,0
220051,2,1,0,0,0,0,0,0,0,0,0,0
220052,1,1,11,0,0,0,0,0,0,0,0,13
220053,1,1,0,0,0,0,0,0,0,0,0,0
220053,2,1,0,0,0,0,0,0,0,0,0,0
220054,1,1,0,0,0,0,0,0,0,0,0,0
220055,1,1,27,27,27,27,27,27,27,27,27,27
220056,0,1,0,0,0,0,0,0,0,0,0,0
220056,0,2,0,0,0,0,0,0,0,0,0,0
220056,2,1,0,0,0,0,0,0,0,0,0,0
220057,1,1,0,0,0,0,0,0,0,0,0,0
220057,2,1,0,0,0,0,0,0,0,0,0,0
220058,1,1,0,0,0,0,0,0,0,0,0,0
220058,2,1,0,0,0,0,0,0,0,0,0,0
220058,3,1,0,0,0,0,0,0,0,0,0,0
220059,1,1,20,20,20,20,20,20,20,20,20,20
220060,1,1,0,0,0,0,0,0,0,0,0,0
220060,2,1,0,0,0,0,0,0,0,0,0,0
220061,1,1,2,2,2,2,2,2,2,2,2,2
220062,0,1,22,22,22,22,22,22,22,22,22,22
220062,1,1,11,11,11,11,11,11,11,11,11,11
220063,0,1,37,37,37,37,37,37,37,37,37,37
220063,1,1,0,0,0,0,0,0,0,0,0,0
220064,1,1,0,0,0,0,0,0,0,0,0,0
220064,2,1,0,0,0,0,0,0,0,0,0,0
220066,1,1,0,0,0,0,0,0,0,0,0,0
220067,1,1,0,0,0,0,0,0,0,0,0,0
220067,2,1,0,0,0,0,0,0,0,0,0,0
220068,1,1,0,0,0,0,0,0,0,0,0,0
220069,1,1,18,18,18,18,18,18,18,18,18,18
220069,2,1,0,0,15,0,24,0,6,10,0,0
220070,1,1,0,0,0,0,0,0,0,0,0,0
220071,1,1,18,18,18,18,18,18,18,18,18,18
220072,1,1,0,0,0,0,0,0,0,0,0,0
220072,2,1,0,0,0,0,0,0,0,0,0,0
220073,1,1,12,12,12,12,12,12,12,12,12,12
220074,1,1,5,5,5,5,5,5,5,5,5,5
220075,1,1,0,0,0,0,0,0,0,0,0,0
220076,1,1,5,5,5,5,5,5,5,5,5,5
220077,1,1,12,12,12,12,12,12,12,12,12,12
220077,2,1,0,0,0,0,0,0,0,0,0,0
220078,1,1,23,23,23,23,23,23,23,23,23,23
220078,2,1,0,0,0,0,0,0,0,0,0,0
220079,1,1,7,0,0,0,0,0,0,0,0,0
220079,2,1,0,0,0,0,0,0,0,0,0,0
220080,1,1,0,0,0,0,0,0,0,0,0,0
220080,2,1,0,0,0,0,0,0,0,0,0,0
220081,0,1,0,27,9,0,0,36,0,30,33,0
220081,1,1,0,0,0,0,0,0,0,0,0,0
220081,2,1,0,0,0,0,0,0,0,0,0,0
220082,1,1,20,20,20,20,20,20,20,20,20,20
220082,2,1,0,0,0,0,0,0,0,0,0,0
220082,3,1,0,0,0,0,0,0,0,0,0,0
220083,0,1,23,23,23,23,23,23,23,23,23,23
220083,1,1,0,0,0,4,0,0,0,0,18,0
220083,2,1,0,0,0,0,7,0,0,0,0,15
220084,1,1,0,0,0,0,0,0,0,0,0,0
220084,2,1,0,0,0,0,0,0,0,0,0,0
220085,1,1,16,16,16,16,16,16,16,16,16,16
220086,1,1,0,0,0,0,0,0,0,0,0,0
220086,2,1,0,0,0,0,0,0,0,0,0,0
220087,1,1,0,0,0,0,0,0,0,0,0,0
220087,2,1,0,0,0,0,0,0,0,0,0,0
220088,1,1,5,5,5,5,5,5,5,5,5,5
220089,0,1,16,16,16,16,16,16,16,16,16,16
220089,1,1,0,0,0,0,0,0,0,0,0,0
220090,1,1,27,27,27,27,27,27,27,27,27,27
220091,1,1,14,14,14,14,14,14,14,14,14,14
220092,1,1,0,0,0,0,0,0,0,0,0,0
220092,2,1,0,0,0,0,0,0,0,0,0,0
220093,1,1,0,0,0,0,0,0,0,0,0,0
220093,2,1,0,0,0,0,0,0,0,0,0,0
220094,1,1,23,23,23,23,23,23,23,23,23,23
220095,1,1,0,0,0,0,0,0,0,0,0,0
220095,2,1,0,0,0,0,0,0,0,0,0,0
220095,3,1,0,0,0,0,0,0,0,0,0,0
220097,1,1,16,16,16,16,16,16,16,16,16,16
220098,1,1,21,21,21,21,21,21,21,21,21,21
220099,0,1,0,0,0,0,0,0,0,0,0,0
220099,1,1,0,0,0,0,0,0,0,0,0,0
220100,0,1,11,0,5,24,0,0,12,13,16,0
220100,1,1,0,0,0,0,0,0,0,0,0,0
220101,1,1,0,0,0,0,0,0,0,0,0,0
220101,2,1,0,0,0,0,0,0,0,0,0,0
220102,1,1,0,0,0,0,0,0,0,0,0,0
220102,2,1,0,0,0,0,0,0,0,0,0,0
220103,1,1,0,0,0,0,0,0,0,0,0,0
220104,0,1,0,0,0,37,0,0,9,0,0,0
220104,1,1,0,0,16,0,0,0,30,0,19,0
220105,1,1,13,13,13,13,13,13,13,13,13,13
220105,2,1,19,0,0,0,27,0,0,0,0,24
220106,1,1,4,0,9,0,0,0,16,0,0,0
220106,2,1,0,0,0,0,0,0,0,0,0,0
220107,1,1,0,0,0,0,0,0,0,0,0,0
220108,0,1,0,0,0,0,0,0,0,0,0,0
220108,1,1,8,8,8,8,8,8,8,8,8,8
220109,0,1,0,0,0,0,0,0,0,0,0,0
220109,0,2,0,0,0,0,0,0,0,0,0,0
220109,1,1,0,0,0,0,0,0,0,0,0,0
220110,1,1,20,20,20,20,20,20,20,20,20,20
220110,2,1,0,0,0,0,0,0,0,0,0,0
220111,1,1,9,9,9,9,9,9,9,9,9,9
220112,1,1,17,17,17,17,17,17,17,17,17,17
220113,1,1,0,0,0,0,0,0,0,0,0,0
220113,2,1,0,0,0,0,0,0,0,0,0,0
220114,0,1,21,27,0,0,24,0,36,30,8,7
220114,1,1,0,0,0,0,0,0,0,0,0,0
220115,0,1,0,0,0,0,0,0,0,0,0,0
220115,1,1,0,0,0,0,0,0,0,0,0,0
220116,0,1,19,19,19,19,19,19,19,19,19,19
220116,1,1,0,0,0,0,18,0,0,12,0,0
220116,2,1,11,0,0,0,22,7,0,0,34,17
220117,1,1,0,0,0,0,0,0,0,0,0,0
220118,0,1,34,34,34,34,34,34,34,34,34,34
220118,1,1,0,0,0,0,0,0,0,0,0,0
220119,1,1,0,0,14,0,26,25,4,0,0,0
220120,1,1,0,0,0,0,0,0,0,0,0,0
220120,2,1,0,0,0,0,0,0,0,0,0,0
220121,1,1,1,1,1,1,1,1,1,1,1,1