ST_CASE,VEH_NO,PER_NO,P1,P2,P3,P4,P5,P6,P7,P8,P9,P10
220440,2,1,0,0,0,0,0,0,0,0,0,0
220440,3,1,0,0,0,0,0,0,0,0,0,0
220440,4,1,0,0,0,0,0,0,0,0,0,0
220440,5,1,0,0,0,0,0,0,0,0,0,2
220441,0,1,0,0,0,0,0,0,0,0,0,0
220441,1,1,0,0,0,0,0,0,0,0,0,0
220443,1,1,9,9,9,9,9,9,9,9,9,9
220444,0,1,25,25,25,25,25,25,25,25,25,25
220444,1,1,0,0,0,0,0,0,0,0,0,0
220445,1,1,8,8,8,8,8,8,8,8,8,8
220445,2,1,0,0,0,0,0,0,0,0,0,0
220446,0,1,22,22,22,22,22,22,22,22,22,22
220446,1,1,0,0,10,0,0,0,12,0,0,28
220447,1,1,0,0,0,0,0,0,0,0,0,0
220448,1,1,13,0,17,10,0,15,16,19,15,0
220449,1,1,28,0,0,0,11,0,20,0,17,0
220449,2,1,0,0,0,0,0,0,0,0,0,0
220450,1,1,0,0,0,0,0,0,0,0,0,0
220450,2,1,0,0,0,0,0,0,0,0,0,0
220451,0,1,0,0,0,0,0,0,0,0,0,0
220451,1,1,2,0,0,0,12,18,13,0,23,0
220453,1,1,0,0,0,0,0,0,0,0,0,0
220453,2,1,0,0,0,0,0,0,0,0,0,0
220454,1,1,0,0,0,0,0,0,0,0,0,0
220454,2,1,0,0,13,0,0,0,0,0,0,0
220455,1,1,16,20,0,0,0,15,0,0,0,0
220456,1,1,0,0,0,0,0,0,0,0,0,0
220456,2,1,0,0,0,0,0,49,12,0,0,26
220457,1,1,26,26,26,26,26,26,26,26,26,26
220458,1,1,11,6,7,0,17,15,18,7,0,0
220459,1,1,13,13,13,13,13,13,13,13,13,13
220459,2,1,0,0,0,0,0,0,0,0,0,0
220460,1,1,13,13,13,13,13,13,13,13,13,13
220460,2,1,0,0,0,0,0,0,0,0,0,0
220461,1,1,0,0,0,0,0,0,0,0,0,0
220461,2,1,0,0,0,0,0,0,0,0,0,0
220462,1,1,0,0,0,0,0,0,0,0,0,0
220462,2,1,0,0,0,0,0,0,0,0,0,0
220463,1,1,0,0,0,0,0,0,0,0,0,0
220464,1,1,0,0,0,0,0,0,0,0,0,0
220465,1,1,0,0,0,0,0,0,0,0,0,0
220465,2,1,0,0,0,0,0,0,0,0,0,0
220466,1,1,0,0,0,0,0,0,0,0,0,0
220466,2,1,0,0,0,0,0,0,0,0,0,0
220467,1,1,0,0,0,0,0,0,0,0,0,0
220467,2,1,0,0,0,0,0,0,0,0,0,0
220468,1,1,0,0,0,0,0,0,0,0,0,0
220468,2,1,0,0,0,0,0,0,0,0,0,0
220469,1,1,0,22,0,22,0,12,12,0,21,0
220470,1,1,15,15,15,15,15,15,15,15,15,15
220471,1,1,0,0,0,0,0,0,0,0,0,0
220471,2,1,0,0,0,0,0,0,0,0,0,0
220472,1,1,19,19,19,19,19,19,19,19,19,19
220473,1,1,26,26,26,26,26,26,26,26,26,26
220474,1,1,0,0,0,0,0,0,0,0,0,0
220474,2,1,0,0,0,0,0,0,0,0,0,0
220475,1,1,32,32,32,32,32,32,32,32,32,32
220476,1,1,10,0,0,0,0,0,0,0,0,0
220477,1,1,4,13,19,0,17,0,0,0,0,0
220478,0,1,0,0,0,0,0,0,0,0,0,0
220478,0,2,0,0,0,0,0,0,0,0,0,0
220478,1,1,0,0,0,0,0,0,0,0,0,0
220479,1,1,0,0,0,0,0,0,0,0,0,0
220479,2,1,0,0,0,0,0,0,0,0,0,0
220480,1,1,0,0,0,0,0,0,0,0,0,0
220480,2,1,0,0,0,0,0,0,0,0,0,0
220480,3,1,0,0,0,0,0,0,0,0,0,0
220481,0,1,0,0,0,0,0,0,0,0,0,0
220481,1,1,0,0,0,0,0,0,0,0,0,0
220482,1,1,11,11,11,11,11,11,11,11,11,11
220483,1,1,0,0,0,0,0,0,0,0,0,0
220483,2,1,0,0,0,0,0,0,0,0,0,0
220484,0,1,0,0,0,16,0,0,0,16,20,0
220484,1,1,0,0,0,0,0,0,0,0,0,0
220485,1,1,0,0,0,0,0,0,0,0,0,0
220485,2,1,0,0,0,0,0,0,0,0,0,0
220486,0,1,0,0,0,0,0,0,0,0,0,0
220486,1,1,0,0,0,0,0,0,0,0,0,0
220487,1,1,0,0,0,0,0,0,0,0,0,0
220488,1,1,15,15,15,15,15,15,15,15,15,15
220488,2,1,15,15,15,15,15,15,15,15,15,15
220489,1,1,0,0,0,0,0,0,0,0,0,0
220490,1,1,12,12,12,12,12,12,12,12,12,12
220491,1,1,0,0,0,0,0,0,0,0,0,0
220492,1,1,0,0,0,0,0,0,0,0,0,0
220492,2,1,0,0,0,0,0,0,0,0,0,0
220493,0,1,0,0,0,0,0,0,0,0,0,0
220493,1,1,0,0,0,0,0,0,0,0,0,0
220494,1,1,0,0,0,0,0,0,0,0,0,0
220494,2,1,0,0,0,0,0,0,0,0,0,0
220495,1,1,0,0,0,0,0,0,0,0,0,0
220495,2,1,0,0,0,0,0,0,0,0,0,0
220495,3,1,0,0,0,0,0,0,0,0,0,0
220495,4,1,0,0,0,0,0,0,0,0,0,0
220496,1,1,0,0,0,0,0,0,0,0,0,0
220497,1,1,3,3,3,3,3,3,3,3,3,3
220497,2,1,0,0,0,0,0,0,0,0,0,0
220498,1,1,18,0,0,0,0,12,0,22,0,19
220499,1,1,10,10,10,10,10,10,10,10,10,10
220500,1,1,26,26,26,26,26,26,26,26,26,26
220500,2,1,0,0,0,0,0,0,0,0,0,0
220501,1,1,0,0,0,0,0,0,0,0,0,0
220501,2,1,0,0,0,0,0,0,0,0,0,0
220502,1,1,0,0,0,0,0,0,16,0,0,0
220502,2,1,0,0,0,0,0,0,0,0,0,0
220503,1,1,29,29,29,29,29,29,29,29,29,29
220503,2,1,0,0,0,0,0,0,0,0,0,0
220504,1,1,0,0,0,0,0,0,0,0,0,0
220504,2,1,0,0,0,0,0,0,0,0,0,0
220505,1,1,0,0,0,0,0,0,0,0,0,0
220505,2,1,0,0,0,0,0,0,0,0,0,0
220506,1,1,0,0,0,0,0,0,0,0,0,0
220506,2,1,0,0,0,15,0,14,0,17,0,0
220507,0,1,0,0,0,0,0,0,0,0,0,0
220507,1,1,0,0,0,0,0,0,0,0,0,0
220508,1,1,0,0,0,0,0,0,0,0,0,0
220509,1,1,14,14,14,14,14,14,14,14,14,14
220510,1,1,13,13,13,13,13,13,13,13,13,13
220510,2,1,0,0,0,0,0,0,0,0,0,0
220511,1,1,0,17,22,0,0,38,31,25,0,0
220511,2,1,0,0,0,0,0,0,0,0,0,0
220512,0,1,0,0,0,0,0,0,0,0,0,0
220512,1,1,0,0,0,0,0,0,0,0,0,0
220513,1,1,0,0,0,0,0,0,0,0,0,0
220514,1,1,0,0,0,0,0,0,0,0,0,0
220514,2,1,0,0,0,0,0,0,0,0,0,0
220515,1,1,0,0,0,0,0,0,0,0,0,0
220516,1,1,14,14,14,14,14,14,14,14,14,14
220517,1,1,24,24,24,24,24,24,24,24,24,24
220518,1,1,0,0,0,0,0,0,0,0,0,0
220518,2,1,0,0,0,0,0,0,0,0,0,0
220519,1,1,14,14,14,14,14,14,14,14,14,14
220520,1,1,0,0,0,0,0,0,0,0,0,0
220520,2,1,8,8,8,8,8,8,8,8,8,8
220521,1,1,0,0,0,0,0,0,0,0,0,0
220521,2,1,0,0,0,0,0,0,0,0,0,0
220522,1,1,18,18,18,18,18,18,18,18,18,18
220523,1,1,13,13,13,13,13,13,13,13,13,13
220524,1,1,9,9,9,9,9,9,9,9,9,9
220524,2,1,0,0,0,0,0,0,0,0,0,0
220525,1,1,0,0,0,0,0,0,0,0,0,0
220525,2,1,0,16,0,0,0,0,31,0,0,0
220526,1,1,0,0,0,0,0,0,0,0,0,0
220526,2,1,0,0,0,0,0,0,0,0,0,0
220527,1,1,0,0,0,0,5,0,0,32,10,0
220527,2,1,0,0,0,0,0,0,0,0,0,0
220529,0,1,0,0,0,9,0,0,0,0,0,0
220529,1,1,0,0,0,0,0,0,15,0,47,0
220530,1,1,0,0,0,0,0,0,0,0,0,0
220531,0,1,5,5,5,5,5,5,5,5,5,5
220531,1,1,0,0,0,0,0,0,0,0,0,0
220531,2,1,0,0,0,0,0,0,0,0,0,0
220532,1,1,23,23,23,23,23,23,23,23,23,23
220532,2,1,0,0,0,0,0,0,0,0,0,0
220533,1,1,0,0,0,0,0,0,0,0,0,0
220533,2,1,0,0,0,0,0,0,0,0,0,0
220534,0,1,0,0,3,0,22,13,10,0,0,0
220534,1,1,0,0,0,0,0,0,0,0,0,0
220535,1,1,0,0,0,0,0,0,0,0,0,0
220535,2,1,5,5,5,5,5,5,5,5,5,5
220536,1,1,0,0,0,0,0,0,0,0,0,0
220536,2,1,0,5,0,0,0,6,0,0,0,0
220536,3,1,0,0,0,0,0,0,0,0,0,0
220537,1,1,0,0,0,0,0,0,0,0,0,0
220537,2,1,0,0,0,0,0,0,0,0,0,0
220538,1,1,0,0,0,0,0,0,0,0,0,0
220539,1,1,0,0,0,0,0,0,0,0,0,0
220539,2,1,0,0,0,0,0,0,0,0,0,0
220541,1,1,0,0,0,0,0,0,0,0,0,0
220542,1,1,0,9,23,0,0,0,0,0,0,0
220542,2,1,0,0,0,0,0,0,0,0,0,0
220543,0,1,29,29,29,29,29,29,29,29,29,29
220543,1,1,4,4,4,4,4,4,4,4,4,4
220544,1,1,22,22,22,22,22,22,22,22,22,22
220544,2,1,0,0,0,0,0,0,0,0,0,16
220544,3,1,0,0,0,0,0,0,0,0,0,0
220544,4,1,0,0,14,0,0,0,0,0,0,0
220545,0,1,0,0,0,0,0,0,0,0,0,0
220545,1,1,0,0,0,0,0,0,0,0,0,0
220545,2,1,0,0,0,0,0,0,0,0,0,0
220546,0,1,0,0,34,27,0,0,17,0,30,23
220546,1,1,0,0,0,0,0,0,0,0,0,0
220547,0,1,0,0,0,0,0,0,0,0,0,0
220547,1,1,0,0,0,0,0,0,0,0,0,0
220548,1,1,0,0,0,0,0,0,0,0,0,0
220549,1,1,9,9,9,9,9,9,9,9,9,9
220549,2,1,0,0,0,0,0,0,0,0,0,0
220550,1,1,0,0,0,0,0,0,0,0,0,0
220550,2,1,0,0,0,0,0,0,0,0,0,0
220551,1,1,0,0,0,0,0,0,0,0,0,0
220551,2,1,0,0,0,0,0,0,0,0,0,0
220552,0,1,12,12,12,12,12,12,12,12,12,12
220552,1,1,0,0,0,0,0,0,0,0,0,0
220553,1,1,0,0,0,0,0,0,0,0,0,0
220553,2,1,0,0,0,0,0,0,0,0,0,0
220554,1,1,0,0,0,0,0,0,0,0,0,0
220554,2,1,0,0,0,0,0,0,0,0,0,0
220555,1,1,0,0,0,0,0,0,0,0,0,0
220556,1,1,15,15,15,15,15,15,15,15,15,15
220557,1,1,22,22,22,22,22,22,22,22,22,22
220558,1,1,0,0,0,14,22,0,0,0,0,0
220559,1,1,4,4,4,4,4,4,4,4,4,4
220560,0,1,0,0,30,19,0,0,18,0,0,26
220560,0,2,0,7,12,19,0,15,0,0,3,0
220560,1,1,0,0,0,0,0,0,0,0,0,0
220561,1,1,0,0,0,0,0,0,0,0,0,0
220561,2,1,0,0,0,0,0,0,0,0,0,0
220562,1,1,26,26,26,26,26,26,26,26,26,26
220562,2,1,14,14,14,14,14,14,14,14,14,14
220563,1,1,0,0,0,0,0,0,0,0,0,0
220563,2,1,0,0,0,0,0,0,0,0,0,0
220564,1,1,0,0,0,0,0,0,0,0,0,0
220564,2,1,0,0,0,0,0,0,0,0,0,0
220565,1,1,11,14,0,0,0,0,0,18,0,0
220565,2,1,0,0,0,0,0,0,0,0,0,0
220565,3,1,0,0,0,0,0,0,0,0,0,0
220566,1,1,0,0,0,0,0,0,0,0,0,0
220566,2,1,0,0,0,0,0,0,0,0,0,0
220567,1,1,0,0,0,0,0,0,0,0,0,0
220567,2,1,0,0,0,0,0,0,0,0,0,0
220567,3,1,0,0,0,0,0,0,0,0,0,0
220568,1,1,0,0,13,0,14,0,8,0,6,0
220568,2,1,0,0,0,0,0,0,0,0,0,0
220569,1,1,10,20,8,27,9,23,24,30,20,25
220570,1,1,0,0,0,0,0,0,0,0,0,0
220570,2,1,0,0,0,0,0,8,0,12,0,0
220570,3,1,0,0,0,0,0,0,0,0,0,0
220570,4,1,0,0,0,0,0,0,0,0,0,19
220571,0,1,0,0,0,0,0,0,0,0,0,0
220571,1,1,0,0,0,0,0,0,0,0,0,0
220572,0,1,0,0,0,0,0,0,0,0,0,0
220572,1,1,0,0,0,0,0,0,0,0,0,0
220573,1,1,0,0,0,0,0,0,0,0,0,0
220574,1,1,0,0,0,0,0,0,0,0,0,0
220574,2,1,0,0,0,0,0,0,0,0,0,0
220575,1,1,0,0,0,0,0,0,0,0,0,0
220576,1,1,13,13,13,13,13,13,13,13,13,13
220576,2,1,0,0,0,0,0,0,0,0,0,0
220577,0,1,0,0,0,0,0,0,22,26,19,0
220577,1,1,0,0,0,0,0,0,0,0,0,0
220578,1,1,0,0,0,0,0,0,0,0,0,0
220578,2,1,0,0,0,0,0,0,0,0,0,0
220578,3,1,0,0,0,0,0,0,0,0,0,0
220579,1,1,11,11,11,11,11,11,11,11,11,11
220580,1,1,0,0,0,0,0,0,0,0,0,0
220580,2,1,0,0,0,0,0,0,0,0,0,0
220581,1,1,0,0,0,0,0,0,0,0,0,0
220581,2,1,0,0,0,0,0,0,0,0,0,0
220582,1,1,0,0,0,0,0,0,0,0,0,0
220582,2,1,0,0,0,0,0,0,0,0,0,0
220583,1,1,0,10,0,0,0,0,0,0,0,0
220583,2,1,0,0,0,0,0,0,0,0,0,0
220584,1,1,0,0,0,0,0,0,0,0,0,31
220584,2,1,0,0,0,0,0,0,12,10,0,10
220585,1,1,13,13,13,13,13,13,13,13,13,13
220586,0,1,13,13,13,13,13,13,13,13,13,13
220586,1,1,0,0,0,0,0,0,0,0,0,0
220587,1,1,0,0,0,0,0,0,0,0,0,0
220587,2,1,9,9,9,9,9,9,9,9,9,9
220587,3,1,1,1,1,1,1,1,1,1,1,1
220588,1,1,0,0,0,0,0,0,0,0,0,0
220588,2,1,0,0,0,0,0,0,0,0,0,0
220591,0,1,35,35,35,35,35,35,35,35,35,35
220591,1,1,0,0,0,0,0,0,0,0,0,0
220592,1,1,0,0,0,0,0,0,0,0,0,0
220593,1,1,0,0,0,0,0,0,0,0,0,0
220593,2,1,0,0,0,0,0,0,0,0,0,0
220593,3,1,0,0,0,0,0,0,0,0,0,0
220593,4,1,0,31,0,27,0,0,0,0,0,0
220594,0,1,0,0,0,0,0,0,0,0,0,0
220594,1,1,0,0,0,0,0,0,0,0,0,0
220595,1,1,0,0,0,0,0,0,0,0,0,0
220596,1,1,20,20,20,20,20,20,20,20,20,20
220596,2,1,0,0,0,0,0,0,0,0,0,0
220597,1,1,0,0,0,0,0,0,0,0,0,0
220597,2,1,0,0,0,0,0,12,20,0,0,0
220598,1,1,5,5,5,5,5,5,5,5,5,5
220598,2,1,0,0,0,0,0,0,0,0,0,0
220598,3,1,0,0,0,0,27,0,0,0,0,0
220599,1,1,0,0,0,0,0,0,0,0,0,0
220599,2,1,0,0,0,0,0,0,0,0,0,0
220600,1,1,0,0,0,0,0,0,0,0,0,0
220601,1,1,4,4,4,4,4,4,4,4,4,4
220601,2,1,0,0,0,0,0,0,0,0,0,0
220602,0,1,16,16,16,16,16,16,16,16,16,16
220602,1,1,18,18,18,18,18,18,18,18,18,18
220603,1,1,0,0,16,0,0,0,0,0,0,0
220604,1,1,0,0,0,0,0,0,0,0,0,0
220604,2,1,0,0,0,0,0,0,0,0,0,0
220605,1,1,0,0,0,0,0,0,0,0,0,0
220607,1,1,0,0,0,0,0,0,0,0,0,0
220607,2,1,0,0,0,0,0,0,0,0,0,0
220608,1,1,15,15,15,15,15,15,15,15,15,15
220608,2,1,0,0,0,0,8,0,0,16,0,0
220609,1,1,6,6,6,6,6,6,6,6,6,6
220609,2,1,18,0,0,0,14,0,17,0,0,0
220610,1,1,0,0,0,0,0,0,0,0,0,0
220611,1,1,0,0,0,0,0,0,0,0,0,0
220611,2,1,0,0,0,0,0,0,0,0,0,0
220612,1,1,0,0,0,0,0,0,0,0,0,0
220612,2,1,0,0,0,0,0,0,0,0,0,0
220613,0,1,17,17,17,17,17,17,17,17,17,17
220613,1,1,17,17,17,17,17,17,17,17,17,17
220614,1,1,0,0,0,0,0,0,0,0,0,0
220615,1,1,0,0,20,17,0,0,0,0,0,5
220615,2,1,0,0,0,0,0,0,0,0,0,0
220616,1,1,0,0,0,0,0,0,0,0,0,0
220616,2,1,0,0,0,0,0,0,0,0,0,0
220617,1,1,0,0,0,0,0,0,0,0,0,0
220617,2,1,0,0,0,0,0,0,0,0,0,0
220618,0,1,8,8,8,8,8,8,8,8,8,8
220618,1,1,0,0,0,0,0,0,0,0,0,0
220619,0,1,0,0,0,0,0,0,0,0,0,0
220619,1,1,0,0,0,0,0,0,0,0,0,0
220620,1,1,28,28,28,28,28,28,28,28,28,28
220621,0,1,15,15,15,15,15,15,15,15,15,15
220621,1,1,0,0,30,5,20,2,0,10,16,0
220622,1,1,18,18,18,18,18,18,18,18,18,18
220623,1,1,25,24,0,0,0,0,8,18,25,0
220624,1,1,9,0,12,0,0,0,0,0,0,0
220625,1,1,0,0,0,0,22,0,0,0,0,0
220625,2,1,0,0,0,0,0,7,0,0,0,0
220626,1,1,18,18,18,18,18,18,18,18,18,18
220627,1,1,0,0,0,0,0,0,0,0,0,0
220628,1,1,0,0,0,0,0,0,0,0,0,0
220629,0,1,0,0,0,0,0,0,0,0,0,0
220629,1,1,0,0,0,0,0,0,0,0,0,0
220630,0,1,15,7,0,0,0,0,14,18,21,0
220630,1,1,0,0,0,0,0,0,0,0,0,0
220631,1,1,0,0,0,0,0,17,21,13,14,0
220632,1,1,14,14,14,14,14,14,14,14,14,14
220633,1,1,0,0,0,0,0,0,0,0,0,0
220633,2,1,0,0,0,0,0,0,0,0,0,0
220634,1,1,0,0,0,0,0,0,0,0,0,0
220634,2,1,0,0,0,0,0,0,0,0,0,0
220635,1,1,0,0,0,0,0,0,0,0,0,0
220636,1,1,0,0,0,0,0,0,0,0,0,0
220636,2,1,0,0,0,0,0,0,0,0,0,0
220637,1,1,31,31,31,31,31,31,31,31,31,31
220638,1,1,27,27,27,27,27,27,27,27,27,27
220639,0,1,19,19,19,19,19,19,19,19,19,19
220639,1,1,0,0,0,0,0,0,0,0,0,0
220640,1,1,0,0,0,10,0,0,0,0,0,0
220640,2,1,0,0,0,0,0,0,0,0,0,0
220641,0,1,32,32,32,32,32,32,32,32,32,32
220641,1,1,9,9,9,9,9,9,9,9,9,9
220642,1,1,20,19,9,16,5,0,22,9,2,9
220643,1,1,0,0,0,0,0,0,0,0,0,0
220644,1,1,0,0,13,33,0,11,29,10,0,0
220645,1,1,24,24,24,24,24,24,24,24,24,24
220645,2,1,0,0,0,0,0,0,0,0,0,0
220645,3,1,0,0,0,0,0,0,0,0,0,0
220646,1,1,0,0,0,0,0,0,0,17,0,16
220648,0,1,0,0,0,0,0,0,0,0,0,0
220648,1,1,0,0,0,0,0,0,0,0,0,0
220649,1,1,0,0,0,0,0,0,0,0,0,0
220650,1,1,24,24,24,24,24,24,24,24,24,24
220651,1,1,17,0,0,2,0,0,6,15,0,0
220652,1,1,14,14,14,14,14,14,14,14,14,14
220652,2,1,0,0,0,0,0,0,0,0,0,0
220653,0,1,0,9,0,0,0,0,0,0,37,0
220653,1,1,0,0,0,0,0,0,0,0,0,0
220654,1,1,19,19,19,19,19,19,19,19,19,19
220654,2,1,9,9,9,9,9,9,9,9,9,9
220655,1,1,0,0,0,0,0,0,0,0,0,0
220656,0,1,22,22,22,22,22,22,22,22,22,22
220656,1,1,0,21,0,3,0,0,0,8,11,0
220657,0,1,34,21,6,14,0,0,15,14,14,0
220657,0,2,11,11,11,11,11,11,11,11,11,11
220657,1,1,0,0,0,0,0,0,0,0,0,0
220658,1,1,0,0,0,0,0,0,17,0,0,0
220658,2,1,0,0,0,0,0,0,0,0,0,0
220659,1,1,14,14,14,14,14,14,14,14,14,14
220659,2,1,0,0,0,0,0,0,0,0,0,0
220660,1,1,0,0,0,0,0,0,0,0,0,0
220661,1,1,9,0,0,0,0,0,0,0,0,0
220662,0,1,0,0,7,0,0,56,0,28,0,0
220662,1,1,0,0,0,0,0,0,0,0,0,0
220663,0,1,0,0,0,0,0,0,0,0,0,0
220663,1,1,25,25,25,25,25,25,25,25,25,25
220664,1,1,18,18,18,18,18,18,18,18,18,18
220665,1,1,0,0,0,0,0,0,0,0,0,0
220665,2,1,0,0,0,0,0,0,0,0,0,0
220665,3,1,0,0,0,0,0,0,0,0,0,0
220666,1,1,0,15,0,0,17,0,17,0,0,0
220667,1,1,0,0,0,0,0,0,19,28,0,0
220668,1,1,0,0,0,0,0,0,0,0,0,0
220668,2,1,0,0,0,0,0,0,0,0,0,0
220669,0,1,0,29,21,17,31,31,21,15,15,0
220669,2,1,0,0,0,0,0,0,0,0,0,0
220670,1,1,23,23,23,23,23,23,23,23,23,23
220671,1,1,0,0,0,0,0,0,0,0,0,0
220672,0,1,14,22,23,10,19,16,13,15,11,31
220672,1,1,0,0,0,0,0,0,0,0,0,0
220673,0,1,0,0,0,0,0,0,0,0,0,0
220673,1,1,0,0,0,0,0,0,0,0,0,0
220674,1,1,0,0,0,0,0,0,0,0,0,0
220675,0,1,0,0,0,0,0,0,0,0,0,0
220675,1,1,0,11,0,0,0,0,0,0,0,0
220676,1,1,20,12,12,11,22,0,0,17,28,7
220677,0,1,0,20,0,0,14,0,0,12,0,0
220677,1,1,0,0,0,0,0,0,0,0,0,0
220678,1,1,0,0,0,0,0,0,0,0,0,0
220678,2,1,0,0,0,0,0,0,0,0,0,0
220679,1,1,0,0,0,0,0,0,0,0,24,0
220679,2,1,24,0,0,0,0,0,0,0,0,0
220679,3,1,0,0,0,0,0,0,0,12,15,0
220680,1,1,3,3,3,3,3,3,3,3,3,3
220680,2,1,0,0,0,0,0,0,0,0,0,0
220681,0,1,28,28,28,28,28,28,28,28,28,28
220681,1,1,0,0,0,0,0,0,0,0,0,0
220682,1,1,0,0,0,0,0,0,0,0,0,0
220683,1,1,0,0,0,0,0,0,0,0,0,0
220683,2,1,0,0,0,0,6,0,0,0,0,0
220683,3,1,0,0,0,0,0,0,0,0,0,0
220684,1,1,5,0,0,0,0,0,0,0,0,0
220685,0,1,24,24,24,24,24,24,24,24,24,24
220685,1,1,13,0,0,0,15,10,0,0,0,0
220686,1,1,0,0,0,0,0,0,0,0,0,3
220687,1,1,0,0,0,15,0,0,0,0,0,0
220687,2,1,0,0,0,0,0,0,0,0,0,0
220688,1,1,0,0,6,0,9,0,0,0,0,0
220688,2,1,0,0,0,0,0,0,0,0,0,0
220689,1,1,0,0,0,0,0,0,0,0,0,0
220689,2,1,0,0,0,0,0,0,0,0,0,0
220690,1,1,0,0,0,0,0,0,0,0,0,0
220691,1,1,27,0,0,0,4,0,0,0,21,0
220692,1,1,0,0,0,0,0,0,0,0,0,0
220692,2,1,0,0,0,0,0,11,0,0,0,0
220692,3,1,0,0,0,0,0,0,0,0,0,0
220693,1,1,0,11,6,0,0,6,15,14,36,27
220694,0,1,0,0,5,0,0,0,14,0,0,22
220694,1,1,0,0,0,0,0,0,0,0,0,0
220695,1,1,0,0,0,0,0,0,0,0,0,0
220695,2,1,0,0,0,0,0,0,0,14,0,0
220696,0,1,0,24,17,19,0,9,0,0,26,21
220696,1,1,0,0,0,0,0,0,25,0,0,0
220697,1,1,0,0,0,0,0,0,0,0,0,0
220697,2,1,0,0,0,0,0,0,0,0,0,0
220698,1,1,0,0,17,0,0,0,0,0,0,0
220699,1,1,0,0,0,0,0,0,0,0,0,0
220700,1,1,0,0,0,0,0,0,0,0,0,0
220700,2,1,0,0,0,0,0,0,0,0,0,0
220701,1,1,0,0,0,0,0,0,0,0,3,0
220702,1,1,0,14,0,26,0,3,0,22,0,15
230001,1,1,15,15,15,15,15,15,15,15,15,15
230002,1,1,20,20,20,20,20,20,20,20,20,20
230003,1,1,0,0,0,0,0,0,0,0,0,0
230003,2,1,0,0,0,0,0,0,0,0,0,0
230004,1,1,0,0,0,0,0,0,0,0,0,0
230004,2,1,0,0,0,0,0,0,0,0,0,0
230005,0,1,17,17,17,17,17,17,17,17,17,17
230005,1,1,17,17,17,17,17,17,17,17,17,17
230006,1,1,22,22,22,22,22,22,22,22,22,22
230007,0,1,0,0,0,0,0,0,0,0,0,0
230007,1,1,5,5,5,5,5,5,5,5,5,5
230008,0,1,1,1,1,1,1,1,1,1,1,1
230008,1,1,0,0,0,0,0,0,0,0,0,0
230009,1,1,0,0,0,0,0,0,0,0,0,0
230009,2,1,0,0,0,0,0,0,0,0,0,0
230010,0,1,0,0,0,0,0,0,0,0,0,0
230010,1,1,0,0,0,0,0,0,0,0,0,0
230011,1,1,0,0,44,0,0,0,0,0,0,26
230011,2,1,0,0,0,0,0,14,0,0,0,0
230012,1,1,4,4,4,4,4,4,4,4,4,4
230013,1,1,0,0,0,0,0,0,0,0,0,0
230014,1,1,0,0,0,0,0,0,0,0,0,0
230014,2,1,0,0,0,0,0,0,0,0,0,0
230015,1,1,0,0,0,0,0,0,0,0,0,0
230015,2,1,0,0,0,0,0,0,0,0,0,0
230016,1,1,22,22,22,22,22,22,22,22,22,22
230016,2,1,0,0,0,0,0,0,0,0,0,0
230017,1,1,0,0,0,0,0,0,0,0,0,0
230018,1,1,0,0,0,0,0,0,0,0,0,0
230018,2,1,0,0,0,0,0,0,0,0,0,0
230019,1,1,24,24,24,24,24,24,24,24,24,24
230020,1,1,14,14,14,14,14,14,14,14,14,14
230022,1,1,0,0,0,0,0,0,0,0,0,0
230022,2,1,0,0,0,0,0,0,0,0,0,0
230023,1,1,24,24,24,24,24,24,24,24,24,24
230024,1,1,0,0,0,0,0,0,0,0,0,0
230024,2,1,0,0,0,0,0,0,0,0,0,0
230025,1,1,14,14,14,14,14,14,14,14,14,14
230025,2,1,0,0,0,0,0,0,0,0,0,0
230026,1,1,0,0,0,0,0,0,0,0,0,0
230027,1,1,30,30,30,30,30,30,30,30,30,30
230028,1,1,13,13,13,13,13,13,13,13,13,13
230029,1,1,0,0,0,0,0,0,0,0,0,0
230030,1,1,26,26,26,26,26,26,26,26,26,26
230031,1,1,20,20,20,20,20,20,20,20,20,20
230032,1,1,0,0,0,0,0,0,0,0,0,0
230033,1,1,0,0,0,0,0,0,0,0,0,0
230034,1,1,0,0,0,0,0,0,0,0,0,0
230035,1,1,12,12,12,12,12,12,12,12,12,12
230036,0,1,0,34,0,33,14,0,0,0,12,2
230036,1,1,0,0,0,0,0,0,0,0,0,0
230037,1,1,0,0,0,0,0,0,0,0,0,0
230038,1,1,13,13,13,13,13,13,13,13,13,13
230039,1,1,0,0,0,0,0,0,0,0,0,0
230039,2,1,0,0,0,0,0,0,0,0,0,0
230040,1,1,1,1,1,1,1,1,1,1,1,1
230041,1,1,0,0,0,0,0,0,0,0,0,0
230041,2,1,0,0,0,0,0,0,0,0,0,0
230042,1,1,0,0,0,0,0,0,0,0,0,0
230043,1,1,0,0,0,0,0,0,0,0,0,0
230043,2,1,0,0,0,0,0,0,0,0,0,0
230044,1,1,4,4,4,4,4,4,4,4,4,4
230045,1,1,23,23,23,23,23,23,23,23,23,23
230046,1,1,21,21,21,21,21,21,21,21,21,21