ST_CASE,VEH_NO,PER_NO,P1,P2,P3,P4,P5,P6,P7,P8,P9,P10
240214,1,1,28,28,28,28,28,28,28,28,28,28
240215,1,1,0,0,0,0,0,0,0,0,0,0
240215,2,1,0,0,0,0,0,0,0,0,0,0
240216,1,1,9,9,9,9,9,9,9,9,9,9
240217,1,1,0,0,0,0,0,0,0,0,0,0
240217,2,1,0,0,0,0,0,0,0,0,0,0
240218,1,1,17,17,17,17,17,17,17,17,17,17
240219,1,1,0,0,0,0,0,0,0,0,0,0
240219,2,1,0,0,0,0,0,0,0,0,0,0
240220,0,1,0,0,0,0,0,0,0,0,0,0
240220,1,1,0,0,0,0,0,0,15,0,24,5
240221,1,1,0,0,0,0,0,0,0,0,0,0
240221,2,1,0,0,0,0,9,0,0,0,0,0
240222,1,1,17,17,17,17,17,17,17,17,17,17
240223,1,1,10,10,10,10,10,10,10,10,10,10
240224,1,1,0,0,0,0,0,0,0,0,0,0
240225,1,1,0,0,0,0,0,0,0,0,0,0
240226,1,1,0,0,0,0,0,0,0,0,0,0
240226,2,1,0,0,0,0,0,0,0,0,0,0
240227,1,1,0,0,0,0,0,0,0,0,0,0
240227,2,1,0,0,0,0,0,17,0,8,0,0
240227,3,1,0,0,0,0,26,0,0,0,0,0
240228,1,1,0,0,0,0,0,0,0,0,0,0
240228,2,1,0,0,0,0,0,0,0,0,0,0
240229,1,1,0,0,0,0,0,0,0,0,0,0
240229,2,1,0,0,0,0,0,0,0,0,0,0
240230,1,1,24,0,23,0,0,0,0,0,0,0
240231,1,1,0,0,0,0,0,0,0,0,0,0
240231,2,1,4,4,4,4,4,4,4,4,4,4
240231,3,1,0,0,11,0,0,0,0,0,0,0
240232,1,1,0,0,23,0,0,0,0,0,0,11
240232,2,1,0,0,0,0,0,0,0,0,0,0
240232,3,1,0,0,0,0,0,8,0,0,0,0
240232,4,1,0,0,0,0,0,0,9,0,0,0
240232,5,1,0,0,0,0,0,0,0,0,0,5
240233,1,1,18,18,18,18,18,18,18,18,18,18
240234,1,1,0,0,0,0,0,0,0,0,0,0
240235,0,1,0,0,0,0,0,14,0,36,0,0
240235,1,1,6,0,0,0,0,16,0,0,0,0
240235,2,1,0,12,0,0,0,0,5,0,0,0
240236,1,1,0,0,0,0,0,0,0,0,0,0
240237,1,1,0,0,0,0,0,0,0,0,0,0
240237,2,1,0,0,0,0,0,0,0,0,0,0
240238,1,1,6,20,0,0,0,0,0,0,0,0
240238,2,1,0,0,0,0,0,0,0,0,0,0
240239,1,1,0,0,0,0,0,0,0,0,0,0
240239,2,1,0,0,0,0,0,0,0,0,0,0
240240,1,1,14,14,14,14,14,14,14,14,14,14
240240,2,1,0,0,0,0,0,23,12,0,0,0
240241,1,1,0,0,0,0,0,0,0,0,0,0
240242,1,1,0,0,0,0,0,0,0,0,0,0
240243,0,1,4,4,4,4,4,4,4,4,4,4
240243,1,1,0,0,0,0,0,0,0,0,0,0
240244,1,1,0,26,0,0,0,0,0,0,0,0
240244,2,1,0,0,0,0,0,0,0,0,30,0
240245,1,1,15,15,15,15,15,15,15,15,15,15
240245,2,1,0,0,0,0,0,0,0,0,0,0
240246,1,1,30,30,30,30,30,30,30,30,30,30
240247,1,1,27,27,27,27,27,27,27,27,27,27
240247,2,1,0,0,0,0,0,0,0,0,0,0
240247,3,1,0,0,0,0,0,0,0,0,0,0
240248,1,1,0,0,0,0,0,0,5,0,0,0
240248,2,1,0,0,0,0,0,0,0,0,0,0
240249,1,1,0,0,0,0,0,0,0,0,0,0
240250,1,1,14,14,14,14,14,14,14,14,14,14
240250,2,1,0,0,0,0,0,0,0,0,0,0
240251,1,1,26,7,17,15,20,0,11,20,3,10
240252,1,1,0,0,0,0,0,0,0,0,0,0
240252,2,1,0,0,0,0,0,0,0,0,0,0
240252,3,1,0,0,0,0,0,0,0,0,0,0
240253,1,1,0,0,0,0,0,0,0,0,0,0
240253,2,1,0,0,0,0,0,0,0,0,0,0
240254,1,1,0,0,0,0,0,0,0,0,0,0
240254,2,1,0,0,0,0,0,0,0,0,0,0
240254,3,1,0,0,0,0,0,0,0,0,0,0
240255,1,1,0,0,0,0,0,0,0,0,0,0
240255,2,1,0,0,0,0,0,0,0,0,0,0
240255,3,1,0,0,0,0,24,0,0,0,0,0
240256,1,1,18,18,18,18,18,18,18,18,18,18
240256,2,1,0,0,0,0,0,0,0,0,0,0
240257,1,1,7,12,0,0,0,7,0,15,0,0
240257,2,1,0,0,0,0,0,0,0,0,0,0
240258,0,1,0,0,0,0,0,0,0,0,0,0
240258,0,2,0,0,0,0,0,0,0,0,0,0
240258,2,1,0,0,0,0,0,0,0,0,7,0
240259,1,1,0,0,0,0,0,0,0,0,0,0
240260,1,1,0,0,0,0,0,0,0,0,0,0
240260,2,1,0,0,0,0,0,0,0,0,0,0
240261,0,1,0,0,0,0,0,0,0,0,0,0
240261,1,1,0,0,0,0,0,0,0,0,0,0
240262,1,1,2,2,2,2,2,2,2,2,2,2
240262,2,1,0,0,0,0,0,0,0,0,0,0
240263,0,1,0,0,0,0,0,0,0,0,0,0
240263,1,1,8,0,7,0,0,0,12,0,0,0
240263,2,1,0,0,0,11,0,0,23,8,0,0
240264,1,1,0,0,0,0,0,0,0,0,0,0
240264,2,1,0,0,0,0,0,0,0,0,0,0
240265,1,1,2,2,2,2,2,2,2,2,2,2
240266,1,1,0,5,10,0,0,0,9,36,0,6
240267,0,1,0,0,0,0,0,0,0,0,0,0
240267,1,1,0,0,0,0,0,0,0,0,14,0
240267,2,1,0,0,12,0,0,0,0,20,0,0
240268,1,1,14,14,14,14,14,14,14,14,14,14
240268,2,1,0,0,0,0,0,0,0,0,0,0
240269,1,1,0,0,0,0,0,0,0,0,0,0
240269,2,1,0,0,7,0,0,0,0,31,0,0
240270,1,1,0,0,0,0,0,0,0,0,0,0
240271,0,1,0,0,0,0,0,0,0,0,0,0
240271,1,1,0,0,0,0,0,0,0,0,0,0
240272,1,1,0,0,0,0,0,0,0,11,0,0
240272,2,1,0,0,0,0,0,0,0,0,0,0
240273,1,1,22,22,22,22,22,22,22,22,22,22
240273,2,1,0,0,0,0,0,0,0,0,0,0
240274,1,1,9,16,0,12,13,10,0,4,0,19
240275,0,1,0,0,0,0,11,0,0,0,0,0
240275,0,2,0,0,0,0,0,0,0,0,0,0
240275,1,1,0,0,0,0,0,0,0,0,0,0
240276,1,1,0,0,0,0,0,0,0,0,0,0
240276,2,1,0,0,0,0,0,0,0,0,0,0
240277,0,1,0,0,0,0,0,0,0,0,0,0
240277,1,1,0,0,0,0,15,0,0,0,0,0
240278,0,1,22,22,22,22,22,22,22,22,22,22
240278,1,1,0,0,0,0,0,0,0,0,0,0
240278,2,1,0,0,0,0,0,0,0,28,16,0
240279,1,1,0,0,0,0,0,0,0,0,0,0
240280,1,1,13,13,13,13,13,13,13,13,13,13
240280,2,1,0,0,0,0,0,0,0,0,0,0
240281,1,1,0,0,0,0,0,0,0,0,0,0
240281,2,1,0,0,0,0,0,0,0,0,0,0
240282,0,1,0,0,0,0,0,0,0,0,0,0
240282,1,1,0,0,0,0,0,0,0,0,0,0
240283,1,1,0,0,0,0,0,0,0,0,0,0
240283,2,1,0,0,0,0,0,0,0,0,0,0
240284,1,1,19,19,19,19,19,19,19,19,19,19
240285,1,1,0,0,0,0,0,0,0,0,0,0
240285,2,1,0,0,0,0,0,0,0,0,0,0
240286,0,1,0,0,0,0,0,0,0,0,0,0
240286,1,1,0,0,0,0,0,0,0,0,0,0
240287,1,1,7,0,0,0,0,0,0,0,0,0
240288,1,1,0,0,0,0,0,0,0,0,0,0
240289,0,1,33,33,33,33,33,33,33,33,33,33
240289,1,1,0,0,0,0,0,0,0,0,0,0
240290,1,1,26,0,27,19,9,0,0,6,0,0
240291,1,1,20,20,20,20,20,20,20,20,20,20
240292,1,1,0,0,0,0,0,0,0,0,0,0
240292,2,1,0,0,0,0,0,5,0,0,0,0
240293,1,1,11,11,11,11,11,11,11,11,11,11
240293,2,1,0,0,0,0,0,0,0,0,0,0
240294,1,1,6,6,6,6,6,6,6,6,6,6
240295,1,1,0,0,0,0,0,0,0,0,0,0
240295,2,1,9,9,9,9,9,9,9,9,9,9
240296,1,1,0,0,0,0,0,0,0,0,0,0
240296,2,1,0,0,0,0,0,0,0,0,0,18
240297,1,1,0,0,0,0,0,0,0,0,0,0
240298,1,1,0,0,0,0,0,0,0,0,0,0
240299,1,1,0,0,0,0,0,0,0,0,0,0
240299,2,1,0,0,0,0,0,0,0,0,0,0
240300,1,1,7,7,7,7,7,7,7,7,7,7
240301,1,1,0,0,0,0,0,0,0,0,0,0
240302,1,1,3,3,3,3,3,3,3,3,3,3
240302,2,1,0,0,0,0,0,0,0,0,0,0
240303,0,1,0,0,0,0,0,0,0,0,0,0
240303,1,1,0,0,15,6,5,0,12,0,9,0
240304,1,1,0,0,0,0,0,0,0,0,0,0
240305,1,1,18,18,18,18,18,18,18,18,18,18
240305,2,1,0,0,0,0,0,0,0,17,0,0
240306,1,1,0,0,0,0,0,0,0,0,0,0
240307,1,1,0,0,0,0,0,0,0,0,0,0
240307,2,1,0,0,0,0,0,0,0,0,0,0
240308,1,1,0,0,0,0,0,0,0,0,0,0
240308,2,1,0,0,0,0,0,0,0,0,0,0
240308,3,1,0,0,0,0,0,0,0,11,0,0
240309,1,1,5,0,0,0,0,0,0,0,0,0
240309,2,1,0,0,0,0,0,0,0,0,0,0
240310,1,1,4,4,4,4,4,4,4,4,4,4
240311,1,1,0,0,0,0,0,0,0,0,0,0
240311,2,1,0,0,0,0,0,0,0,0,0,0
240312,1,1,7,0,0,0,0,14,0,13,0,0
240312,2,1,0,0,6,0,0,0,0,0,0,0
240313,1,1,0,0,0,0,0,0,0,0,0,0
240313,2,1,0,0,0,0,0,0,0,0,0,0
240314,0,1,0,0,0,0,0,31,0,34,0,32
240314,1,1,0,0,16,0,0,0,18,0,0,21
240315,1,1,5,5,5,5,5,5,5,5,5,5
240316,1,1,0,0,0,0,0,0,0,0,0,0
240316,2,1,0,0,0,0,0,0,0,0,0,0
240317,1,1,0,0,0,0,0,0,0,0,0,0
240317,2,1,0,0,0,0,0,0,0,0,0,0
240318,1,1,3,3,3,3,3,3,3,3,3,3
240319,1,1,0,0,0,0,0,0,0,0,0,0
240320,1,1,20,9,13,10,0,20,0,0,0,15
240321,1,1,13,13,13,13,13,13,13,13,13,13
240321,2,1,0,0,0,0,0,0,0,0,0,0
240322,1,1,15,15,15,15,15,15,15,15,15,15
240323,0,1,20,20,20,20,20,20,20,20,20,20
240323,1,1,0,0,0,0,0,0,0,0,0,0
240324,0,1,0,0,0,0,0,0,0,0,0,0
240324,1,1,0,0,0,10,0,0,0,0,0,0
240324,2,1,0,0,0,0,0,0,17,0,0,0
240325,1,1,0,0,0,0,0,0,0,0,0,0
240325,2,1,0,0,0,0,0,0,16,4,0,0
240326,1,1,0,0,0,0,0,0,0,0,0,0
240326,2,1,2,2,2,2,2,2,2,2,2,2
240326,3,1,0,0,0,0,0,0,0,0,0,0
240327,1,1,0,0,0,0,1,0,0,0,0,0
240327,2,1,0,0,19,0,0,0,0,0,31,0
240328,1,1,0,0,0,8,0,31,0,0,0,0
240329,1,1,0,0,0,0,0,0,0,0,0,0
240330,1,1,0,0,0,0,0,0,0,0,0,0
240331,1,1,16,16,16,16,16,16,16,16,16,16
240332,1,1,20,0,0,0,0,0,0,0,0,0
240332,2,1,0,0,0,0,0,0,0,0,0,0
240333,1,1,0,0,0,0,0,0,0,0,0,0
240333,2,1,0,0,0,0,0,0,0,0,0,0
240334,1,1,0,0,0,0,0,0,0,0,0,0
240334,2,1,0,0,0,0,0,0,0,0,0,0
240335,0,1,4,4,4,4,4,4,4,4,4,4
240335,1,1,9,15,38,0,14,0,18,5,14,15
240335,3,1,0,0,0,0,17,12,9,20,0,0
240336,1,1,0,0,0,0,0,0,0,0,0,0
240337,1,1,24,24,24,24,24,24,24,24,24,24
240338,1,1,18,18,18,18,18,18,18,18,18,18
240338,2,1,5,0,0,19,17,32,15,0,0,0
240339,1,1,0,0,0,0,0,0,0,0,0,0
240340,1,1,0,0,0,0,0,0,0,0,0,0
240340,2,1,0,0,0,9,0,0,0,0,0,0
240341,0,1,0,0,7,0,0,0,0,19,22,27
240341,0,2,10,0,0,0,0,21,0,0,0,0
240341,1,1,0,0,0,0,0,0,0,0,0,0
240342,1,1,0,0,0,0,0,0,0,0,0,0
240343,1,1,11,11,11,11,11,11,11,11,11,11
240344,1,1,0,0,0,0,0,0,0,0,0,0
240345,1,1,29,0,0,0,0,0,0,0,0,0
240345,2,1,16,0,0,0,0,0,0,0,0,0
240346,1,1,0,0,12,0,0,0,0,0,0,12
240346,2,1,0,0,0,0,0,0,0,0,0,0
240347,1,1,0,0,0,0,0,0,0,0,0,0
240347,2,1,0,0,0,0,0,0,0,0,0,10
240348,1,1,0,0,0,0,0,0,0,0,0,0
240348,2,1,10,10,10,10,10,10,10,10,10,10
240349,0,1,0,0,0,0,0,0,0,0,0,0
240349,1,1,0,0,0,0,0,0,0,0,0,0
240350,0,1,19,19,19,19,19,19,19,19,19,19
240350,1,1,0,0,0,0,0,0,0,0,0,0
240351,1,1,0,0,0,0,0,0,0,0,0,0
240351,2,1,0,0,0,0,0,0,0,0,0,0
240352,0,1,27,0,0,20,0,0,0,0,0,0
240352,0,2,0,22,0,0,0,0,0,0,20,0
240352,1,1,0,0,0,0,0,0,0,0,0,0
240353,1,1,0,0,0,0,0,0,0,0,0,0
240354,0,1,0,0,0,0,0,0,0,0,0,0
240354,1,1,0,0,0,0,0,0,0,0,0,0
240355,1,1,0,0,0,0,0,0,0,0,0,0
240355,2,1,0,0,0,0,0,0,0,0,0,0
240356,1,1,0,0,11,0,0,18,0,21,18,0
240357,1,1,0,0,0,0,0,0,0,0,0,0
240358,1,1,0,0,0,0,0,0,0,0,0,0
240359,0,1,0,0,0,0,0,0,0,0,0,0
240359,1,1,0,0,0,0,0,0,0,0,0,0
240360,1,1,0,0,0,0,0,0,0,0,0,0
240361,0,1,0,0,0,0,0,0,0,0,0,0
240361,1,1,0,0,0,0,0,0,0,0,0,13
240362,1,1,12,12,12,12,12,12,12,12,12,12
240363,1,1,1,1,1,1,1,1,1,1,1,1
240364,0,1,0,0,0,0,0,0,0,0,0,0
240364,1,1,0,0,0,0,0,0,0,0,0,0
240365,1,1,28,28,28,28,28,28,28,28,28,28
240366,1,1,0,0,0,0,0,0,0,0,0,0
240367,1,1,0,0,18,0,8,8,11,3,0,0
240367,2,1,0,0,0,0,0,0,0,0,0,0
240368,1,1,19,19,19,19,19,19,19,19,19,19
240368,2,1,0,18,0,0,0,0,10,0,0,0
240369,1,1,28,28,28,28,28,28,28,28,28,28
240370,1,1,0,0,0,0,0,0,0,0,0,0
240370,2,1,0,0,17,0,0,0,0,0,0,0
240371,0,1,0,0,0,0,0,0,0,0,0,0
240371,0,2,0,0,0,0,0,0,0,0,0,0
240371,1,1,12,12,12,12,12,12,12,12,12,12
240372,0,1,7,7,7,7,7,7,7,7,7,7
240372,1,1,0,0,0,0,0,0,0,0,0,0
240373,1,1,19,19,19,19,19,19,19,19,19,19
240373,2,1,0,0,0,0,0,0,0,0,0,0
240373,3,1,0,0,0,0,0,0,6,0,0,0
240374,0,1,0,0,0,0,31,0,20,0,0,0
240374,1,1,0,10,0,0,7,12,0,10,14,0
240375,1,1,0,0,0,0,0,0,0,0,0,0
240376,1,1,12,0,13,24,5,0,29,9,17,14
240377,1,1,0,0,0,0,0,0,0,0,0,12
240377,2,1,8,0,10,14,0,7,10,19,0,0
240378,1,1,11,25,0,23,0,0,31,0,0,22
240379,0,1,33,33,33,33,33,33,33,33,33,33
240379,1,1,0,0,0,0,0,0,0,0,0,0
240380,1,1,0,0,0,0,0,0,0,0,0,0
240380,2,1,0,0,0,0,0,0,0,0,0,0
240381,0,1,24,24,24,24,24,24,24,24,24,24
240381,1,1,36,0,0,10,0,14,0,0,0,0
240382,1,1,0,0,0,0,0,0,0,0,0,0
240383,0,1,8,8,8,8,8,8,8,8,8,8
240383,1,1,0,0,0,0,0,0,0,0,0,0
240384,1,1,15,0,0,0,0,0,0,18,0,0
240384,2,1,0,0,0,0,0,0,0,0,0,0
240385,1,1,0,0,0,0,0,0,0,0,0,0
240385,2,1,0,0,0,0,0,0,0,0,0,0
240386,0,1,0,0,0,0,0,0,0,0,0,0
240386,1,1,0,12,16,24,7,18,10,14,5,12
240386,2,1,0,0,0,0,0,4,0,0,0,0
240387,0,1,0,0,0,0,0,0,0,0,0,0
240387,0,2,0,12,0,0,0,0,0,37,0,36
240387,1,1,19,0,0,0,17,0,0,0,0,0
240388,0,1,0,0,0,0,0,0,0,0,0,0
240388,1,1,0,0,0,0,0,0,0,0,0,0
240389,1,1,0,0,0,0,0,0,0,0,0,0
240389,2,1,0,0,0,4,0,0,0,0,12,0
240390,1,1,0,0,0,0,0,0,0,0,0,0
240391,1,1,0,0,0,0,0,0,0,0,0,0
240391,2,1,0,0,0,0,0,0,0,0,0,0
240392,1,1,0,0,0,0,0,0,0,0,0,0
240392,2,1,0,8,0,0,0,0,0,0,0,0
240393,1,1,0,0,0,0,0,0,0,0,0,0
240394,1,1,21,21,21,21,21,21,21,21,21,21
240395,0,1,4,4,4,4,4,4,4,4,4,4
240395,1,1,0,0,0,0,0,0,0,0,0,0
240396,1,1,0,0,0,0,0,0,0,0,0,0
240396,2,1,0,0,0,0,0,0,0,0,0,0
240397,0,1,4,0,0,24,0,0,22,0,22,0
240397,1,1,0,0,0,0,0,0,0,0,0,0
240398,1,1,0,0,0,0,0,0,0,0,0,0
240398,2,1,0,0,0,0,0,0,0,0,0,0
240399,1,1,25,25,25,25,25,25,25,25,25,25
240400,1,1,0,0,0,0,0,0,0,0,0,0
240400,2,1,0,0,0,0,0,0,0,0,0,6
240401,1,1,0,0,0,0,0,0,0,0,0,0
240401,2,1,12,12,12,12,12,12,12,12,12,12
240402,0,1,0,35,0,37,15,0,0,43,0,0
240402,1,1,0,0,0,0,0,0,0,0,0,0
240403,1,1,0,0,0,0,0,0,0,0,0,0
240403,2,1,0,0,0,0,0,0,0,0,0,0
240404,1,1,0,0,0,0,0,0,0,0,0,0
240405,1,1,2,2,2,2,2,2,2,2,2,2
240405,2,1,0,0,0,0,0,0,0,0,0,0
240406,1,1,0,0,0,0,0,0,0,0,0,0
240406,2,1,0,0,0,0,0,0,0,0,0,0
240407,1,1,0,0,8,20,0,0,18,0,10,31
240407,2,1,0,0,0,0,0,0,0,0,0,0
240408,1,1,0,0,0,0,0,0,0,0,0,0
240408,2,1,0,0,0,0,0,0,0,0,0,0
240409,1,1,0,0,0,0,0,0,0,15,0,0
240409,2,1,0,0,0,0,0,0,0,0,0,0
240410,0,1,0,0,0,0,0,0,0,0,0,0
240410,1,1,0,0,0,0,0,0,0,0,0,0
240411,1,1,0,0,0,0,0,0,0,0,0,0
240411,2,1,3,3,3,3,3,3,3,3,3,3
240412,1,1,27,27,27,27,27,27,27,27,27,27
240412,2,1,0,0,0,0,0,0,0,0,0,0
240412,3,1,0,0,0,0,0,0,0,0,0,0
240413,1,1,4,4,4,4,4,4,4,4,4,4
240413,2,1,0,0,0,0,0,0,0,0,0,0
240413,3,1,0,0,0,0,0,0,0,0,0,0
240413,4,1,0,0,0,0,0,0,0,0,0,12
240414,0,1,0,0,0,0,0,0,0,0,0,0
240414,1,1,0,0,0,0,0,0,0,0,0,0
240416,1,1,29,29,29,29,29,29,29,29,29,29
240417,1,1,31,31,31,31,31,31,31,31,31,31
240418,1,1,0,0,0,0,0,22,0,0,0,0
240418,2,1,0,0,0,0,0,0,0,0,0,0
240418,3,1,0,0,0,0,0,0,0,0,0,0
240419,1,1,0,0,0,0,0,0,0,0,0,0
240419,2,1,0,0,0,0,0,0,0,0,0,0
240420,1,1,14,14,14,14,14,14,14,14,14,14
240421,1,1,0,0,0,0,0,0,0,0,0,0
240421,2,1,0,0,0,0,0,0,0,0,0,0
240422,1,1,0,0,0,0,0,0,0,0,0,0
240422,2,1,0,0,0,0,0,0,0,0,0,0
240423,1,1,9,9,9,9,9,9,9,9,9,9
240424,0,1,0,0,0,0,0,0,0,0,0,0
240424,1,1,0,0,0,0,0,0,0,0,0,0
240425,0,1,0,0,0,0,0,0,0,0,0,0
240425,1,1,0,0,0,0,0,0,0,4,0,0
240426,1,1,26,4,2,28,17,11,4,18,17,18
240426,2,1,0,0,0,0,0,0,0,0,0,0
240427,1,1,5,5,5,5,5,5,5,5,5,5
240427,2,1,0,0,0,0,0,0,0,0,0,0
240428,1,1,0,0,0,0,0,0,0,0,0,0
240428,2,1,0,13,0,0,0,0,0,0,0,0
240428,3,1,0,0,0,0,0,0,0,0,0,0
240429,1,1,0,0,0,0,0,0,0,0,0,0
240430,0,1,1,1,1,1,1,1,1,1,1,1
240430,1,1,0,0,0,11,0,0,0,41,0,0
240431,1,1,0,0,0,0,0,0,0,0,0,0
240431,2,1,0,0,0,0,0,0,0,0,0,0
240431,3,1,0,0,0,7,0,0,0,0,0,0
240431,4,1,0,0,20,0,0,0,0,0,0,0
240432,1,1,0,0,0,0,0,0,18,0,0,0
240432,2,1,0,0,0,0,0,0,0,0,0,0
240432,3,1,0,0,0,0,0,0,0,0,0,0
240433,0,1,0,0,0,0,0,0,0,0,0,0
240433,1,1,4,4,4,4,4,4,4,4,4,4
240434,1,1,0,0,0,0,0,0,0,0,0,0
240434,2,1,2,2,2,2,2,2,2,2,2,2
240435,1,1,0,10,16,0,0,18,0,0,0,22
240435,2,1,0,0,0,20,0,0,0,0,0,0
240436,1,1,0,24,0,0,0,0,7,0,0,0
240436,2,1,0,0,0,0,0,0,0,0,0,0
240437,0,1,0,0,0,0,0,0,0,0,0,0
240437,1,1,0,0,0,0,0,0,0,0,0,0
240438,1,1,19,19,19,19,19,19,19,19,19,19
240439,0,1,0,0,0,0,0,0,0,0,0,0
240439,1,1,0,0,0,0,0,0,0,0,10,0
240440,1,1,8,8,8,8,8,8,8,8,8,8
240441,1,1,0,0,0,0,0,0,0,0,0,0
240442,0,1,0,34,24,16,0,0,0,21,8,14
240442,1,1,0,0,0,0,0,0,0,0,0,0
240443,1,1,18,0,25,7,16,0,28,28,28,17
240444,1,1,0,9,0,0,0,0,0,0,0,0
240444,2,1,0,0,0,0,0,0,0,0,0,0
240445,0,1,0,0,0,0,0,0,0,0,0,0
240446,1,1,0,0,0,0,0,0,0,0,0,10
240446,2,1,0,0,0,0,0,0,0,0,0,0
240447,0,1,0,0,0,0,0,0,0,0,0,0
240447,1,1,22,22,22,22,22,22,22,22,22,22
240448,0,1,0,0,22,0,0,8,0,30,0,0
240448,1,1,12,0,0,0,6,27,6,0,28,0
240449,0,1,0,0,0,0,0,0,0,0,0,0
240449,1,1,0,0,0,0,0,0,0,0,0,0
240450,1,1,0,0,0,0,0,0,0,0,0,12
240450,2,1,0,0,0,0,0,0,0,0,0,0
240451,1,1,0,0,0,0,0,0,0,0,0,0
240451,2,1,0,0,0,0,0,0,0,0,0,0
240452,1,1,12,12,12,12,12,12,12,12,12,12
240453,1,1,0,0,0,0,0,0,0,0,0,0
240453,2,1,0,0,0,4,0,0,0,0,0,0
240454,0,1,0,0,0,0,29,0,0,0,0,0
240454,1,1,0,0,0,0,0,0,0,0,0,0
240455,0,1,0,0,0,0,0,0,0,0,0,0
240455,1,1,0,0,0,0,0,0,0,0,0,0
240456,1,1,15,15,15,15,15,15,15,15,15,15
240456,2,1,0,0,0,0,0,0,0,0,0,0
240457,0,1,0,0,0,0,0,0,0,0,0,0
240457,1,1,0,0,0,0,0,0,0,0,0,0
240458,1,1,15,15,15,15,15,15,15,15,15,15
240458,2,1,7,0,0,0,0,0,0,0,0,0
240459,0,1,0,19,7,0,0,0,0,13,35,0
240459,1,1,0,0,0,0,0,0,0,0,0,0
240460,1,1,0,0,0,0,0,0,0,0,0,0
240461,1,1,0,0,0,0,0,0,0,0,0,0
240461,2,1,0,0,0,0,0,27,0,0,0,0
240462,1,1,0,0,0,0,0,0,0,0,0,0
240463,1,1,0,0,0,0,0,0,0,0,0,0
240464,0,1,0,12,0,29,0,24,0,10,0,35
240464,1,1,0,0,0,0,0,0,0,0,0,0
240465,0,1,0,0,0,0,0,0,0,0,0,0
240465,0,2,11,0,39,0,0,27,7,3,0,0
240465,1,1,0,3,0,21,14,12,0,0,0,0
240466,1,1,0,0,29,0,0,0,0,21,0,0
240468,1,1,0,0,0,0,0,0,0,0,0,0
240468,2,1,0,0,0,0,0,0,0,0,0,0
240469,0,1,0,0,0,0,0,0,0,0,0,0
240469,0,2,0,0,0,0,0,0,0,0,0,0
240469,1,1,0,0,0,0,0,0,0,0,0,0
240470,1,1,19,19,19,19,19,19,19,19,19,19
240470,2,1,0,0,15,25,0,17,29,0,0,13
240471,1,1,27,14,9,0,6,0,0,0,0,9
240471,2,1,0,0,5,18,0,0,0,0,17,12
240472,1,1,0,24,0,16,0,0,0,0,0,14
240472,2,1,0,10,0,0,0,8,0,0,0,0
240473,1,1,13,13,13,13,13,13,13,13,13,13
240474,1,1,21,21,21,21,21,21,21,21,21,21
240475,1,1,0,0,0,0,4,0,0,0,0,0
240475,2,1,0,0,27,0,0,0,0,0,4,0
240475,3,1,0,0,0,0,0,0,0,0,0,0
240475,5,1,0,0,14,0,0,0,0,0,0,0
250001,1,1,0,0,0,0,0,0,0,0,0,0
250002,0,1,0,0,0,0,0,0,0,0,0,0
250002,1,1,0,0,0,0,0,0,5,0,9,0
250003,1,1,20,20,20,20,20,20,20,20,20,20
250004,1,1,9,9,9,9,9,9,9,9,9,9
250005,1,1,20,20,20,20,20,20,20,20,20,20
250006,0,1,0,0,0,0,0,0,0,0,0,0
250006,1,1,0,11,20,0,0,3,0,0,0,0
250007,0,1,0,0,0,0,0,0,0,0,0,0
250007,1,1,0,0,0,0,0,0,0,0,0,0
250008,1,1,0,0,0,0,0,0,0,0,0,0
250009,1,1,4,4,4,4,4,4,4,4,4,4
250009,2,1,0,0,0,0,0,0,0,0,0,0
250010,1,1,0,0,0,0,0,0,0,0,0,0
250010,2,1,0,0,0,0,0,0,0,0,0,0
250011,1,1,0,0,0,0,0,0,0,0,0,0
250012,1,1,1,1,1,1,1,1,1,1,1,1
250013,0,1,0,0,0,0,0,0,0,0,0,0
250013,1,1,0,0,0,0,0,10,0,0,0,0
250014,1,1,0,0,0,0,0,0,0,0,0,0
250014,2,1,0,0,0,0,10,0,0,12,0,0
250015,1,1,20,30,0,0,0,0,21,0,16,14
250015,2,1,4,10,0,0,0,6,0,0,0,0
250016,0,1,27,17,25,22,8,17,17,49,22,7
250016,1,1,0,17,27,7,0,0,0,4,0,0
250017,0,1,0,0,0,0,0,0,0,0,0,0
250017,1,1,0,0,0,0,0,0,0,0,0,0
250018,1,1,0,0,0,0,0,0,0,0,0,0
250018,2,1,0,0,0,0,0,0,0,0,58,0
250018,3,1,0,0,0,0,0,0,0,0,0,0
250019,0,1,0,0,0,0,0,0,0,0,0,0
250019,1,1,0,0,0,0,0,0,0,0,0,0
250020,1,1,0,0,0,0,0,0,0,0,0,0
250020,2,1,0,11,0,0,0,0,13,0,0,0
250021,0,1,0,0,0,0,0,0,0,0,0,0
250021,1,1,16,0,0,0,0,0,0,0,9,0
250022,0,1,0,0,0,0,0,0,0,0,0,0
250022,1,1,0,0,0,0,0,0,0,0,0,0
250023,1,1,0,0,0,0,0,0,0,0,0,0
250023,2,1,0,0,0,0,0,0,0,0,0,0
250024,0,1,0,0,0,0,0,0,0,0,0,0
250024,1,1,0,0,0,0,0,0,0,0,0,0
250025,0,1,0,0,0,0,0,0,0,0,0,0
250025,1,1,7,3,0,0,0,0,0,0,0,0
250026,1,1,11,11,11,11,11,11,11,11,11,11
250027,1,1,0,0,0,0,0,0,0,0,0,0