ST_CASE,VEH_NO,PER_NO,P1,P2,P3,P4,P5,P6,P7,P8,P9,P10
250028,1,1,0,0,0,0,0,0,0,0,0,0
250029,1,1,0,7,0,11,0,6,12,0,0,0
250030,1,1,0,0,0,0,0,0,0,0,0,0
250030,2,1,0,0,0,0,0,0,0,0,0,0
250031,1,1,0,13,0,0,0,0,0,0,31,0
250031,2,1,0,0,0,0,0,0,0,0,0,0
250032,1,1,8,8,8,8,8,8,8,8,8,8
250033,1,1,0,0,0,0,0,0,0,0,0,0
250034,0,1,0,0,0,0,0,0,0,0,0,0
250034,1,1,9,26,0,0,21,9,0,0,12,10
250035,1,1,0,0,0,0,0,0,0,0,0,0
250036,1,1,0,0,0,0,0,0,0,0,0,0
250037,1,1,10,0,0,0,13,0,0,0,12,0
250038,1,1,0,0,0,0,0,0,17,0,7,12
250038,2,1,0,0,0,10,27,24,4,20,0,0
250038,3,1,0,0,0,0,0,5,0,0,16,8
250039,1,1,0,0,0,0,0,0,0,0,0,0
250039,2,1,0,0,0,0,0,20,0,0,0,0
250040,1,1,0,0,0,0,0,0,0,0,0,0
250040,2,1,0,0,0,0,0,0,0,0,8,0
250041,1,1,17,17,17,17,17,17,17,17,17,17
250042,1,1,16,0,0,0,28,20,3,16,23,0
250043,1,1,0,0,0,0,0,0,0,0,0,0
250043,2,1,0,0,0,0,0,0,0,0,0,0
250044,1,1,18,11,8,0,0,0,22,0,43,26
250044,2,1,0,0,0,0,0,0,0,0,0,0
250045,1,1,14,14,14,14,14,14,14,14,14,14
250046,0,1,0,11,39,12,0,32,15,0,0,0
250046,1,1,16,27,15,0,0,0,5,0,0,0
250047,1,1,0,0,0,0,0,0,0,0,0,0
250048,1,1,0,0,0,0,0,0,0,0,0,0
250048,2,1,0,0,0,0,0,0,0,0,0,0
250049,1,1,0,0,0,0,0,0,0,0,0,0
250050,0,1,30,30,30,30,30,30,30,30,30,30
250050,1,1,15,7,25,6,21,12,10,13,19,13
250051,0,1,0,0,0,0,0,0,0,0,0,0
250051,1,1,0,0,0,0,15,0,0,0,22,0
250051,2,1,12,0,0,0,0,0,0,0,0,0
250052,0,1,0,0,0,0,0,0,0,0,0,0
250052,1,1,0,0,0,0,0,0,0,0,0,0
250053,1,1,24,24,24,24,24,24,24,24,24,24
250054,1,1,11,15,0,22,0,0,0,0,31,15
250055,1,1,0,0,0,0,0,0,0,0,0,0
250056,1,1,12,0,0,0,0,0,0,0,11,0
250056,2,1,0,0,12,0,0,0,0,0,0,0
250057,0,1,0,0,0,0,0,0,0,0,0,0
250057,1,1,0,0,0,0,0,0,0,0,0,0
250058,1,1,0,0,0,0,4,0,14,0,0,27
250059,1,1,10,11,5,10,15,16,11,7,12,20
250059,2,1,0,0,0,0,0,0,0,0,0,0
250060,1,1,0,0,0,0,0,0,0,0,0,0
250060,2,1,14,14,14,14,14,14,14,14,14,14
250061,1,1,0,19,7,0,0,17,14,0,5,20
250061,2,1,0,0,0,0,0,31,13,0,0,6
250062,1,1,0,0,0,0,0,0,0,0,0,0
250062,2,1,13,0,0,0,0,0,0,8,17,10
250063,1,1,0,0,0,18,0,24,0,11,22,14
250066,0,1,0,0,0,0,0,0,0,0,0,0
250066,1,1,0,0,0,0,0,0,0,0,0,0
250067,1,1,13,13,13,13,13,13,13,13,13,13
250068,0,1,0,0,0,0,0,0,0,0,0,0
250068,0,2,0,19,0,0,0,12,0,29,0,0
250068,1,1,0,0,0,0,0,0,0,0,0,0
250069,1,1,0,0,11,0,0,0,0,0,0,0
250069,2,1,0,0,0,0,0,0,0,0,0,0
250070,1,1,16,16,16,16,16,16,16,16,16,16
250071,1,1,16,13,0,33,11,0,16,7,0,26
250072,0,1,21,31,0,0,32,10,3,0,39,24
250072,1,1,14,6,0,0,0,0,0,0,0,13
250073,0,1,0,0,0,0,0,0,0,0,0,0
250073,1,1,0,17,0,0,8,0,0,0,0,0
250074,0,1,0,0,0,0,0,0,0,0,0,0
250074,1,1,0,0,0,0,0,0,0,19,0,0
250075,1,1,0,0,0,0,0,0,0,0,0,0
250076,1,1,0,0,0,0,0,0,0,0,0,0
250077,1,1,22,22,22,22,22,22,22,22,22,22
250078,1,1,19,19,19,19,19,19,19,19,19,19
250078,2,1,0,11,23,24,16,27,0,0,26,22
250079,0,1,18,18,18,18,18,18,18,18,18,18
250079,1,1,6,0,0,0,0,0,0,0,0,0
250080,0,1,0,0,0,0,0,0,0,0,0,0
250080,1,1,0,0,0,0,0,0,0,0,0,0
250081,0,1,0,0,0,0,0,0,0,0,0,0
250081,1,1,0,0,0,0,0,0,0,5,0,0
250082,0,1,0,0,0,44,0,6,0,0,0,11
250082,1,1,0,0,0,0,0,0,10,0,27,0
250083,1,1,0,0,0,0,0,0,0,0,0,0
250083,2,1,0,0,0,0,0,0,0,0,0,0
250084,1,1,4,4,4,4,4,4,4,4,4,4
250084,2,1,0,0,0,0,0,0,0,0,4,22
250085,1,1,0,0,0,0,0,0,0,12,0,0
250086,1,1,0,0,0,0,0,0,0,0,0,0
250086,2,1,14,0,0,0,0,0,0,0,0,0
250087,1,1,0,0,0,0,0,0,0,0,0,0
250087,2,1,0,0,0,0,0,0,0,0,0,0
250088,0,1,14,14,14,14,14,14,14,14,14,14
250088,1,1,0,0,0,0,0,0,0,0,0,24
250089,1,1,28,9,0,5,7,0,0,24,0,0
250089,2,1,0,0,0,0,22,0,0,9,21,0
250090,1,1,0,0,0,0,0,0,0,0,0,0
250091,1,1,0,0,0,0,0,0,0,0,0,0
250091,2,1,0,0,0,0,27,0,0,0,0,0
250092,1,1,24,24,24,24,24,24,24,24,24,24
250092,2,1,0,0,0,0,34,0,0,0,0,0
250093,1,1,6,6,6,6,6,6,6,6,6,6
250094,1,1,0,21,0,0,0,0,0,0,6,0
250094,2,1,8,8,8,8,8,8,8,8,8,8
250095,1,1,7,34,0,0,20,0,0,0,0,16
250096,1,1,0,0,21,10,8,40,0,0,0,0
250096,2,1,0,0,0,0,0,0,0,0,0,0
250097,1,1,15,15,15,15,15,15,15,15,15,15
250098,1,1,29,29,29,29,29,29,29,29,29,29
250099,1,1,0,0,0,0,0,0,0,0,0,0
250100,1,1,12,12,12,12,12,12,12,12,12,12
250101,1,1,0,0,0,0,0,0,0,0,0,0
250101,2,1,5,24,0,0,0,13,0,0,9,17
250102,1,1,14,6,0,0,6,16,0,0,0,18
250103,1,1,15,0,0,0,18,0,0,0,0,11
250103,2,1,0,0,0,0,0,0,32,0,0,0
250104,1,1,12,12,12,12,12,12,12,12,12,12
250105,1,1,18,18,18,18,18,18,18,18,18,18
250106,1,1,5,5,5,5,5,5,5,5,5,5
250107,1,1,0,0,0,0,0,0,0,0,0,0
250108,1,1,18,0,0,13,0,0,9,0,0,0
250108,2,1,12,0,0,11,0,0,0,0,0,20
250108,3,1,0,0,0,0,0,0,0,0,0,0
250109,1,1,0,17,0,16,0,0,0,0,0,0
250110,1,1,9,9,9,9,9,9,9,9,9,9
250111,0,1,0,0,0,0,0,0,0,0,0,0
250111,1,1,0,0,0,10,0,0,14,0,0,7
250112,1,1,0,0,0,0,0,0,0,0,0,0
250112,2,1,0,0,0,0,0,0,15,0,0,12
250113,1,1,7,7,7,7,7,7,7,7,7,7
250114,0,1,0,0,0,0,0,0,0,0,0,0
250114,1,1,0,0,0,0,0,0,0,0,0,0
250115,1,1,0,0,0,0,0,0,0,0,0,0
250116,1,1,13,13,13,13,13,13,13,13,13,13
250117,1,1,0,0,0,0,0,0,0,0,0,0
250117,2,1,4,0,0,0,0,0,0,0,0,0
250118,1,1,0,0,0,0,0,0,0,0,0,0
250118,2,1,0,0,27,0,0,0,0,20,0,0
250119,1,1,0,10,0,0,0,8,0,0,0,8
250120,1,1,0,0,0,0,0,0,0,0,0,0
250121,1,1,0,0,0,0,0,0,0,0,0,0
250121,2,1,0,0,0,0,0,0,0,0,0,0
250122,0,1,23,0,0,17,0,22,7,19,40,0
250122,1,1,0,0,0,0,0,0,0,0,0,0
250123,1,1,0,0,0,0,0,0,0,0,0,0
250124,1,1,0,13,0,0,0,0,0,0,0,0
250124,2,1,0,0,0,0,0,0,19,0,0,0
250125,1,1,0,20,0,0,0,0,0,0,0,0
250125,2,1,0,0,0,0,0,0,0,0,0,0
250126,1,1,0,0,29,0,9,0,0,0,0,0
250126,2,1,16,16,16,16,16,16,16,16,16,16
250127,1,1,18,0,0,0,0,0,0,0,0,0
250127,2,1,0,0,0,0,0,0,0,0,0,0
250128,1,1,0,0,0,0,0,0,15,0,0,0
250128,2,1,0,0,0,0,0,0,0,0,0,0
250129,1,1,0,0,0,0,0,0,0,0,0,0
250129,2,1,0,0,0,13,0,5,0,0,0,0
250130,1,1,20,0,17,0,0,0,0,0,5,0
250131,1,1,0,0,0,0,0,0,0,0,0,0
250132,1,1,0,0,0,0,0,0,0,0,0,0
250133,1,1,0,0,0,0,0,0,0,0,0,0
250134,0,1,26,0,0,14,0,0,0,0,0,0
250134,1,1,0,0,0,0,0,0,0,0,13,0
250135,1,1,0,0,0,0,0,0,0,0,0,0
250135,2,1,0,0,0,0,0,0,0,0,0,0
250136,1,1,9,8,0,0,0,0,0,26,0,0
250136,2,1,4,4,4,4,4,4,4,4,4,4
250137,1,1,15,0,0,0,0,0,0,12,0,0
250138,1,1,0,0,0,23,0,0,14,0,0,0
250138,2,1,0,0,0,0,0,0,0,0,0,0
250139,0,1,0,0,0,0,0,0,0,0,0,0
250139,1,1,11,0,0,0,0,0,0,0,0,0
250140,0,1,17,17,17,17,17,17,17,17,17,17
250140,1,1,18,18,18,18,18,18,18,18,18,18
250141,1,1,0,0,0,0,0,0,0,0,0,0
250142,1,1,29,29,29,29,29,29,29,29,29,29
250143,1,1,0,0,0,0,7,0,0,0,9,0
250143,2,1,0,0,0,0,0,0,0,0,0,0
250143,3,1,0,0,0,0,0,0,0,0,0,0
250143,4,1,0,0,0,15,15,0,0,0,0,0
250144,0,1,0,0,0,38,0,31,0,22,0,0
250144,1,1,0,0,0,0,0,0,7,0,0,0
250145,1,1,0,9,19,0,0,9,0,0,14,5
250146,1,1,12,12,12,12,12,12,12,12,12,12
250146,2,1,0,0,0,0,0,14,0,16,4,10
250146,3,1,0,8,0,0,0,6,0,0,0,0
250147,1,1,0,0,0,0,0,0,0,0,0,0
250147,2,1,0,0,0,0,0,0,0,0,0,0
250148,1,1,31,14,17,0,15,15,0,23,15,13
250148,2,1,0,0,0,0,0,0,0,0,0,0
250148,3,1,0,0,0,0,0,11,0,0,12,0
250149,0,1,0,0,0,0,0,0,0,0,0,0
250149,1,1,0,0,0,0,0,0,0,0,0,0
250150,1,1,26,26,26,26,26,26,26,26,26,26
250150,2,1,13,0,7,0,4,0,0,0,0,0
250150,3,1,16,4,0,0,26,0,0,0,0,0
250152,0,1,28,28,28,28,28,28,28,28,28,28
250152,1,1,0,0,0,20,0,0,13,8,0,0
250153,1,1,0,0,0,0,0,0,0,0,0,0
250154,1,1,5,26,25,47,0,0,14,19,5,0
250155,1,1,0,0,0,0,0,0,0,0,0,0
250155,2,1,3,0,19,14,15,10,0,0,0,12
250156,1,1,0,0,0,0,0,0,0,0,0,0
250156,2,1,0,0,0,0,0,0,0,0,0,0
250157,1,1,16,0,0,3,0,0,22,0,0,0
250158,1,1,0,0,0,0,0,0,0,0,0,0
250159,1,1,18,0,0,12,0,0,16,0,0,12
250160,0,1,0,17,34,0,10,0,0,0,17,0
250160,1,1,0,23,0,23,0,0,0,0,0,12
250161,0,1,0,0,0,0,0,0,0,0,0,0
250161,1,1,0,0,0,0,0,0,0,0,0,0
250162,1,1,22,0,13,0,0,0,0,0,0,0
250162,2,1,18,18,18,18,18,18,18,18,18,18
250163,1,1,24,24,24,24,24,24,24,24,24,24
250163,2,1,0,0,0,0,0,0,0,0,0,0
250164,1,1,0,0,0,0,0,0,0,0,0,0
250165,1,1,0,0,0,0,0,0,0,0,0,0
250165,2,1,0,0,0,9,7,0,0,0,0,0
250166,1,1,48,48,48,48,48,48,48,48,48,48
250167,1,1,0,0,0,33,0,0,0,0,0,0
250168,0,1,0,0,0,0,0,0,0,0,0,0
250168,1,1,0,0,0,0,0,0,0,0,0,0
250169,1,1,0,23,17,0,11,0,14,0,0,10
250170,1,1,0,0,0,0,0,0,0,0,0,0
250171,0,1,0,0,0,0,0,0,0,0,0,0
250171,1,1,0,12,2,14,0,0,0,0,0,10
250171,2,1,0,0,34,0,0,0,0,0,0,0
250172,1,1,1,1,1,1,1,1,1,1,1,1
250172,2,1,0,0,0,0,0,0,0,0,0,0
250173,0,1,45,45,45,45,45,45,45,45,45,45
250173,1,1,0,0,9,0,0,0,0,0,0,0
250174,1,1,0,0,0,0,0,0,0,0,0,0
250174,2,1,0,0,6,0,13,9,0,4,7,14
250175,0,1,0,0,0,0,0,0,0,0,0,0
250175,1,1,0,0,0,0,0,0,0,0,0,0
250176,0,1,0,0,0,0,0,0,0,0,0,0
250176,1,1,13,0,0,0,0,0,0,0,0,0
250177,1,1,0,0,0,0,0,0,12,21,0,0
250177,2,1,11,11,11,11,11,11,11,11,11,11
250178,1,1,0,0,15,15,0,17,0,11,0,0
250179,0,1,0,0,0,0,0,0,0,0,0,0
250179,1,1,0,0,0,0,0,0,0,0,0,0
250180,1,1,7,7,7,7,7,7,7,7,7,7
250181,1,1,0,0,0,0,0,0,0,0,0,0
250182,1,1,0,0,6,11,0,0,21,10,12,0
250182,2,1,0,0,0,14,12,19,8,0,0,10
250182,3,1,19,0,0,0,30,0,0,0,0,0
250182,4,1,16,0,0,0,0,0,0,0,0,20
250183,1,1,0,0,0,0,0,15,8,0,17,0
250184,1,1,26,26,26,26,26,26,26,26,26,26
250185,1,2,10,23,0,17,18,24,0,24,0,0
250186,1,1,22,22,22,22,22,22,22,22,22,22
250187,1,1,6,37,11,24,0,0,12,0,19,31
250187,2,1,0,0,0,0,0,0,0,0,0,0
250188,1,1,17,0,0,0,11,0,0,0,0,0
250188,2,1,23,0,0,0,0,0,0,0,10,0
250189,1,1,19,19,19,19,19,19,19,19,19,19
250190,1,1,0,0,0,0,0,0,0,0,0,0
250190,2,1,0,0,0,0,0,0,0,0,0,0
250191,1,1,0,0,0,14,0,0,0,0,0,0
250191,2,1,18,18,0,0,0,0,0,0,4,0
250191,3,1,0,0,0,0,0,0,0,0,0,0
250192,1,1,0,0,0,17,0,0,0,0,0,12
250192,2,1,0,0,0,0,0,0,0,4,0,0
250192,3,1,0,75,0,0,0,0,0,0,0,0
250193,1,1,0,0,0,27,14,23,0,25,0,0
250195,1,1,0,0,0,0,0,0,0,0,0,0
250195,2,1,0,0,0,0,0,0,0,0,0,0
250196,0,1,0,0,0,0,0,0,0,0,0,0
250196,1,1,0,0,0,0,0,0,0,0,0,0
250197,1,1,1,1,1,1,1,1,1,1,1,1
250197,2,1,10,0,0,0,0,0,0,0,0,0
250198,1,1,0,0,0,0,0,0,0,0,0,0
250198,2,1,0,0,0,0,0,0,0,0,0,0
250199,1,1,0,0,0,0,0,0,0,0,0,0
250200,0,1,23,23,0,0,33,0,0,0,0,0
250200,1,1,7,0,0,0,21,0,0,17,0,18
250201,0,1,0,0,0,0,0,0,0,0,0,0
250201,1,1,0,0,0,0,0,0,0,16,0,0
250202,1,1,22,22,22,22,22,22,22,22,22,22
250203,1,1,0,0,0,7,0,0,0,18,0,0
250203,2,1,1,1,1,1,1,1,1,1,1,1
250204,1,1,2,0,3,0,0,0,0,0,0,0
250204,2,1,0,0,0,0,0,0,0,0,0,0
250205,0,1,0,0,0,0,0,0,0,0,0,0
250205,1,1,0,14,0,0,0,0,0,0,0,9
250206,0,1,0,0,0,0,0,0,0,0,0,0
250206,1,1,0,0,0,26,0,0,0,0,0,0
250207,1,1,24,20,16,11,3,18,27,33,14,19
250207,2,1,14,5,0,23,0,0,16,0,0,0
250208,1,1,0,0,0,0,0,0,0,0,5,0
250208,2,1,0,0,0,0,0,0,0,0,0,13
250209,0,1,0,0,0,0,0,0,0,0,0,0
250209,1,1,0,0,0,11,0,0,0,0,0,0
250210,1,1,20,20,20,20,20,20,20,20,20,20
250210,2,1,0,0,0,0,0,0,0,0,0,0
250211,1,1,0,0,0,14,9,0,8,0,0,0
250212,1,1,0,0,0,0,0,0,0,17,48,14
250213,0,1,0,0,0,0,0,0,0,0,0,0
250213,1,1,15,0,9,0,4,0,0,0,0,0
250213,2,1,0,0,12,0,0,16,0,0,0,0
250214,0,1,0,0,0,0,0,0,0,0,0,0
250214,1,1,0,0,0,0,0,0,0,0,0,0
250215,1,1,0,0,24,0,7,0,0,0,14,0
250215,2,1,0,0,0,0,0,0,0,0,0,0
250216,0,1,0,0,0,0,0,0,0,0,0,0
250216,1,1,0,18,0,0,0,0,0,0,0,0
250217,0,1,0,0,0,0,0,0,0,0,0,0
250217,1,1,0,0,0,0,0,0,0,0,0,0
250218,1,1,0,0,0,19,0,0,0,0,0,0
250218,2,1,4,0,0,17,28,21,0,0,21,0
250219,1,1,0,11,0,0,0,17,0,0,0,0
250220,0,1,20,20,20,20,20,20,20,20,20,20
250220,1,1,0,0,0,0,0,18,0,7,0,0
250221,0,1,0,12,0,20,0,13,23,0,0,0
250221,1,1,0,9,0,9,12,29,0,0,0,29
250222,0,1,0,12,12,32,0,11,25,0,21,0
250222,0,2,32,0,34,3,0,0,0,26,0,0
250222,0,3,0,19,13,6,23,22,0,5,0,0
250222,0,4,0,0,0,0,0,0,0,0,0,0
250222,1,1,15,13,2,19,8,16,26,0,17,0
250223,1,1,23,23,23,23,23,23,23,23,23,23
250224,1,1,1,1,1,1,1,1,1,1,1,1
250224,2,1,26,0,16,0,0,0,13,0,0,0
250225,1,1,7,6,3,23,4,19,18,12,15,8
250226,1,1,0,0,0,0,0,0,0,0,0,0
250226,2,1,0,0,0,0,0,0,0,0,0,0
250227,1,1,0,0,0,0,0,0,0,0,0,0
250228,1,1,0,0,23,0,0,0,0,0,0,0
250228,2,1,0,0,0,0,0,0,0,0,0,0
250228,3,1,0,0,0,0,0,0,0,6,0,0
250229,1,1,0,0,0,0,0,0,0,0,0,0
250229,2,1,0,0,0,0,9,0,0,0,23,0
250230,1,1,0,0,0,0,0,0,0,0,0,0
250230,2,1,0,0,0,0,0,0,0,0,0,0
250230,3,1,0,0,0,0,0,0,0,0,0,0
250231,1,1,0,0,0,0,0,0,0,0,0,0
250232,1,1,0,0,0,0,0,0,0,0,0,0
250232,2,1,14,0,20,0,0,0,0,0,0,0
250233,1,1,20,0,0,0,0,0,7,23,0,18
250234,1,1,0,0,0,0,0,0,0,0,0,0
250235,1,1,0,0,0,0,8,22,8,0,5,0
250236,0,1,0,0,0,0,0,0,0,0,0,0
250236,1,1,0,0,0,0,0,0,32,0,0,0
250237,1,1,0,0,0,0,0,0,0,0,0,0
250238,1,2,0,0,0,0,0,15,11,0,12,0
250239,0,1,7,7,7,7,7,7,7,7,7,7
250239,1,1,15,15,0,9,18,0,0,0,14,0
250240,1,1,0,0,0,0,0,0,0,0,0,0
250241,1,1,16,16,16,16,16,16,16,16,16,16
250242,1,1,0,0,0,0,0,0,0,0,0,0
250243,1,1,0,0,0,0,0,0,0,0,0,0
250243,2,1,0,0,0,0,0,0,0,0,0,0
250244,0,1,0,0,0,0,0,0,0,0,0,0
250244,1,1,0,0,0,0,0,0,0,0,0,0
250245,1,1,12,12,12,12,12,12,12,12,12,12
250245,2,1,0,0,0,0,0,0,0,0,0,0
250245,3,1,0,0,0,0,0,0,0,0,0,0
250246,1,1,26,26,26,26,26,26,26,26,26,26
250247,1,1,0,0,0,25,22,0,0,11,0,0
250248,0,1,0,0,0,0,0,0,0,0,0,0
250248,1,1,0,0,0,0,0,0,0,0,0,0
250249,0,1,0,0,0,3,0,0,47,0,0,0
250249,1,1,0,0,14,0,0,7,0,0,0,0
250250,1,1,0,0,0,0,0,0,0,0,0,0
250251,1,1,0,0,8,0,3,0,0,0,10,0
250251,2,1,0,0,0,0,0,0,0,0,0,0
250252,0,1,0,0,0,0,0,0,0,0,0,0
250252,1,1,0,0,0,0,0,0,0,0,0,0
250253,1,1,0,15,0,0,0,0,0,12,0,12
250253,2,1,0,0,0,0,0,0,0,0,0,0
250254,1,1,10,10,10,10,10,10,10,10,10,10
250255,1,1,19,19,19,19,19,19,19,19,19,19
250255,2,1,18,18,18,18,18,18,18,18,18,18
250255,3,1,13,0,15,0,11,0,0,0,30,14
250256,1,1,0,0,0,0,0,0,0,0,0,0
250256,2,1,0,0,0,0,0,0,0,0,0,0
250257,0,1,0,0,0,42,23,0,0,0,0,0
250257,1,1,0,0,0,11,9,6,0,16,15,0
250258,0,1,12,0,0,31,0,20,0,0,0,0
250258,1,1,22,0,18,14,0,17,0,25,0,0
250259,1,1,0,0,0,14,0,0,0,9,0,0
250259,2,1,0,0,0,0,14,23,14,0,17,0
250259,3,1,0,0,0,0,0,0,0,0,0,0
250260,0,1,0,0,0,0,0,0,0,0,0,0
250260,1,1,0,0,2,0,0,15,0,0,0,8
250261,1,1,0,8,11,0,12,13,15,23,0,21
250262,1,1,0,0,2,0,2,0,0,0,0,0
250262,2,1,0,2,0,0,15,0,0,14,0,0
250263,1,1,20,20,20,20,20,20,20,20,20,20
250264,0,1,0,0,0,0,0,0,0,0,0,0
250264,1,1,0,13,11,13,8,2,0,0,7,4
250265,1,1,0,0,0,0,0,0,0,0,0,0
250266,1,1,0,17,20,9,0,0,0,21,0,0
250267,1,1,0,0,0,0,0,0,0,0,0,0
250268,1,1,0,0,0,0,0,0,0,0,0,0
250268,2,1,0,0,0,0,0,0,0,0,0,0
250269,1,1,17,17,17,17,17,17,17,17,17,17
250270,0,1,24,24,24,24,24,24,24,24,24,24
250270,1,1,0,0,0,17,0,24,0,0,0,0
250271,1,1,0,0,0,0,0,0,0,0,0,0
250272,0,1,0,0,0,0,0,0,0,0,0,0
250272,1,1,0,0,15,0,12,0,21,0,0,0
250273,0,1,34,0,0,0,0,20,0,0,9,0
250273,1,1,0,0,0,0,0,0,0,0,0,0
250274,1,1,0,0,0,0,0,0,0,0,0,0
250274,2,1,0,0,0,0,0,0,35,0,0,0
250275,0,1,0,0,0,0,0,0,0,0,0,0
250275,1,1,0,0,0,0,0,0,0,0,0,0
250275,2,1,0,0,0,6,0,0,19,15,0,0
250276,1,1,0,0,0,0,0,0,0,0,0,0
250277,1,1,0,0,0,0,0,0,0,0,0,0
250278,1,1,8,8,8,8,8,8,8,8,8,8
250278,2,1,0,0,0,0,0,0,0,0,21,0
250279,1,1,0,15,0,0,0,0,0,0,0,0
250279,2,1,0,0,0,0,0,0,0,0,0,0
250279,3,1,0,0,0,0,0,0,0,0,0,0
250281,0,1,0,0,0,0,0,0,0,0,0,0
250281,1,1,0,0,0,0,0,0,0,0,0,0
250282,0,1,0,0,0,0,0,0,0,0,0,0
250282,1,1,0,0,0,0,0,0,0,26,0,0
250283,0,1,0,0,0,0,0,0,0,0,0,0
250283,1,1,0,0,0,0,19,18,12,0,16,0
250284,0,1,14,0,9,0,0,0,24,0,19,4
250284,1,1,0,0,0,0,24,0,0,0,12,0
250285,1,1,11,50,20,18,0,4,0,0,0,0
250285,2,1,0,0,0,0,0,0,0,0,0,0
250286,0,1,0,0,0,0,0,0,0,0,0,0
250286,1,1,0,0,20,0,0,0,19,0,0,10
250287,0,1,24,24,24,24,24,24,24,24,24,24
250287,1,1,0,0,0,0,0,0,0,9,10,0
250288,0,1,0,0,0,0,0,0,0,0,0,0
250288,1,1,3,0,8,0,19,0,14,0,12,0
250289,0,1,0,0,0,0,0,6,0,0,20,9
250289,1,1,15,0,7,9,9,8,13,10,9,14
250290,1,1,0,0,0,0,0,0,0,0,0,0
250290,2,1,0,0,0,0,0,0,0,0,0,0
250291,1,1,19,19,19,19,19,19,19,19,19,19
250292,0,1,0,0,0,0,0,0,0,0,0,0
250292,1,1,0,0,0,16,0,4,8,0,0,0
250293,0,1,34,0,22,13,0,21,0,0,0,9
250293,1,1,0,0,0,0,0,0,0,0,0,0
250294,1,1,0,0,8,13,9,0,0,0,20,7
250294,2,1,0,0,0,0,10,0,0,0,0,0
250295,1,1,4,4,4,4,4,4,4,4,4,4
250296,0,1,0,0,0,0,0,0,0,0,0,0
250296,0,2,0,0,0,0,0,0,0,0,0,0
250296,1,1,2,2,2,2,2,2,2,2,2,2
260001,1,1,0,0,0,0,0,0,0,0,0,0
260001,2,1,0,0,0,0,0,0,0,0,0,0
260002,1,1,0,0,0,0,0,0,0,0,0,0
260002,2,1,0,0,0,0,0,0,0,0,0,0
260003,0,1,0,10,0,0,0,0,0,0,28,0
260003,1,1,2,18,20,0,28,21,19,0,31,0
260004,1,1,0,0,0,0,0,0,0,0,0,0
260004,2,1,0,0,0,0,0,0,0,0,0,0
260005,0,1,0,0,0,0,0,16,0,0,0,0
260005,1,1,0,0,0,0,0,0,0,0,0,0
260006,1,1,0,0,0,0,0,0,0,0,0,0
260007,1,1,0,0,0,0,0,0,0,0,0,0
260008,1,1,7,7,7,7,7,7,7,7,7,7
260009,1,1,0,0,0,0,0,0,0,0,0,0
260009,2,1,0,0,0,0,0,0,0,0,0,0
260011,1,1,0,0,0,0,0,0,0,0,0,0
260011,2,1,0,0,0,0,0,0,0,0,0,0
260012,0,1,0,0,0,0,0,0,0,0,0,0
260012,1,1,0,0,0,0,0,0,0,0,0,0
260013,1,1,0,0,0,0,0,0,0,0,0,0
260013,2,1,0,0,0,0,0,0,0,0,0,0
260014,0,1,0,0,0,0,0,0,0,0,0,0
260014,1,1,0,0,0,0,0,0,0,0,0,0
260015,0,1,30,0,0,7,0,0,0,0,0,0
260015,1,1,0,0,0,0,0,0,0,0,0,0
260016,1,1,0,0,0,0,0,0,0,0,0,0
260016,2,1,4,4,4,4,4,4,4,4,4,4
260017,1,1,0,0,0,0,0,0,0,0,0,0
260017,2,1,0,0,0,0,0,0,0,0,0,0
260018,1,1,0,0,0,0,0,0,0,0,0,0
260018,2,1,0,0,0,0,0,0,0,0,0,0
260019,1,1,20,20,20,20,20,20,20,20,20,20
260019,2,1,0,14,0,0,0,0,0,21,0,0
260020,1,1,0,0,0,0,0,0,0,33,0,8
260021,1,1,19,19,19,19,19,19,19,19,19,19
260022,1,1,0,0,0,0,0,0,0,0,0,0
260022,2,1,0,0,0,0,0,0,0,0,0,0
260023,1,1,0,0,0,0,0,0,0,0,0,0
260023,2,1,0,0,0,0,0,0,0,0,0,0
260024,1,1,0,0,0,0,0,0,0,0,0,0
260025,1,1,12,12,12,12,12,12,12,12,12,12
260026,1,1,0,0,0,0,0,0,0,0,0,0
260027,1,1,0,0,0,7,0,0,13,0,10,0
260028,0,1,0,0,0,0,0,0,0,0,0,0
260028,1,1,0,0,0,0,0,0,0,0,0,0
260029,1,1,18,18,18,18,18,18,18,18,18,18
260029,2,1,0,0,0,0,0,0,0,0,0,0
260030,1,1,0,0,0,0,0,0,0,0,0,0
260030,2,1,0,0,0,0,0,0,0,0,0,0
260031,1,1,0,0,0,0,0,0,0,0,0,0
260031,2,1,0,0,0,0,0,0,0,0,0,0
260031,3,1,0,0,0,0,0,0,0,0,0,0
260031,4,1,0,0,0,0,0,0,0,0,0,0
260032,1,1,0,0,0,0,0,0,0,0,0,0
260032,2,1,19,19,19,19,19,19,19,19,19,19
260033,1,1,0,0,16,0,0,0,0,0,0,0
260034,1,1,0,0,0,0,0,0,0,0,0,0
260034,2,1,0,0,0,0,0,0,0,0,0,0
260035,1,1,0,0,0,0,0,0,0,0,0,0