ST_CASE,VEH_NO,PER_NO,P1,P2,P3,P4,P5,P6,P7,P8,P9,P10
270268,1,1,0,0,0,0,0,0,21,0,0,0
270268,2,1,0,0,0,0,0,0,0,0,0,0
270268,3,1,0,0,0,0,0,0,0,0,0,0
270269,1,1,18,18,18,18,18,18,18,18,18,18
270270,0,1,17,17,17,17,17,17,17,17,17,17
270270,1,1,0,0,0,0,0,0,0,0,0,0
270271,0,1,0,0,0,0,0,0,0,0,0,0
270271,1,1,0,0,0,0,0,0,0,0,0,16
270272,0,1,0,0,0,0,0,0,0,0,0,0
270272,1,1,0,0,0,0,0,0,0,0,0,0
270273,1,1,3,3,3,3,3,3,3,3,3,3
270274,1,1,0,0,0,0,0,0,0,0,0,0
270274,2,1,0,0,0,0,0,0,0,0,0,0
270275,1,1,0,0,0,0,0,0,0,0,0,0
270275,2,1,0,0,0,0,0,0,0,0,0,0
270276,0,1,0,0,0,0,0,0,0,0,0,0
270276,1,1,0,0,0,0,0,0,0,0,0,0
270277,1,1,0,14,0,0,0,16,0,0,0,0
270277,2,1,0,0,0,0,0,0,0,0,0,13
270278,1,1,0,0,0,0,0,0,0,0,14,0
270278,2,1,17,17,17,17,17,17,17,17,17,17
270279,1,1,24,24,24,24,24,24,24,24,24,24
270280,1,1,0,0,0,0,0,0,0,0,0,0
270281,1,1,0,0,0,0,0,0,0,0,0,0
270282,1,1,0,0,0,0,2,0,0,0,0,0
270282,2,1,0,0,0,0,0,0,0,0,0,0
270282,3,1,0,0,0,0,0,0,0,0,0,0
270283,1,1,0,0,0,0,0,0,0,0,0,0
270283,2,1,17,17,17,17,17,17,17,17,17,17
270284,1,1,0,0,0,0,0,0,0,0,0,0
270284,2,1,0,0,0,0,0,0,0,0,0,0
270285,1,1,0,0,0,0,0,0,0,0,0,0
270285,2,1,0,0,0,0,0,0,0,0,0,0
270286,1,1,31,31,31,31,31,31,31,31,31,31
270287,1,1,17,17,17,17,17,17,17,17,17,17
270288,0,1,15,0,0,0,0,0,18,0,0,33
270288,1,1,0,0,0,0,0,0,0,0,0,0
270289,1,1,0,0,0,0,0,0,0,0,0,0
270289,2,1,0,0,0,0,0,0,0,0,0,0
270291,1,1,11,11,11,11,11,11,11,11,11,11
270291,2,1,0,0,0,0,0,0,11,12,18,0
270292,1,1,0,0,0,0,0,0,0,0,0,0
270292,2,1,0,0,0,0,0,0,0,0,0,0
270293,1,1,0,0,0,0,0,0,0,0,0,0
270293,2,1,0,0,0,0,17,0,0,0,0,0
270294,1,1,0,0,0,0,0,0,0,0,0,0
270294,2,1,0,0,0,0,0,0,0,0,0,0
270294,3,1,0,0,0,0,8,0,0,0,33,0
270295,0,1,0,0,0,0,0,0,0,0,0,0
270295,1,1,0,0,0,12,0,0,0,23,9,13
270296,1,1,0,0,0,0,0,0,0,0,0,0
270296,2,1,0,0,0,0,0,0,0,0,0,0
270297,1,1,0,0,0,0,0,0,0,0,0,0
270297,2,1,0,0,0,0,0,0,0,0,0,0
270298,1,1,0,0,0,0,0,0,0,0,0,0
270299,0,1,0,0,0,0,0,0,0,0,0,0
270299,1,1,0,0,0,0,0,0,0,0,0,0
270300,1,1,0,0,0,0,0,0,0,0,0,0
270300,2,1,0,0,0,0,0,0,0,0,0,0
270301,1,1,0,0,0,0,0,0,0,0,0,0
270302,1,1,18,18,18,18,18,18,18,18,18,18
270303,1,1,0,0,0,0,0,0,0,0,0,0
270304,1,1,0,0,0,0,0,0,0,0,0,0
270304,2,1,0,0,0,0,0,0,0,0,0,0
270305,1,1,0,0,0,0,0,0,0,0,0,0
270305,2,1,0,0,0,0,0,0,0,0,0,0
270306,1,1,0,0,0,0,0,0,0,0,0,0
270306,2,1,0,0,0,0,0,0,0,0,0,0
270306,3,1,17,0,0,0,0,0,0,0,0,0
270307,1,1,13,13,13,13,13,13,13,13,13,13
270307,2,1,0,0,0,0,0,0,0,0,0,0
270308,0,1,15,15,15,15,15,15,15,15,15,15
270308,1,1,0,0,0,0,0,0,0,0,0,0
270309,1,1,0,0,0,0,0,0,0,0,0,0
270309,2,1,0,0,0,0,0,0,22,0,0,0
270310,1,1,0,0,0,0,0,0,0,0,0,0
270310,2,1,0,0,0,0,0,0,0,0,0,0
270311,1,1,0,0,0,0,0,0,0,0,0,0
270311,2,1,7,7,7,7,7,7,7,7,7,7
270312,0,1,0,13,0,0,14,0,0,0,36,0
270312,1,1,0,0,0,0,0,0,0,5,0,0
270313,0,1,0,0,0,0,0,0,24,20,18,0
270313,1,1,0,0,0,0,0,0,0,0,6,0
270314,0,1,0,0,0,0,0,0,0,0,0,0
270314,1,1,0,0,0,0,0,0,0,0,0,0
270315,1,1,0,0,0,0,0,0,0,0,0,0
270316,1,1,0,0,0,0,0,0,0,0,0,0
270316,2,1,9,22,0,11,6,0,12,17,0,23
270317,0,1,0,0,0,0,0,0,0,0,0,0
270317,1,1,23,11,0,18,7,0,6,0,0,0
270318,0,1,0,0,0,0,0,0,0,0,0,0
270318,1,1,0,0,0,0,0,0,0,0,0,0
270319,0,1,0,0,0,0,0,0,0,0,0,0
270319,2,1,0,0,0,0,0,0,0,0,0,0
270320,1,1,0,0,0,0,0,0,0,0,0,0
270321,1,1,0,0,0,0,0,0,0,0,0,0
270321,2,1,0,0,0,0,0,0,0,0,0,0
270321,3,1,0,0,0,0,0,18,0,0,0,0
270322,1,1,5,5,5,5,5,5,5,5,5,5
270322,2,1,0,0,0,0,0,0,0,0,0,0
270323,1,1,28,28,28,28,28,28,28,28,28,28
270324,1,1,0,0,0,0,0,0,0,0,0,0
270324,2,1,19,19,19,19,19,19,19,19,19,19
270325,1,1,5,0,4,0,0,0,0,9,0,0
270325,2,1,0,0,0,0,0,0,0,0,0,0
270325,3,1,0,0,0,0,0,0,0,15,0,0
270326,1,1,0,0,0,0,0,0,0,0,0,0
270327,1,1,0,0,0,0,0,0,0,0,0,0
270328,0,1,36,36,36,36,36,36,36,36,36,36
270328,1,1,0,0,0,0,0,0,0,0,0,0
270329,1,1,11,11,11,11,11,11,11,11,11,11
270330,1,1,0,0,0,0,0,0,0,0,0,0
270330,2,1,0,0,0,0,0,0,0,0,0,0
270331,1,1,0,0,0,0,0,0,0,0,0,0
270331,2,1,0,0,0,0,0,0,0,0,0,0
270332,1,1,0,0,0,0,0,0,0,0,0,0
270333,1,1,0,0,0,0,0,0,0,0,0,0
270333,2,1,0,0,0,0,0,0,0,0,0,0
270334,1,1,0,0,0,0,0,0,0,0,0,0
270334,2,1,0,0,0,0,0,0,0,0,0,0
270335,0,1,29,29,29,29,29,29,29,29,29,29
270335,1,1,0,0,0,0,0,0,0,0,0,0
270336,1,1,22,22,22,22,22,22,22,22,22,22
270337,1,1,0,0,0,0,0,0,0,0,0,0
270337,2,1,0,0,0,0,0,0,0,14,0,0
270338,1,1,0,0,0,0,0,0,0,0,0,0
270338,2,1,0,0,0,0,0,0,0,0,0,0
270339,1,1,0,0,0,0,0,0,0,0,0,0
270340,1,1,19,19,19,19,19,19,19,19,19,19
270341,1,1,0,0,0,0,0,0,0,0,0,0
270341,2,1,0,0,0,0,0,0,0,0,0,0
270342,1,1,0,0,0,0,0,0,0,0,0,0
270342,2,1,0,0,0,0,0,0,0,0,0,0
270343,1,1,0,0,0,0,12,0,0,0,0,0
270343,2,1,0,0,0,0,0,0,0,0,0,0
270344,0,1,0,0,0,0,0,0,0,0,0,0
270344,1,1,0,0,0,0,0,0,0,0,0,0
270345,1,1,0,0,0,0,0,0,0,0,0,0
270346,1,1,7,7,7,7,7,7,7,7,7,7
270347,1,1,0,0,0,0,0,0,15,0,0,0
270347,2,1,0,0,0,0,0,0,0,0,0,0
270348,1,1,0,0,0,10,0,9,0,0,0,0
270348,2,1,0,0,0,0,0,0,0,0,0,0
270349,1,1,0,0,0,0,0,0,0,0,0,0
270351,1,1,0,0,0,0,0,0,0,0,0,0
270352,1,1,0,0,0,0,0,0,0,0,0,0
270352,2,1,0,0,0,0,0,0,0,0,0,0
270353,1,1,0,0,0,0,0,0,0,0,0,0
270353,2,1,0,0,0,0,0,0,0,0,0,0
270354,1,1,0,0,0,0,0,0,0,0,0,0
270354,2,1,0,0,0,0,0,0,0,0,0,0
270355,1,1,0,0,0,23,0,0,0,0,0,11
270356,1,1,0,0,0,0,0,0,0,0,0,0
270357,1,1,0,0,0,0,0,0,0,0,0,0
270358,1,1,0,0,0,0,0,0,0,0,0,0
270358,2,1,0,0,0,0,0,0,18,23,0,0
270358,3,1,0,0,0,0,0,0,0,0,0,0
270359,1,1,0,0,0,0,0,0,0,0,0,0
270359,2,1,0,0,0,0,0,0,0,0,0,0
270360,0,1,0,0,0,0,0,0,0,0,0,0
270360,1,1,0,0,0,0,14,0,0,0,0,0
270361,1,1,0,0,0,0,0,0,0,0,0,0
270362,0,1,0,0,0,0,0,0,0,0,0,0
270362,1,1,0,0,0,0,0,0,0,0,0,0
270363,1,1,0,0,10,0,0,0,0,0,0,4
270364,1,1,26,26,26,26,26,26,26,26,26,26
270365,0,1,0,0,0,0,0,0,0,0,0,0
270365,1,1,0,0,0,0,0,0,0,0,0,0
270366,1,1,21,21,21,21,21,21,21,21,21,21
270367,1,1,8,8,8,8,8,8,8,8,8,8
270368,1,1,0,0,0,0,0,0,0,0,0,0
270368,2,1,0,0,0,0,0,0,0,0,0,0
270369,1,1,0,0,11,0,16,0,8,0,0,21
270370,1,1,0,17,0,0,0,0,0,0,23,0
270371,1,1,0,0,0,0,0,0,0,0,0,0
270371,2,1,0,0,0,0,0,0,0,0,0,0
270372,1,1,23,23,23,23,23,23,23,23,23,23
270373,1,1,0,0,0,0,0,0,0,0,0,0
270373,2,1,0,0,0,0,0,0,0,0,0,0
270374,1,1,15,15,15,15,15,15,15,15,15,15
270375,1,1,0,0,0,0,0,0,0,0,0,0
270375,2,1,12,0,0,0,0,0,0,5,0,0
270376,1,1,0,0,0,0,0,0,0,0,0,0
270377,1,1,0,0,0,0,0,0,0,0,0,0
270377,2,1,0,0,14,0,0,17,0,0,24,0
270378,0,1,21,21,21,21,21,21,21,21,21,21
270378,1,1,0,0,0,20,7,21,0,9,0,0
270379,1,1,0,0,0,0,0,0,0,0,0,0
270379,2,1,0,0,0,0,0,0,0,0,0,0
270380,1,1,21,0,0,0,0,0,0,0,0,8
270380,2,1,0,0,0,0,0,0,0,0,0,0
270380,3,1,0,0,0,0,0,0,0,0,0,0
270381,1,1,7,0,0,22,20,0,0,0,7,0
270382,1,1,14,16,0,0,0,0,0,0,0,0
280001,0,1,37,37,37,37,37,37,37,37,37,37
280001,1,1,0,0,0,0,0,0,0,0,0,0
280002,1,1,0,0,17,0,0,0,0,0,0,0
280002,2,1,17,7,21,12,23,15,5,17,18,21
280003,1,1,24,24,24,24,24,24,24,24,24,24
280004,1,1,9,9,9,9,9,9,9,9,9,9
280004,2,1,0,0,0,0,0,0,0,0,0,9
280005,1,1,0,17,0,0,0,0,0,0,18,0
280005,2,1,0,0,0,0,0,21,0,0,0,0
280006,1,1,6,0,0,0,0,8,0,0,0,12
280006,2,1,0,0,0,0,0,0,0,0,0,0
280007,1,1,0,0,0,0,0,0,0,0,0,11
280007,2,1,4,4,4,4,4,4,4,4,4,4
280008,1,1,0,0,0,0,0,0,0,0,0,0
280009,1,1,0,0,0,0,0,30,0,0,0,19
280010,1,1,24,0,14,0,31,22,12,30,26,22
280011,1,1,0,0,0,0,0,0,0,0,0,0
280011,2,1,0,0,0,0,0,0,0,0,0,0
280011,3,1,7,7,7,7,7,7,7,7,7,7
280012,1,1,0,25,0,0,0,0,0,0,0,0
280012,2,1,0,0,0,0,0,0,0,0,24,0
280013,1,1,0,0,12,25,0,5,15,0,0,25
280014,1,1,0,0,0,0,0,0,0,0,0,0
280015,1,1,0,0,0,0,0,30,14,0,0,0
280016,1,1,17,17,17,17,17,17,17,17,17,17
280017,1,1,0,0,0,0,0,0,10,23,0,12
280018,1,1,0,0,0,0,16,0,0,0,0,7
280019,1,1,23,0,12,0,0,0,0,0,27,0
280020,0,1,0,0,0,0,0,0,0,0,0,0
280020,1,1,0,0,0,0,0,0,0,0,0,0
280021,1,1,0,0,0,0,0,0,0,0,0,0
280021,2,1,0,0,0,0,0,0,0,0,0,0
280021,3,1,0,0,0,0,0,0,0,0,0,0
280021,4,1,0,0,0,0,0,0,0,0,0,0
280022,0,1,0,0,0,0,0,0,0,0,0,0
280022,1,1,0,0,0,0,0,14,0,0,0,0
280023,1,1,0,0,0,0,0,0,0,0,0,0
280023,2,1,0,0,0,0,0,0,0,0,0,0
280024,1,1,31,31,31,31,31,31,31,31,31,31
280025,1,1,0,0,0,0,0,0,0,0,0,0
280025,2,1,0,0,0,0,0,0,0,0,0,0
280025,3,1,0,0,0,0,0,0,0,0,0,0
280026,1,1,31,31,31,31,31,31,31,31,31,31
280027,1,1,23,23,0,2,0,26,25,18,21,18
280028,0,1,0,0,0,0,0,0,0,0,0,0
280028,1,1,0,2,0,0,0,0,0,0,0,0
280029,1,1,0,0,0,0,0,0,0,0,0,0
280029,2,1,0,0,0,0,0,0,0,0,0,0
280030,1,1,0,0,0,0,0,0,0,0,0,0
280030,2,1,0,0,0,0,0,0,0,0,0,0
280030,3,1,0,0,0,0,0,0,0,0,0,0
280031,1,1,0,0,0,0,0,0,0,0,0,0
280031,2,1,0,0,0,0,0,0,0,0,0,0
280032,1,1,0,0,0,0,0,0,0,0,0,0
280032,2,1,0,0,0,0,0,0,0,0,0,0
280033,1,1,0,0,0,0,0,0,0,0,0,0
280034,1,1,0,0,0,0,0,0,0,0,0,0
280035,1,1,0,0,0,0,0,0,0,0,0,0
280035,2,1,0,0,0,0,0,0,0,0,0,0
280036,1,1,18,8,0,13,0,17,27,0,21,0
280037,1,1,0,0,0,0,0,0,0,0,0,0
280037,2,1,4,13,0,0,0,0,0,0,0,22
280038,1,1,0,0,0,0,0,0,0,0,0,0
280038,2,1,0,0,0,0,0,0,0,0,0,0
280039,1,1,0,0,0,0,0,0,0,0,0,0
280040,1,1,0,0,29,0,0,7,10,6,0,0
280040,2,1,0,13,0,0,0,0,0,0,0,0
280041,1,1,0,0,0,0,0,0,4,0,0,0
280042,1,1,30,30,30,30,30,30,30,30,30,30
280043,1,1,10,19,10,0,0,14,0,0,0,7
280044,1,1,0,0,0,0,0,0,0,0,0,0
280045,1,1,0,0,0,0,0,0,0,0,0,0
280045,2,1,0,0,0,0,0,0,0,0,0,0
280046,1,1,19,19,19,19,19,19,19,19,19,19
280046,2,1,0,0,0,0,0,0,0,0,0,0
280047,1,1,0,0,0,0,0,0,0,0,0,0
280048,1,1,0,0,0,0,0,0,0,0,0,0
280048,2,1,0,0,0,0,0,0,0,0,0,0
280049,1,1,0,0,0,0,0,0,0,0,0,0
280049,2,1,0,0,0,0,0,0,0,0,0,0
280050,1,1,0,0,21,28,17,10,41,16,0,0
280051,1,1,0,0,0,0,0,0,0,0,0,0
280052,0,1,0,10,7,0,0,0,20,0,0,18
280052,1,1,0,0,0,0,0,0,0,0,0,0
280053,1,1,0,0,0,0,0,0,0,0,0,0
280054,1,1,17,10,26,0,0,0,0,0,15,8
280054,2,1,0,0,0,0,10,0,0,0,0,0
280055,1,1,0,0,0,0,0,0,15,0,0,0
280056,1,1,0,0,0,0,0,0,0,0,0,0
280057,1,1,0,0,0,26,0,40,0,0,15,0
280058,1,1,0,0,0,0,0,0,10,0,0,0
280059,1,1,0,0,0,0,0,0,0,0,0,0
280060,1,1,0,0,0,0,0,0,0,0,0,0
280061,0,1,0,0,0,0,19,0,0,22,0,0
280061,1,1,0,0,0,0,0,0,0,0,0,0
280062,1,1,0,0,0,0,0,0,0,0,0,0
280063,1,1,16,10,7,13,8,13,11,16,19,19
280064,1,1,0,0,0,0,0,0,0,0,0,0
280065,1,1,1,1,1,1,1,1,1,1,1,1
280066,1,1,18,0,20,24,15,22,21,0,0,0
280067,0,1,0,0,0,0,0,24,0,0,43,0
280067,0,2,0,0,0,0,0,0,0,0,0,0
280067,0,3,0,0,0,0,0,0,0,0,0,0
280067,1,1,0,0,0,0,0,0,0,0,0,0
280068,1,1,0,0,0,0,0,0,0,0,0,0
280068,2,1,0,0,0,0,0,0,0,0,0,0
280069,0,1,0,0,28,0,0,0,0,22,0,0
280069,1,1,0,6,0,0,0,0,0,0,0,0
280070,1,1,12,15,0,0,0,0,0,0,0,0
280071,0,1,0,27,0,0,17,36,18,23,14,35
280071,1,1,0,0,4,0,0,27,0,0,0,0
280072,1,1,0,0,0,0,0,0,0,0,0,0
280072,2,1,2,2,2,2,2,2,2,2,2,2
280073,1,1,0,0,0,0,0,0,0,0,0,0
280073,2,1,0,0,0,0,0,0,0,0,0,0
280073,3,1,0,0,0,0,0,0,0,16,0,0
280074,1,1,0,0,17,18,0,0,0,0,0,0
280075,1,1,0,0,0,0,0,0,0,0,0,0
280075,2,1,0,0,0,0,0,0,0,0,0,0
280076,1,1,0,0,0,0,0,0,6,0,0,0
280077,1,1,2,2,2,2,2,2,2,2,2,2
280078,1,1,0,11,0,0,0,0,0,0,0,0
280079,1,1,0,0,0,0,0,0,0,0,0,0
280080,1,1,0,0,0,9,0,0,0,0,0,0
280080,2,1,9,9,9,9,9,9,9,9,9,9
280081,1,1,0,0,0,0,0,0,0,0,0,0
280081,2,1,0,0,0,0,0,0,0,0,0,0
280082,1,1,0,0,21,0,0,0,0,0,0,0
280082,2,1,0,0,0,0,0,13,0,0,0,0
280083,0,1,0,0,0,0,0,0,0,0,0,0
280083,1,1,0,0,0,0,0,0,0,0,0,0
280084,1,1,0,10,0,0,0,0,13,18,0,20
280085,1,1,26,26,26,26,26,26,26,26,26,26
280086,0,1,0,0,17,0,30,20,0,0,0,10
280086,1,1,0,0,0,0,0,0,0,0,0,0
280087,1,1,4,22,11,0,13,15,8,15,0,11
280088,1,1,0,0,0,0,0,0,0,0,0,0
280089,0,1,1,1,1,1,1,1,1,1,1,1
280089,1,1,0,0,0,0,0,0,0,0,15,0
280090,0,1,20,0,0,0,0,0,0,0,0,0
280090,1,1,0,0,0,0,0,0,0,0,0,7
280090,2,1,0,0,0,0,0,0,0,0,0,0
280091,1,1,0,0,0,24,0,0,0,0,15,0
280091,2,1,0,0,0,0,0,0,0,0,0,0
280091,3,1,0,0,0,0,0,0,0,0,0,0
280092,0,1,0,21,0,0,0,4,0,0,17,0
280092,1,1,0,0,0,0,0,0,4,0,0,0
280093,1,1,26,32,24,16,0,0,0,10,18,27
280094,1,1,0,0,0,0,0,0,0,0,0,0
280094,2,1,0,0,0,0,0,0,0,0,0,0
280095,1,1,0,9,0,12,0,0,9,0,0,0
280096,1,1,0,0,0,0,0,0,0,0,0,0
280096,2,1,0,0,0,0,0,0,0,0,0,0
280097,0,1,0,0,0,18,13,27,16,23,0,0
280097,1,1,0,0,0,0,0,0,0,0,0,10
280098,1,1,22,12,0,0,32,0,0,0,0,0
280099,1,1,0,0,0,0,0,0,0,0,0,0
280099,2,1,18,0,0,0,0,23,0,14,0,16
280100,1,1,21,6,0,0,0,7,0,0,0,0
280101,1,1,0,0,0,0,0,26,0,0,0,0
280101,2,1,0,0,0,0,0,0,0,0,0,0
280102,1,1,0,0,0,13,15,18,0,18,0,0
280103,1,1,26,24,6,14,5,14,26,15,0,21
280103,2,1,0,0,0,0,0,0,0,0,0,0
280104,1,1,25,25,25,25,25,25,25,25,25,25
280105,1,1,0,0,0,0,0,0,0,0,0,0
280105,2,1,0,0,0,0,0,0,0,0,0,0
280106,1,1,0,0,0,0,0,0,0,0,0,0
280107,1,1,0,0,0,0,0,0,0,0,0,0
280108,1,1,0,0,0,0,0,0,0,0,0,0
280108,2,1,0,0,0,0,0,0,0,0,0,0
280109,1,1,3,3,3,3,3,3,3,3,3,3
280110,1,1,0,0,0,0,0,0,0,0,0,0
280111,1,1,0,0,0,18,16,0,0,0,7,0
280112,0,1,32,0,0,0,0,0,0,0,10,5
280112,1,1,0,0,0,0,0,0,0,0,0,0
280113,1,1,0,0,12,0,0,0,0,0,0,0
280113,2,1,8,18,11,0,30,6,0,0,9,6
280114,0,1,28,0,23,17,12,13,19,16,27,17
280114,1,1,0,0,0,0,0,0,0,0,0,0
280115,0,1,0,0,0,0,0,0,0,0,0,0
280115,1,1,0,0,0,0,0,0,0,0,0,0
280116,1,1,0,0,0,0,0,0,0,0,0,0
280116,2,1,0,0,0,0,0,0,0,0,0,0
280117,1,1,0,18,0,0,0,0,0,0,17,52
280118,1,1,0,0,0,0,0,0,0,0,0,0
280118,2,1,0,0,0,0,0,0,16,0,0,0
280119,1,1,0,0,0,0,0,0,0,0,0,0
280119,2,1,0,0,0,0,0,0,0,0,0,0
280120,1,1,0,0,0,0,0,0,0,0,0,0
280120,2,1,0,0,0,23,0,0,0,0,0,0
280121,1,1,0,0,0,0,0,0,0,0,0,0
280121,2,1,0,0,0,0,0,0,0,0,0,0
280122,1,1,0,0,22,23,0,0,0,4,20,0
280123,1,1,0,0,0,0,0,0,0,0,0,0
280124,1,1,0,0,0,0,0,0,0,0,0,0
280124,2,1,0,0,0,0,0,0,0,0,0,0
280125,1,1,0,0,0,0,0,0,0,0,0,0
280126,1,1,0,0,14,0,0,0,0,9,0,0
280127,1,1,0,0,0,0,0,0,0,0,0,0
280127,2,1,9,0,0,0,0,0,0,0,0,0
280128,1,1,0,0,0,0,0,0,0,0,0,0
280129,1,1,5,5,5,5,5,5,5,5,5,5
280130,1,1,0,0,0,0,0,0,0,0,0,0
280130,2,1,0,0,0,0,0,0,0,0,0,8
280131,1,1,0,0,0,0,0,0,0,0,0,0
280131,2,1,0,0,0,0,0,0,0,0,0,0
280132,1,1,0,29,0,0,11,0,4,0,0,0
280133,1,1,0,0,0,0,0,0,0,0,0,0
280133,2,1,0,0,0,0,0,0,0,0,0,0
280134,1,1,0,0,0,0,0,0,0,0,0,0
280134,2,1,0,0,0,0,0,0,0,0,0,0
280135,1,1,0,0,0,5,0,0,0,6,5,0
280136,1,1,0,0,0,0,0,0,0,0,0,0
280136,2,1,0,0,0,0,0,0,0,0,0,0
280137,0,1,0,23,0,0,0,0,0,0,18,0
280137,1,1,25,25,25,25,25,25,25,25,25,25
280137,2,1,0,0,0,0,0,0,0,0,0,0
280138,0,1,28,47,0,0,11,0,12,29,20,23
280138,1,1,0,0,0,13,0,0,0,0,0,0
280139,1,1,0,13,0,14,0,0,0,0,0,0
280139,2,1,0,0,0,0,0,0,0,0,0,0
280140,1,1,0,0,17,0,14,20,0,0,0,0
280141,1,1,0,0,0,0,0,0,0,0,0,0
280142,1,1,0,0,0,0,0,13,0,18,0,0
280143,1,1,0,0,19,0,0,0,0,0,0,0
280143,2,1,0,0,0,0,0,0,0,0,0,5
280144,1,1,0,0,0,0,0,0,0,0,0,0
280144,2,1,0,0,0,0,0,0,0,0,0,0
280145,1,1,0,0,0,0,0,0,0,0,0,19
280146,1,1,0,0,0,19,0,0,0,0,0,0
280146,2,1,0,0,0,0,0,0,0,0,0,0
280147,1,1,0,0,0,0,0,0,0,0,0,0
280147,2,1,0,0,0,0,0,0,0,0,0,0
280148,1,1,0,0,0,0,0,0,0,0,0,0
280148,2,1,0,0,0,0,0,0,0,0,0,0
280149,1,1,0,0,0,0,0,0,0,0,0,0
280149,2,1,0,0,0,0,0,0,8,0,0,0
280150,1,1,33,0,0,24,0,0,20,28,0,0
280151,1,1,0,0,0,0,0,0,0,0,0,0
280151,2,1,0,0,0,0,0,0,0,4,0,0
280151,3,1,0,0,0,0,0,0,0,0,0,14
280152,1,1,0,0,0,0,0,0,0,0,0,0
280152,2,1,0,0,0,0,25,0,0,0,25,0
280153,1,1,0,0,0,0,0,0,0,0,0,0
280154,1,1,0,0,0,0,0,0,0,0,0,0
280155,1,1,0,33,0,0,0,0,0,0,0,0
280156,1,1,0,0,0,0,0,0,0,0,0,0
280156,2,1,0,0,0,0,0,0,0,0,0,0
280157,1,1,0,0,0,0,0,0,0,0,0,0
280157,2,1,20,0,0,7,0,0,0,0,0,0
280158,1,1,0,0,0,0,0,0,0,0,0,0
280158,2,1,0,0,0,0,26,0,0,0,0,0
280159,1,1,15,0,21,0,11,24,22,11,0,9
280160,1,1,0,0,0,0,0,0,0,0,0,0
280160,2,1,0,0,0,0,0,0,0,0,22,0
280161,1,1,0,0,0,0,0,35,0,0,0,0
280162,1,1,0,0,0,0,0,0,0,0,0,0
280162,2,1,0,0,0,0,0,0,0,0,0,0
280163,1,1,0,0,0,0,0,0,0,0,0,0
280165,0,1,0,19,0,0,10,0,0,0,6,0
280165,1,1,0,0,0,0,0,0,0,17,0,25
280166,0,1,0,0,0,0,0,0,0,0,0,0
280166,1,1,0,0,0,0,7,0,0,0,0,0
280167,1,1,25,0,0,0,9,0,0,15,0,0
280167,2,1,0,0,0,0,0,0,0,0,0,0
280167,3,1,0,0,0,0,0,0,0,0,0,0
280168,0,1,0,0,0,0,0,0,0,0,0,0
280168,1,1,0,0,0,0,0,0,0,0,0,0
280169,1,1,0,0,0,0,0,26,0,0,0,15
280170,1,1,10,10,10,10,10,10,10,10,10,10
280171,1,1,0,0,0,0,0,0,0,0,0,0
280172,1,1,0,0,0,0,0,0,0,0,0,0
280173,1,1,0,0,0,0,0,0,0,0,0,0
280173,2,1,0,0,0,0,0,0,0,0,0,0
280174,0,1,0,0,0,0,0,0,0,0,0,0
280174,1,1,0,0,6,0,0,0,0,0,0,0
280175,1,1,0,0,0,0,0,0,0,0,0,0
280175,2,1,13,13,13,13,13,13,13,13,13,13
280176,1,1,0,0,0,0,0,0,0,0,0,0
280176,2,1,0,0,2,0,0,0,0,0,0,0
280177,1,1,16,16,16,16,16,16,16,16,16,16
280177,2,1,0,0,0,0,0,0,0,0,0,0
280178,1,1,7,0,0,29,5,0,13,0,0,0
280179,1,1,3,23,0,0,0,10,27,16,0,15
280180,1,1,10,10,10,10,10,10,10,10,10,10
280181,1,1,0,14,0,0,0,8,19,22,0,18
280182,0,1,0,0,0,0,0,0,0,0,0,0
280182,1,1,0,0,0,0,0,0,0,0,0,0
280183,1,1,0,0,0,0,0,0,0,0,0,0
280183,2,1,0,0,0,0,0,0,0,0,0,0
280184,1,1,0,0,0,0,0,0,0,0,0,0
280184,2,1,6,15,0,11,16,10,2,0,8,8
280185,1,1,0,28,0,0,0,0,31,28,10,23
280186,1,1,21,21,21,21,21,21,21,21,21,21
280187,1,1,0,0,0,0,0,0,0,0,0,0
280187,2,1,0,0,0,14,0,0,0,0,0,0
280188,1,1,0,0,0,17,0,0,0,16,0,31
280189,1,1,0,0,0,0,0,0,0,0,0,0
280189,2,1,0,0,0,0,17,0,24,0,0,0
280189,3,1,0,0,0,0,0,0,0,0,0,0
280190,1,1,20,0,0,20,13,0,0,16,29,0
280191,1,1,0,0,0,0,0,0,0,0,0,0
280191,2,1,0,0,0,0,0,0,0,0,0,0
280191,3,1,0,0,0,0,0,0,0,0,0,0
280192,1,1,12,0,14,0,23,0,33,17,16,12
280193,1,1,0,0,0,0,12,0,0,10,0,0
280194,1,1,9,9,9,9,9,9,9,9,9,9
280195,1,1,0,0,0,0,0,0,0,0,0,0
280196,1,1,0,0,0,0,0,0,0,0,0,0
280196,2,1,0,0,0,0,0,0,0,0,0,0
280197,1,1,0,0,0,0,0,0,0,0,0,0
280197,2,1,0,0,0,0,0,0,0,0,0,0
280198,1,1,0,0,0,0,0,0,0,0,0,0
280199,1,1,0,0,0,0,0,0,0,0,0,0
280199,2,1,0,0,0,0,0,0,0,0,0,0
280199,3,1,0,0,0,0,0,0,0,0,0,0
280200,1,1,23,23,23,23,23,23,23,23,23,23
280200,2,1,1,1,1,1,1,1,1,1,1,1
280201,1,1,0,0,0,0,0,0,0,0,0,12
280201,2,1,0,0,0,0,0,0,0,0,0,0
280202,0,1,20,20,20,20,20,20,20,20,20,20
280202,1,1,0,0,0,0,0,0,0,0,0,0
280203,0,1,0,0,0,0,0,0,0,0,0,0