ST_CASE,VEH_NO,PER_NO,P1,P2,P3,P4,P5,P6,P7,P8,P9,P10
280534,1,1,0,0,0,0,0,0,0,0,0,0
280534,2,1,0,0,0,0,0,11,22,0,19,0
280535,0,1,1,1,1,1,1,1,1,1,1,1
280535,1,1,7,0,0,0,0,0,0,0,0,0
280536,0,1,23,23,23,23,23,23,23,23,23,23
280536,1,1,0,0,0,0,0,0,0,0,0,0
280536,2,1,0,0,0,0,0,0,0,0,0,0
280536,3,1,0,0,0,0,0,0,0,0,0,0
280537,1,1,0,0,0,0,0,0,0,0,0,0
280537,2,1,0,0,0,0,0,0,0,0,0,0
280538,0,1,0,0,0,0,0,0,0,0,0,0
280538,1,1,0,0,0,0,0,14,0,12,0,0
280539,1,1,0,0,0,0,10,12,0,0,0,0
280540,1,1,0,0,0,0,0,0,0,0,0,0
280540,2,1,0,0,0,0,0,0,0,0,0,0
280541,1,1,0,0,0,0,0,0,0,0,0,0
280541,2,1,11,0,15,19,11,8,0,0,0,14
280542,1,1,0,11,0,10,0,0,35,12,0,0
280542,2,1,21,21,21,21,21,21,21,21,21,21
280543,1,1,0,0,0,0,0,0,0,0,0,0
280543,2,1,0,0,0,0,0,0,0,0,0,0
280544,1,1,27,27,27,27,27,27,27,27,27,27
280545,1,1,5,0,19,0,0,0,13,8,0,9
280546,1,1,0,0,0,0,0,0,0,0,30,0
280546,2,1,0,0,0,0,0,0,0,0,0,0
280547,1,1,0,0,0,0,0,0,0,0,0,0
280547,2,1,0,0,7,0,15,0,0,0,0,0
280547,3,1,0,0,0,0,0,0,0,0,0,0
280548,1,1,0,0,0,0,0,0,0,0,0,0
280548,2,1,18,0,0,0,19,0,0,0,0,0
280549,1,1,21,0,0,0,0,0,0,0,0,0
280549,2,1,0,0,0,0,8,0,0,0,0,0
280550,1,1,17,0,0,0,0,0,0,0,0,15
280551,1,1,0,0,0,0,14,0,0,0,0,0
280551,2,1,0,0,0,31,0,0,0,0,0,24
280552,1,1,0,0,0,0,0,0,0,0,0,0
280553,1,1,0,0,0,0,0,0,0,0,0,0
280553,2,1,0,29,14,0,18,2,0,0,0,0
280554,1,1,0,0,0,0,0,0,0,0,0,0
280554,2,1,0,0,0,0,0,0,0,0,0,32
280555,1,1,8,8,8,8,8,8,8,8,8,8
280555,2,1,0,0,0,0,16,0,0,0,0,0
280556,1,1,0,0,0,0,0,0,0,0,0,0
280557,1,1,0,0,0,0,0,0,0,0,0,0
280557,2,1,0,0,0,0,0,0,0,0,0,0
280558,1,1,0,0,0,0,0,0,0,25,0,0
280558,2,1,0,7,0,0,0,0,0,0,0,0
280559,1,1,27,13,24,0,0,0,13,5,0,17
280560,1,1,0,0,0,0,0,0,0,0,0,0
280560,2,1,0,0,0,0,0,0,0,0,0,0
280561,1,1,0,0,0,0,0,0,0,0,0,0
280561,2,1,0,0,14,14,0,0,48,0,0,0
280562,1,1,0,33,0,0,0,21,0,0,0,0
280563,0,1,33,0,0,19,0,0,40,0,0,12
280563,1,1,10,0,22,0,0,0,0,15,0,0
280564,1,1,12,0,0,0,0,16,0,0,0,0
280565,0,1,0,0,0,0,0,0,17,0,0,0
280565,1,1,9,2,9,10,0,32,0,24,20,0
280566,1,1,0,0,0,0,11,0,0,0,0,0
280566,2,1,0,0,0,0,0,0,0,0,0,0
280567,0,1,0,0,0,0,0,0,0,0,0,0
280567,1,1,0,0,13,0,0,0,0,0,0,0
280568,1,1,17,17,17,17,17,17,17,17,17,17
280569,1,1,0,0,0,17,0,3,0,0,0,22
280569,2,1,0,0,0,0,0,0,0,0,0,0
280570,1,1,20,20,20,20,20,20,20,20,20,20
280571,1,1,24,37,12,0,9,11,10,17,34,16
280572,1,1,0,0,0,0,0,0,0,0,0,0
280573,1,1,0,0,0,0,0,0,0,0,0,0
280573,2,1,0,0,6,0,0,0,0,0,0,0
280574,1,1,13,13,13,13,13,13,13,13,13,13
280575,1,1,0,0,0,0,0,0,0,0,0,0
280577,0,1,0,0,15,0,0,0,0,0,0,0
280577,1,1,0,0,0,0,0,0,20,0,0,0
280578,1,1,0,0,0,0,0,0,5,0,0,0
280579,1,1,0,0,0,0,0,0,0,0,0,0
280580,1,1,0,0,12,6,6,0,0,29,0,11
280581,1,1,27,27,27,27,27,27,27,27,27,27
280582,1,1,0,0,0,0,0,0,25,0,0,0
280583,1,1,0,0,0,0,0,0,0,0,0,0
280584,1,1,12,12,12,12,12,12,12,12,12,12
280585,1,1,0,0,12,0,0,0,0,0,0,0
280586,1,1,0,0,0,0,0,0,0,0,0,0
280586,2,1,15,0,0,0,0,0,0,0,21,0
280587,1,1,47,0,17,0,0,0,24,25,0,8
280588,1,1,0,0,0,0,8,12,0,0,0,0
280589,1,1,15,15,15,15,15,15,15,15,15,15
280590,1,1,0,0,0,0,0,0,0,0,0,0
280591,1,1,0,0,0,0,0,0,0,0,0,0
280592,1,1,0,0,21,15,7,3,20,0,0,0
280593,1,1,17,17,17,17,17,17,17,17,17,17
280594,1,1,0,0,0,0,0,0,0,0,0,0
280595,1,1,14,14,14,14,14,14,14,14,14,14
280596,1,1,15,15,15,15,15,15,15,15,15,15
280597,1,1,11,11,11,11,11,11,11,11,11,11
280598,1,1,0,0,0,0,0,0,0,0,0,16
280599,1,1,0,5,7,0,0,0,12,0,0,0
280600,1,1,0,0,0,0,0,0,0,0,0,0
280601,1,1,21,0,0,0,32,0,0,0,0,10
280602,1,1,0,0,0,0,0,0,0,0,0,21
280603,1,1,11,11,11,11,11,11,11,11,11,11
280604,1,1,0,0,0,0,0,0,0,0,0,0
280604,2,1,0,0,12,0,0,0,0,0,0,0
280605,1,1,0,0,5,0,0,0,0,0,0,21
280605,2,1,13,13,13,13,13,13,13,13,13,13
280606,1,1,0,14,17,21,0,0,0,0,7,0
290001,1,1,18,18,18,18,18,18,18,18,18,18
290002,1,1,0,0,0,0,0,0,0,0,0,0
290003,1,1,5,5,5,5,5,5,5,5,5,5
290004,1,1,0,0,0,0,0,0,0,0,0,0
290005,1,1,27,27,27,27,27,27,27,27,27,27
290006,1,1,0,0,0,0,0,0,0,0,0,0
290006,2,1,0,0,0,0,0,0,0,0,0,0
290007,1,1,0,0,0,0,0,0,0,0,0,0
290008,1,1,0,0,0,0,0,0,0,0,0,0
290008,2,1,0,0,0,0,0,0,0,0,0,0
290009,1,1,30,0,0,16,27,0,0,14,19,21
290010,1,1,0,0,0,0,0,0,0,0,0,0
290011,1,1,7,7,7,7,7,7,7,7,7,7
290012,1,1,26,26,26,26,26,26,26,26,26,26
290013,1,1,10,10,10,10,10,10,10,10,10,10
290014,0,1,18,18,18,18,18,18,18,18,18,18
290014,2,1,0,0,0,0,0,0,0,0,0,0
290015,1,1,0,0,0,0,0,0,0,0,0,0
290015,2,1,0,0,0,0,0,0,0,0,0,0
290016,1,1,36,36,36,36,36,36,36,36,36,36
290017,1,1,10,10,10,10,10,10,10,10,10,10
290018,1,1,0,0,0,0,0,0,0,0,0,0
290019,0,1,0,0,0,0,0,0,0,0,0,0
290019,1,1,0,0,0,0,0,0,0,0,0,0
290020,1,1,0,0,0,0,0,0,0,0,0,0
290020,2,1,0,0,0,0,0,0,0,0,0,0
290021,1,1,0,0,0,0,0,0,0,0,0,0
290022,1,1,6,6,6,6,6,6,6,6,6,6
290022,2,1,0,0,0,0,0,0,0,0,0,0
290022,3,1,0,0,0,0,0,0,0,0,0,0
290023,0,1,0,0,0,24,0,0,41,0,0,0
290023,1,1,0,0,0,0,0,0,0,0,0,0
290024,1,1,7,7,7,7,7,7,7,7,7,7
290024,2,1,0,0,0,0,0,0,0,7,7,0
290025,1,1,26,26,26,26,26,26,26,26,26,26
290026,0,1,0,0,0,0,0,0,0,0,0,0
290026,1,1,0,0,0,0,0,0,0,0,0,0
290027,1,1,0,8,0,0,13,0,0,0,0,0
290028,1,1,0,0,0,0,0,0,0,0,0,0
290029,1,1,0,0,0,0,0,0,0,0,0,0
290029,2,1,0,0,0,0,0,0,0,0,0,0
290030,1,1,0,0,0,0,0,0,0,0,0,0
290030,2,1,0,0,0,0,0,0,0,0,0,0
290031,1,1,12,12,12,12,12,12,12,12,12,12
290031,2,1,0,0,0,0,0,0,0,0,0,0
290032,1,1,0,0,0,0,0,0,0,0,0,0
290032,2,1,0,0,0,0,0,0,0,0,0,0
290033,1,1,17,17,17,17,17,17,17,17,17,17
290033,2,1,0,0,0,0,0,10,0,0,0,0
290034,1,1,0,0,0,0,0,0,0,0,0,0
290034,2,1,0,0,0,0,0,0,0,0,0,0
290035,1,1,0,0,0,0,0,0,0,0,0,0
290036,1,1,0,0,0,0,0,0,0,0,0,0
290037,1,1,0,0,0,0,0,0,0,0,0,0
290037,2,1,16,16,16,16,16,16,16,16,16,16
290038,0,1,0,0,0,0,0,0,0,0,0,0
290038,1,1,0,0,0,0,0,0,0,0,0,0
290039,1,1,0,0,0,0,0,0,0,0,0,0
290039,2,1,0,0,0,0,0,0,0,0,0,0
290040,1,1,19,19,19,19,19,19,19,19,19,19
290040,2,1,20,20,20,20,20,20,20,20,20,20
290041,1,1,4,4,4,4,4,4,4,4,4,4
290042,1,1,10,10,10,10,10,10,10,10,10,10
290043,1,1,0,0,0,0,0,0,0,0,0,0
290044,0,1,3,3,3,3,3,3,3,3,3,3
290044,1,1,0,0,0,0,0,0,0,0,0,0
290044,2,1,0,0,0,0,0,0,0,0,0,0
290046,1,1,23,23,23,23,23,23,23,23,23,23
290047,1,1,0,0,0,0,0,0,0,0,0,0
290048,1,1,0,0,0,0,0,0,0,0,0,0
290049,1,1,0,0,0,0,0,0,0,0,0,0
290050,1,1,0,0,0,0,0,0,0,0,0,0
290051,1,1,0,10,0,0,0,0,0,0,0,0
290051,2,1,0,0,0,0,0,0,0,0,0,0
290052,1,1,16,16,16,16,16,16,16,16,16,16
290052,2,1,0,0,0,0,0,0,0,0,0,0
290053,1,1,16,16,16,16,16,16,16,16,16,16
290054,0,1,26,26,26,26,26,26,26,26,26,26
290054,1,1,0,0,0,0,0,0,0,0,0,0
290055,1,1,21,21,21,21,21,21,21,21,21,21
290056,1,1,17,17,17,17,17,17,17,17,17,17
290057,0,1,0,0,0,0,0,0,0,0,0,0
290057,1,1,0,0,0,0,0,0,0,0,0,0
290058,1,1,28,28,28,28,28,28,28,28,28,28
290059,1,1,15,15,15,15,15,15,15,15,15,15
290059,2,1,0,0,0,0,0,0,0,0,0,0
290059,3,1,0,0,0,0,6,0,0,0,10,0
290060,1,1,28,28,28,28,28,28,28,28,28,28
290061,1,1,0,0,0,0,0,0,0,0,0,0
290061,2,1,0,0,0,0,0,0,0,0,0,0
290062,1,1,0,0,0,0,0,0,0,0,0,0
290062,2,1,0,0,0,0,0,0,0,0,0,0
290063,1,1,0,0,0,0,0,0,0,0,0,0
290063,2,1,0,0,0,0,0,0,0,0,0,0
290064,0,1,15,28,8,15,24,21,21,48,18,30
290064,1,1,0,0,0,11,0,0,35,34,0,25
290065,1,1,0,0,0,0,0,0,0,0,0,0
290065,2,1,0,0,0,0,0,0,0,0,0,0
290066,1,1,0,0,0,0,0,0,0,0,0,0
290066,2,1,0,12,17,0,0,0,0,0,0,0
290066,3,1,0,0,0,0,0,0,0,0,0,0
290067,1,1,27,27,27,27,27,27,27,27,27,27
290067,2,1,0,0,0,0,0,0,0,0,23,27
290068,1,1,0,0,0,0,0,0,0,0,0,0
290069,0,1,12,12,12,12,12,12,12,12,12,12
290069,2,1,0,0,0,0,0,0,0,0,0,0
290070,1,1,20,20,20,20,20,20,20,20,20,20
290071,1,1,0,0,0,0,0,0,0,0,0,0
290072,0,1,0,0,0,0,0,0,0,0,0,0
290072,1,1,11,0,0,0,0,0,0,0,0,0
290073,0,1,0,0,0,0,0,0,0,0,0,0
290073,1,1,0,0,0,0,0,0,0,0,29,0
290074,0,1,37,37,37,37,37,37,37,37,37,37
290074,1,1,0,0,0,0,0,0,0,0,0,0
290075,0,1,0,0,0,0,0,0,0,0,0,0
290075,1,1,0,0,0,0,0,0,0,0,0,0
290076,0,1,19,19,19,19,19,19,19,19,19,19
290076,0,2,0,0,0,0,0,0,0,7,0,0
290076,1,1,0,0,0,0,0,0,0,0,0,0
290077,1,1,25,25,25,25,25,25,25,25,25,25
290077,2,1,0,0,0,0,0,0,0,0,0,0
290078,1,1,0,0,0,18,0,0,0,0,0,9
290079,1,1,12,12,12,12,12,12,12,12,12,12
290080,1,1,0,0,0,0,0,0,0,0,0,22
290080,2,1,0,0,0,0,0,0,0,0,0,0
290080,3,1,0,0,0,0,0,0,0,0,0,0
290081,1,1,0,0,0,0,20,0,0,0,0,0
290082,1,1,0,0,0,0,0,0,0,0,0,0
290083,1,1,12,12,21,9,11,18,19,16,12,17
290083,2,1,0,0,0,0,0,0,0,0,0,0
290084,1,1,0,0,0,0,0,0,0,0,0,0
290084,2,1,0,0,0,0,0,0,0,0,0,0
290085,1,1,0,0,0,0,0,0,0,0,0,0
290085,2,1,0,0,0,0,0,0,0,0,0,0
290086,1,1,0,0,0,0,0,0,0,0,0,0
290086,2,1,0,0,0,0,0,0,0,0,0,0
290087,1,1,0,0,0,0,0,0,0,0,0,0
290088,1,1,30,30,30,30,30,30,30,30,30,30
290088,2,1,0,0,0,0,0,0,0,0,0,0
290089,0,1,23,23,23,23,23,23,23,23,23,23
290089,1,1,3,0,0,0,27,0,0,0,0,0
290091,1,1,26,26,26,26,26,26,26,26,26,26
290092,1,1,0,0,0,0,0,0,0,0,0,0
290092,2,1,0,0,0,0,0,0,0,0,0,0
290093,1,1,0,0,0,0,0,0,0,0,0,0
290094,1,1,17,17,17,17,17,17,17,17,17,17
290094,2,1,0,0,0,0,0,0,0,0,0,12
290094,3,1,0,12,0,0,0,0,0,0,0,0
290096,1,1,0,17,13,12,19,20,12,14,9,0
290097,0,1,17,17,17,17,17,17,17,17,17,17
290097,1,1,18,17,0,0,0,0,9,0,0,0
290099,1,1,0,0,0,0,0,0,0,0,0,0
290100,1,1,34,34,34,34,34,34,34,34,34,34
290101,1,1,0,0,0,0,0,0,0,0,0,0
290102,1,1,0,0,0,0,0,0,0,0,0,0
290103,1,1,0,0,0,0,0,0,0,0,0,0
290103,2,1,0,0,0,0,0,0,0,0,0,0
290103,3,1,0,0,0,0,0,0,0,0,0,0
290104,1,1,0,0,0,0,0,0,0,0,0,0
290104,2,1,0,0,0,0,0,0,0,0,0,0
290105,1,1,0,0,0,0,0,0,0,0,0,0
290105,2,1,8,8,8,8,8,8,8,8,8,8
290106,0,1,0,0,0,0,0,0,29,0,0,0
290106,1,1,0,0,0,0,0,0,0,0,0,0
290107,1,1,0,0,0,0,0,0,0,0,0,0
290107,2,1,0,0,0,0,0,0,0,0,0,0
290108,1,1,12,12,12,12,12,12,12,12,12,12
290109,1,1,25,25,25,25,25,25,25,25,25,25
290110,1,1,0,0,10,0,0,0,0,0,0,0
290111,1,1,0,0,0,0,0,0,0,0,0,0
290111,2,1,0,0,0,0,0,0,0,0,0,0
290112,1,1,22,22,22,22,22,22,22,22,22,22
290113,1,1,0,0,0,0,0,0,0,0,0,0
290114,1,1,37,37,37,37,37,37,37,37,37,37
290115,1,1,0,0,0,0,0,0,0,0,0,0
290115,2,1,0,0,0,0,0,0,0,0,0,0
290116,0,1,33,33,33,33,33,33,33,33,33,33
290116,1,1,4,4,4,4,4,4,4,4,4,4
290117,0,1,0,0,0,0,0,0,0,0,0,0
290117,1,1,0,0,0,0,0,0,0,0,0,0
290118,1,1,5,0,0,0,20,16,0,0,0,0
290119,1,1,0,0,0,0,0,0,0,0,0,0
290119,2,1,8,8,8,8,8,8,8,8,8,8
290120,1,1,0,0,0,0,0,2,0,0,0,25
290120,2,1,0,0,0,0,0,0,0,0,0,0
290121,0,1,0,0,0,0,0,0,0,0,0,0
290121,1,1,22,5,35,25,6,9,35,19,16,0
290122,1,1,0,0,0,0,0,0,0,0,0,0
290123,1,1,0,0,0,0,0,0,0,0,0,0
290123,2,1,0,0,0,19,0,0,0,0,0,0
290123,3,1,0,0,0,0,0,0,0,0,0,0
290124,1,1,0,0,0,0,0,0,0,0,0,0
290124,2,1,0,0,0,0,0,0,0,0,0,0
290125,1,1,0,0,0,0,0,0,0,0,0,0
290126,1,1,0,0,0,0,0,0,0,0,0,0
290126,2,1,0,0,0,0,0,0,0,0,0,0
290127,1,1,0,0,0,0,0,0,0,0,0,0
290127,2,1,0,0,0,0,0,0,0,0,0,0
290128,1,1,0,0,0,0,0,0,0,0,0,0
290128,2,1,0,0,0,0,0,0,0,0,0,0
290128,3,1,0,0,0,0,0,0,0,0,0,0
290128,4,1,0,0,0,0,0,0,0,0,0,0
290129,1,1,0,0,0,0,0,0,0,0,0,0
290129,2,1,0,0,0,0,0,0,0,0,0,0
290129,3,1,0,22,0,0,0,0,0,0,0,0
290129,4,1,0,0,0,0,0,0,0,0,0,0
290129,5,1,0,0,0,0,0,0,0,0,0,0
290130,1,1,0,0,0,0,0,0,0,0,0,0
290131,1,1,0,0,0,0,0,0,0,0,24,0
290131,2,1,0,0,0,0,0,0,0,0,0,0
290131,3,1,0,0,0,8,0,0,0,0,0,0
290132,1,1,0,0,0,0,0,0,0,0,0,0
290133,0,1,0,0,0,0,0,0,0,0,0,0
290133,1,1,0,0,0,0,0,0,0,0,0,0
290134,1,1,10,10,10,10,10,10,10,10,10,10
290134,2,1,0,0,0,0,0,0,0,0,0,0
290135,1,1,0,0,0,0,0,0,0,0,0,0
290136,1,1,0,0,0,0,0,0,0,0,0,0
290137,1,1,0,0,0,0,0,0,12,0,16,0
290138,0,1,0,0,0,0,0,0,0,0,0,0
290138,0,2,0,0,0,0,0,0,0,0,0,0
290138,1,1,0,0,0,0,0,0,0,0,0,0
290139,1,1,16,16,16,16,16,16,16,16,16,16
290139,2,1,0,0,0,0,0,0,0,0,0,0
290140,1,1,0,0,0,0,0,0,0,10,0,0
290141,1,1,0,0,0,0,0,0,0,0,0,0
290141,2,1,0,0,0,0,0,0,0,0,0,0
290142,1,1,3,3,3,3,3,3,3,3,3,3
290142,2,1,0,0,0,0,0,0,0,0,0,0
290143,1,1,0,0,0,0,0,0,0,0,0,0
290143,2,1,0,0,0,0,0,0,0,0,0,0
290144,1,1,16,0,0,0,0,0,32,0,0,0
290145,1,1,57,57,57,57,57,57,57,57,57,57
290146,1,1,0,0,0,0,0,0,0,0,0,0
290147,1,1,25,25,25,25,25,25,25,25,25,25
290148,1,1,0,0,0,0,0,0,0,0,0,0
290149,1,1,26,25,33,18,21,31,0,15,13,15
290149,2,1,0,0,0,0,0,0,0,0,0,0
290151,0,1,0,0,0,0,0,0,0,0,0,0
290151,1,1,0,0,0,0,0,0,0,0,0,0
290152,1,1,0,0,0,0,0,0,0,0,0,0
290152,2,1,0,0,0,0,0,0,0,0,0,0
290152,3,1,0,0,0,0,0,0,0,0,0,0
290152,4,1,0,0,0,0,0,0,0,0,0,0
290152,5,1,0,0,0,0,0,0,0,0,0,0
290152,6,1,0,0,0,0,0,0,0,0,0,0
290152,7,1,0,0,0,0,0,0,0,0,0,0
290152,8,1,0,0,0,0,0,0,0,0,0,0
290152,9,1,0,0,0,11,0,0,0,0,0,0
290153,1,1,0,0,0,0,0,0,0,0,0,0
290153,2,1,0,0,0,0,0,0,0,0,0,0
290154,1,1,27,27,27,27,27,27,27,27,27,27
290155,1,1,0,0,0,0,0,23,0,39,0,25
290156,1,1,13,13,13,13,13,13,13,13,13,13
290157,1,1,0,0,0,0,0,0,0,0,0,0
290158,1,1,0,0,0,0,0,0,0,0,0,0
290159,1,1,0,0,0,0,0,0,0,0,0,0
290160,1,1,0,0,0,0,0,0,0,0,0,0
290160,2,1,0,0,0,0,0,0,0,0,0,0
290162,1,1,0,0,0,0,0,0,0,0,0,0
290163,1,1,0,0,0,16,0,0,0,0,0,0
290164,1,1,0,0,0,0,0,0,0,0,0,0
290164,2,1,0,0,0,0,0,0,0,0,0,0
290165,1,1,0,0,0,0,0,0,0,0,0,0
290165,2,1,0,0,0,0,0,0,0,0,0,0
290166,1,1,14,14,14,14,14,14,14,14,14,14
290167,1,1,0,0,0,0,0,0,0,0,0,0
290167,2,1,0,0,0,0,0,0,0,0,0,0
290168,1,1,0,0,0,0,0,0,0,0,0,0
290169,2,1,25,0,0,0,0,0,0,0,0,0
290170,1,1,23,23,23,23,23,23,23,23,23,23
290171,1,1,0,0,0,0,0,23,0,27,19,0
290171,2,1,0,0,0,0,0,0,0,0,0,0
290172,1,1,28,28,28,28,28,28,28,28,28,28
290172,2,1,0,0,0,0,0,0,0,0,0,0
290172,3,1,0,0,0,0,0,0,0,0,0,0
290173,1,1,0,0,0,0,0,0,0,0,0,0
290174,1,1,0,0,0,0,0,0,0,0,0,0
290174,2,1,7,7,7,7,7,7,7,7,7,7
290175,1,1,0,0,0,0,0,0,0,0,0,0
290176,1,1,0,0,0,0,0,0,0,0,0,0
290177,1,1,0,0,0,0,0,0,0,0,0,0
290177,2,1,0,0,0,0,0,0,0,0,0,0
290178,1,1,0,0,0,0,0,0,0,0,0,0
290178,2,1,0,0,0,0,0,0,0,0,17,0
290179,1,1,0,0,0,0,0,0,0,0,0,0
290179,2,1,0,0,0,0,0,0,0,0,0,0
290180,1,1,0,0,0,0,0,0,0,0,0,0
290180,2,1,0,0,0,0,0,0,0,0,0,0
290181,1,1,0,0,0,0,0,0,0,0,0,0
290182,1,1,0,0,0,0,0,0,0,0,0,0
290182,2,1,0,0,0,19,0,0,0,0,0,0
290183,1,1,3,3,3,3,3,3,3,3,3,3
290184,1,1,0,0,0,0,0,0,0,0,0,0
290184,2,1,0,8,0,0,0,0,0,0,26,0
290185,0,1,0,0,0,0,0,0,0,0,0,0
290185,1,1,0,0,0,0,0,0,0,0,0,0
290185,2,1,0,0,0,0,0,0,0,0,0,0
290186,1,1,0,0,0,0,0,0,0,0,0,0
290186,2,1,0,0,0,0,0,0,0,0,0,0
290187,1,1,0,0,0,0,0,0,0,0,0,0
290187,2,1,0,0,0,0,0,0,0,0,0,0
290188,1,1,0,0,0,0,0,0,0,0,0,0
290189,1,1,12,12,12,12,12,12,12,12,12,12
290190,1,1,0,0,0,0,0,0,0,0,0,0
290190,2,1,0,0,0,0,0,0,0,0,0,0
290191,1,1,0,0,0,0,0,0,0,0,0,0
290191,2,1,0,0,0,0,0,0,0,0,0,0
290192,1,1,0,0,0,0,0,0,0,0,0,6
290192,2,1,0,0,0,0,0,0,0,0,0,0
290193,1,1,12,12,12,12,12,12,12,12,12,12
290194,1,1,0,0,0,0,0,0,0,0,6,0
290194,2,1,0,0,0,0,0,0,0,0,0,0
290195,0,1,30,30,30,30,30,30,30,30,30,30
290195,1,1,0,0,0,0,0,0,0,0,0,0
290196,1,1,0,0,0,0,0,0,0,0,0,0
290196,2,1,0,0,0,0,0,0,0,0,16,0
290197,0,1,0,0,0,0,0,0,0,0,0,0
290197,1,1,0,0,0,0,30,12,52,0,0,0
290198,1,1,18,18,18,18,18,18,18,18,18,18
290199,1,1,0,0,0,0,0,0,0,0,0,0
290199,2,1,0,0,0,0,0,0,0,0,0,0
290200,1,1,14,14,14,14,14,14,14,14,14,14
290201,1,1,0,14,0,0,0,0,0,0,0,0
290202,0,1,27,12,12,0,13,30,38,13,37,17
290202,1,1,0,0,0,0,0,0,0,0,0,0
290203,0,1,8,8,8,8,8,8,8,8,8,8
290203,1,1,0,25,0,0,0,0,0,0,0,0
290204,1,1,0,0,0,0,0,0,0,0,0,0
290205,1,1,22,22,22,22,22,22,22,22,22,22
290206,1,1,0,0,0,0,0,0,0,0,0,0
290207,1,1,16,16,16,16,16,16,16,16,16,16
290208,1,1,17,0,0,0,0,0,0,0,5,0
290208,2,1,0,0,0,0,0,0,0,0,0,0
290209,1,1,18,18,18,18,18,18,18,18,18,18
290210,1,1,0,0,0,0,0,0,0,0,0,0
290210,2,1,0,17,0,0,6,2,0,0,0,5
290211,1,1,0,0,0,0,0,0,0,0,0,15
290212,1,1,20,20,20,20,20,20,20,20,20,20
290213,1,1,20,20,20,20,20,20,20,20,20,20
290214,1,1,0,0,0,0,0,0,0,0,0,0
290214,2,1,0,0,0,0,0,0,0,0,0,0
290215,1,1,18,18,18,18,18,18,18,18,18,18
290215,2,1,0,0,0,0,0,0,0,0,0,0
290216,1,1,0,0,0,0,0,0,0,0,0,0
290216,2,1,0,0,0,0,0,0,0,0,0,0
290217,0,1,51,51,51,51,51,51,51,51,51,51
290217,1,1,0,0,0,0,0,0,0,0,0,0
290218,1,1,0,8,0,0,0,0,0,0,0,22
290218,2,1,1,1,1,1,1,1,1,1,1,1
290219,1,1,0,0,0,0,0,0,0,0,0,0
290220,1,1,0,0,0,0,0,0,0,0,0,0
290221,1,1,0,0,0,0,0,0,0,0,0,0
290221,2,1,0,0,0,0,0,0,0,0,0,0
290221,3,1,0,0,0,0,0,0,0,0,0,0
290222,1,1,0,0,0,0,0,0,0,0,0,0
290223,1,1,0,0,0,0,0,0,0,0,0,0
290224,1,1,0,0,0,0,0,0,0,0,0,0
290224,2,1,0,0,0,0,0,0,0,0,0,0
290225,1,1,0,0,0,0,0,0,0,0,0,0
290225,2,1,0,0,0,0,0,0,0,0,0,0
290226,1,1,0,0,0,0,0,20,0,0,0,0
290227,1,1,0,0,0,0,0,0,0,0,0,0
290228,1,1,0,0,0,0,0,0,0,0,0,0
290228,2,1,0,0,0,0,14,0,0,0,0,0
290229,1,1,0,0,0,0,0,0,0,0,0,0
290230,1,1,0,0,0,0,0,0,0,0,0,0
290230,2,1,0,0,0,0,0,0,0,0,0,0
290231,1,1,0,0,0,0,0,0,0,0,0,0
290231,2,1,0,0,0,0,0,0,0,0,0,0
290232,0,1,21,21,21,21,21,21,21,21,21,21
290232,1,1,0,0,0,0,0,0,0,0,0,0
290233,1,1,0,0,0,0,0,0,0,0,0,0
290233,2,1,0,0,0,0,0,0,0,0,0,0
290234,1,1,0,0,0,0,0,0,0,0,0,0
290234,2,1,0,0,0,0,0,0,0,0,0,0
290235,1,1,0,0,12,0,0,0,0,0,0,0
290235,2,1,0,0,0,0,0,0,0,0,0,0
290236,1,1,0,0,0,0,0,0,0,0,0,0
290237,0,1,34,34,34,34,34,34,34,34,34,34
290237,1,1,0,0,0,0,0,0,0,0,0,0
290238,1,1,0,0,0,0,0,0,0,0,0,0
290239,1,1,0,0,0,0,0,0,0,0,0,0
290240,1,1,19,19,19,19,19,19,19,19,19,19
290241,1,1,0,0,0,0,0,0,0,0,0,0
290241,2,1,0,0,0,0,0,0,0,0,0,0
290242,1,1,0,0,0,0,0,0,0,0,0,0
290242,2,1,0,0,0,0,0,0,0,14,0,0
290243,1,1,25,25,25,25,25,25,25,25,25,25
290244,1,1,23,23,23,23,23,23,23,23,23,23
290245,1,1,0,0,0,0,0,16,0,0,0,0
290245,2,1,0,0,0,0,0,0,0,0,0,0
290246,1,1,19,19,19,19,19,19,19,19,19,19
290247,0,1,12,12,12,12,12,12,12,12,12,12
290247,1,1,0,0,0,0,0,0,0,0,0,0
290248,1,1,0,0,0,18,0,10,17,0,0,16
290249,1,1,27,27,27,27,27,27,27,27,27,27
290250,1,1,0,0,0,0,0,0,0,0,0,0
290251,1,1,19,10,6,17,20,15,6,14,21,17
290252,1,1,0,0,0,0,0,0,0,0,0,0
290253,1,1,0,0,0,0,0,0,0,0,0,0