ST_CASE,VEH_NO,PER_NO,P1,P2,P3,P4,P5,P6,P7,P8,P9,P10
290570,1,1,0,0,0,0,0,0,0,0,0,0
290572,1,1,0,0,0,0,0,0,0,0,0,0
290572,2,1,0,0,0,0,0,0,0,0,0,0
290573,1,1,0,0,0,0,0,0,0,0,0,0
290574,0,1,22,22,22,22,22,22,22,22,22,22
290574,1,1,0,0,0,0,0,0,0,0,0,0
290575,1,1,9,9,9,9,9,9,9,9,9,9
290576,1,1,0,0,0,0,0,0,0,0,0,0
290576,2,1,0,0,0,0,0,0,0,0,0,0
290577,1,1,0,0,0,0,0,0,0,0,0,0
290577,2,1,10,10,10,10,10,10,10,10,10,10
290578,1,1,42,42,42,42,42,42,42,42,42,42
290579,1,1,9,9,9,9,9,9,9,9,9,9
290581,1,1,0,0,0,0,0,0,0,0,0,0
290581,2,1,0,0,0,0,0,0,0,0,0,0
290582,1,1,0,0,0,0,0,0,0,0,0,0
290582,2,1,0,0,0,0,0,0,7,0,0,0
290583,1,1,0,0,0,0,0,0,0,0,0,0
290584,1,1,0,0,0,0,0,0,0,0,0,0
290586,1,1,0,0,0,0,0,0,0,0,0,0
290587,1,1,22,22,22,22,22,22,22,22,22,22
290588,0,1,0,0,0,0,0,0,0,0,0,0
290588,1,1,0,0,0,0,0,0,0,0,0,0
290589,1,1,0,0,0,0,0,0,0,0,0,0
290590,1,1,1,1,1,1,1,1,1,1,1,1
290590,2,1,0,0,0,0,0,0,0,0,0,0
290591,1,1,5,0,0,0,0,0,0,0,0,0
290591,2,1,0,0,0,21,0,0,0,30,23,0
290592,0,1,0,0,0,0,0,0,0,0,0,0
290592,1,1,7,0,0,0,32,3,0,0,0,0
290593,1,1,30,30,30,30,30,30,30,30,30,30
290594,0,1,0,0,0,0,0,0,0,0,0,0
290594,1,1,0,0,0,10,0,0,0,0,0,0
290595,1,1,0,5,0,0,0,0,0,0,0,0
290595,2,1,0,0,0,0,0,0,0,0,0,0
290596,1,1,0,0,0,0,0,0,0,0,0,0
290597,0,1,15,15,15,15,15,15,15,15,15,15
290597,1,1,0,0,0,24,0,0,0,0,0,2
290598,1,1,0,0,0,0,0,0,0,0,0,0
290598,2,1,0,0,0,0,0,0,0,0,0,0
290598,3,1,0,0,0,0,0,0,0,0,0,0
290598,4,1,0,0,0,0,0,0,0,0,0,0
290599,1,1,0,0,0,0,0,0,0,0,0,0
290599,2,1,26,11,0,17,0,18,0,14,22,0
290600,1,1,0,0,0,0,0,0,0,0,0,0
290601,1,1,0,0,0,0,0,0,0,0,0,0
290601,2,1,0,0,0,0,0,0,0,0,0,0
290602,1,1,0,0,0,0,0,0,0,0,0,0
290603,1,1,0,0,0,0,0,0,0,0,0,0
290603,2,1,0,0,0,0,0,0,0,0,0,0
290604,1,1,26,26,26,26,26,26,26,26,26,26
290605,1,1,0,0,0,0,0,0,0,0,0,0
290606,1,1,28,28,28,28,28,28,28,28,28,28
290607,1,1,0,0,0,0,0,0,0,0,0,0
290608,0,1,0,0,0,0,0,0,0,0,0,0
290608,1,1,0,0,0,0,0,0,0,0,0,0
290609,0,1,0,0,0,0,0,0,0,0,0,0
290609,1,1,0,0,0,0,0,0,0,0,0,0
290610,1,1,0,5,8,13,15,19,0,13,20,15
290611,1,1,0,0,0,0,0,0,0,0,0,0
290611,2,1,0,0,0,0,0,0,0,0,0,0
290612,0,1,0,0,0,0,0,0,0,0,0,0
290612,1,1,0,0,0,0,0,0,0,0,0,0
290613,1,1,0,0,0,0,0,0,0,0,0,0
290613,2,1,7,7,7,7,7,7,7,7,7,7
290613,3,1,0,0,0,0,0,0,0,0,0,0
290614,1,1,0,0,0,20,12,0,9,0,0,0
290614,2,1,0,0,0,0,0,0,0,0,0,0
290615,1,1,0,0,0,0,0,0,0,0,0,0
290615,2,1,16,0,9,9,19,24,19,11,17,40
290616,1,1,0,0,0,0,33,0,0,0,0,0
290616,2,1,11,0,0,21,16,7,0,0,0,14
290617,1,1,19,19,19,19,19,19,19,19,19,19
290618,1,1,0,0,0,0,0,0,0,0,0,0
290619,1,1,0,0,25,0,19,0,12,0,0,3
290619,2,1,0,0,0,0,0,0,0,0,0,0
290620,0,1,0,0,0,0,0,0,0,0,0,0
290620,1,1,0,0,0,0,0,0,0,0,0,0
290621,0,1,0,0,0,0,0,0,0,0,0,0
290621,1,1,0,0,0,0,0,0,0,0,0,0
290622,1,1,0,0,0,0,7,0,0,0,0,0
290623,0,1,0,0,0,0,0,0,0,0,0,0
290623,1,1,0,0,0,0,0,0,0,0,0,0
290624,1,1,0,0,0,0,0,0,0,0,0,0
290624,2,1,0,0,0,0,0,0,0,0,0,0
290624,3,1,0,0,0,0,0,0,0,0,0,0
290625,1,1,0,0,0,0,0,0,0,0,0,0
290626,1,1,0,0,0,0,0,0,0,0,0,0
290627,1,1,0,0,0,0,0,0,0,0,0,0
290627,2,1,0,0,0,0,0,0,0,0,0,0
290627,3,1,0,0,0,0,0,10,0,0,0,0
290627,4,1,0,0,0,0,0,0,0,0,0,0
290628,0,1,0,0,0,0,0,0,0,0,0,0
290628,1,1,0,0,0,0,0,0,0,0,0,0
290629,1,1,7,7,7,7,7,7,7,7,7,7
290630,0,1,0,0,0,0,0,0,0,22,0,33
290630,1,1,0,0,0,0,0,0,0,0,0,0
290630,2,1,28,20,19,8,0,14,5,0,0,34
290630,3,1,0,0,0,0,0,0,0,0,0,0
290631,1,1,0,0,0,0,21,0,0,0,0,17
290631,2,1,0,12,0,0,0,0,0,0,0,0
290633,0,1,0,0,0,0,0,0,0,0,18,0
290633,1,1,0,0,0,0,0,0,0,0,13,0
290633,2,1,0,0,0,0,0,0,0,0,0,0
290634,1,1,0,0,0,0,0,0,0,0,0,0
290635,1,1,0,0,0,0,0,0,0,0,0,0
290636,1,1,22,22,22,22,22,22,22,22,22,22
290636,2,1,0,23,0,0,0,0,0,12,21,0
290637,1,1,0,16,0,0,0,0,0,0,0,0
290637,2,1,0,0,0,0,0,0,25,0,0,0
290638,1,1,0,0,0,0,0,0,0,0,0,0
290639,1,1,0,0,0,9,0,0,0,0,0,0
290639,2,1,0,0,0,0,0,0,0,0,0,0
290640,1,1,0,0,0,0,0,0,0,0,0,0
290640,2,1,0,0,0,0,0,0,0,0,0,0
290641,0,1,30,30,30,30,30,30,30,30,30,30
290641,1,1,0,0,0,0,14,0,0,0,0,0
290642,1,1,0,0,0,0,0,0,0,0,0,0
290643,1,1,0,0,0,0,0,0,0,0,0,0
290643,2,1,0,0,0,0,0,0,0,0,0,0
290643,3,1,0,0,0,0,0,0,0,0,0,0
290643,4,1,0,0,0,0,0,0,0,0,0,0
290643,5,1,0,0,0,0,0,0,0,0,0,0
290643,6,1,0,0,0,0,0,0,0,0,0,0
290643,7,1,0,0,0,0,0,0,0,0,0,0
290644,1,1,0,0,0,0,0,0,0,0,0,0
290644,2,1,0,0,0,0,0,0,0,0,0,0
290645,1,1,0,0,0,0,0,0,0,0,0,0
290645,2,1,0,0,0,0,0,0,0,0,0,0
290646,1,1,0,0,0,0,0,0,0,0,0,0
290647,1,1,0,0,0,0,0,0,0,0,0,0
290648,1,1,0,0,0,0,0,24,0,0,0,0
290648,2,1,0,0,0,0,0,0,0,0,0,0
290648,3,1,23,0,0,0,0,0,0,0,0,0
290649,1,1,18,18,18,18,18,18,18,18,18,18
290649,2,1,0,0,0,0,0,0,0,0,0,0
290650,1,1,18,18,18,18,18,18,18,18,18,18
290651,1,1,0,0,0,0,20,13,0,0,0,0
290651,2,1,0,0,0,0,0,0,0,0,0,0
290652,1,1,0,0,0,0,0,0,0,0,0,0
290653,1,1,0,0,0,0,0,0,0,0,0,0
290654,1,1,0,0,0,0,0,0,0,0,0,0
290655,1,1,19,13,40,0,0,0,13,2,15,19
290656,1,1,0,0,0,0,0,0,0,0,0,0
290657,0,1,0,0,0,0,0,0,0,0,0,0
290657,2,1,0,0,0,0,0,0,0,0,0,0
290658,1,1,9,9,9,9,9,9,9,9,9,9
290659,1,1,0,0,0,0,0,0,0,0,0,0
290660,1,1,15,15,15,15,15,15,15,15,15,15
290661,1,1,0,0,0,0,0,0,0,0,0,0
290661,2,1,0,0,0,0,0,0,0,0,0,0
290662,1,1,0,0,0,0,0,0,0,0,0,0
290662,2,1,0,0,0,0,0,0,0,0,0,0
290663,1,1,0,0,0,0,0,0,0,0,0,0
290664,1,1,0,0,0,0,0,0,0,0,0,0
290665,1,1,10,0,0,0,14,0,21,16,36,0
290666,0,1,10,0,0,0,28,31,0,18,17,0
290666,1,1,0,0,0,0,0,0,0,0,0,0
290667,1,1,26,26,26,26,26,26,26,26,26,26
290668,1,1,0,0,0,0,0,0,0,0,0,0
290669,1,1,13,0,0,0,0,0,0,0,0,0
290669,2,1,0,0,0,0,0,0,0,0,0,0
290670,1,1,0,0,0,0,0,0,0,0,0,0
290672,1,1,0,0,0,0,0,0,0,0,0,0
290672,2,1,0,0,0,0,0,0,0,24,0,0
290673,1,1,0,0,0,0,0,0,0,0,0,0
290674,0,1,0,0,0,0,0,0,0,0,0,0
290674,1,1,0,0,0,0,0,0,0,0,0,0
290674,2,1,0,0,0,0,0,0,0,0,0,0
290674,3,1,0,0,0,0,0,0,0,0,0,0
290674,4,1,0,0,0,0,0,0,0,0,0,0
290675,1,1,0,0,0,0,0,0,0,0,0,0
290676,1,1,0,0,0,0,0,0,0,0,0,0
290677,0,1,24,8,2,12,18,11,24,23,15,3
290677,1,1,0,36,10,0,0,6,0,0,13,12
290678,1,1,0,0,0,0,0,0,0,0,0,0
290678,2,1,0,0,0,0,0,0,0,0,0,0
290679,1,1,0,0,0,0,0,0,0,0,0,0
290679,2,1,0,0,0,0,0,0,0,0,0,0
290680,1,1,32,32,32,32,32,32,32,32,32,32
290681,1,1,0,0,0,0,0,0,0,0,0,0
290682,1,1,0,0,0,0,0,0,0,0,0,0
290683,1,1,0,0,4,3,0,0,0,0,0,0
290683,2,1,0,0,0,0,10,0,0,0,0,0
290684,1,1,0,0,0,0,0,0,0,0,0,0
290685,1,1,0,0,0,0,0,0,0,0,0,0
290686,1,1,0,0,0,0,0,0,0,0,0,16
290686,2,1,0,0,0,0,0,0,0,0,0,0
290687,0,1,0,0,0,0,0,0,0,0,0,0
290687,1,1,0,0,0,0,0,0,0,0,0,0
290688,0,1,0,0,0,0,0,0,0,0,0,0
290688,1,1,0,0,0,0,0,0,0,0,0,0
290689,1,1,0,0,0,0,0,0,0,0,0,0
290689,2,1,0,0,0,0,0,0,0,0,0,0
290690,1,1,8,0,0,0,0,0,0,0,0,0
290690,2,1,0,0,0,0,0,0,0,0,0,0
290691,1,1,0,0,0,0,0,0,0,0,0,0
290691,2,1,0,0,0,0,0,0,0,0,0,0
290692,1,1,0,0,0,0,0,0,0,0,0,0
290692,2,1,0,0,0,0,0,0,0,0,0,0
290694,0,1,0,0,0,0,16,0,0,0,0,12
290694,1,1,0,0,0,0,0,0,0,0,0,0
290695,1,1,0,0,0,0,0,0,0,0,0,0
290695,2,1,0,0,0,3,0,0,0,0,0,0
290696,1,1,13,13,13,13,13,13,13,13,13,13
290696,2,1,0,0,0,0,0,0,0,0,0,0
290697,0,1,0,0,0,0,0,0,0,0,0,0
290697,1,1,0,9,9,0,0,0,14,0,17,0
290698,1,1,0,0,0,0,0,0,0,0,0,0
290699,1,1,0,0,12,0,0,0,0,0,0,0
290700,2,1,19,0,0,0,0,0,23,0,0,0
290700,3,1,0,0,0,0,0,0,0,0,0,0
290701,1,1,0,0,0,0,0,0,0,0,0,0
290701,2,1,0,0,0,0,0,0,0,0,0,0
290702,1,1,0,0,0,0,0,0,0,0,0,0
290702,2,1,0,0,0,0,0,0,0,0,0,0
290703,0,1,17,17,17,17,17,17,17,17,17,17
290703,1,1,0,0,0,0,0,0,0,0,0,0
290704,1,1,20,20,20,20,20,20,20,20,20,20
290705,1,1,0,0,0,12,0,0,0,13,0,0
290706,1,1,13,8,17,21,24,9,8,7,0,16
290707,1,1,0,0,0,0,0,0,0,0,0,0
290707,2,1,0,0,0,0,0,0,0,0,0,0
290709,1,1,0,0,0,0,0,0,0,0,0,0
290709,2,1,0,0,0,0,0,0,0,0,0,19
290710,1,1,0,0,0,0,0,0,0,0,0,0
290710,2,1,0,0,0,0,0,0,0,0,0,0
290711,1,1,0,0,0,0,0,0,0,0,0,0
290711,2,1,0,0,0,0,0,0,0,0,0,0
290712,1,1,0,0,0,0,0,0,0,0,0,0
290712,2,1,0,0,0,0,0,0,0,0,0,0
290713,1,1,0,0,0,0,0,0,0,0,0,0
290713,2,1,0,0,0,0,0,0,0,0,0,0
290714,1,1,17,17,17,17,17,17,17,17,17,17
290715,1,1,0,0,0,0,0,0,0,0,0,0
290716,1,1,0,0,0,0,0,0,0,0,0,0
290716,2,1,0,0,0,0,0,0,0,0,0,0
290717,1,1,0,0,0,0,0,0,0,0,0,0
290718,1,1,0,0,0,0,0,0,0,0,0,0
290718,2,1,0,0,0,0,0,0,0,0,0,0
290719,1,1,0,0,0,0,0,0,0,0,0,0
290720,1,1,0,0,0,0,0,0,0,0,0,0
290721,1,1,0,0,0,0,0,0,0,0,0,0
290721,2,1,0,0,0,0,0,0,0,0,0,0
290722,1,1,16,0,0,0,0,0,0,0,0,0
290723,1,1,0,0,0,0,0,0,0,0,0,0
290723,2,1,0,0,0,0,0,0,0,0,0,0
290724,1,1,0,0,0,0,0,0,0,0,0,0
290724,2,1,0,0,0,0,0,0,0,0,0,0
290725,1,1,0,0,0,0,0,0,0,0,0,0
290725,2,1,0,0,0,0,0,0,0,0,0,0
290726,0,1,0,0,0,0,0,0,0,0,0,0
290726,1,1,0,0,0,0,0,0,0,0,0,0
290727,1,1,0,0,0,24,0,0,0,0,0,0
290729,1,1,0,0,0,0,0,0,0,0,0,0
290730,1,1,0,0,0,0,0,0,0,0,0,0
290731,1,1,25,25,25,25,25,25,25,25,25,25
290731,2,1,0,0,0,0,0,0,0,0,0,0
290732,1,1,0,0,0,0,0,0,0,0,0,0
290734,1,1,0,0,0,0,0,0,0,0,0,0
290735,1,1,0,0,0,0,0,0,0,0,0,0
290736,1,1,9,0,13,6,14,9,15,17,54,6
290737,1,1,0,0,0,0,0,0,0,0,0,0
290738,0,1,0,0,0,0,0,0,0,0,0,0
290738,1,1,0,0,0,0,0,0,0,0,0,0
290739,1,1,17,0,0,0,0,0,0,0,0,0
290740,1,1,0,0,0,0,0,0,0,0,0,0
290741,0,1,0,0,0,0,0,21,0,0,0,0
290741,1,1,0,0,0,0,0,0,0,0,0,0
290742,0,1,21,10,25,29,21,31,23,25,16,29
290742,0,2,8,8,8,8,8,8,8,8,8,8
290742,1,1,0,0,0,0,0,0,0,0,0,0
290743,1,1,0,0,0,0,0,0,0,0,0,0
290744,1,1,0,0,0,0,0,0,0,0,0,0
290744,2,1,0,0,0,0,0,0,0,0,0,0
290745,1,1,17,17,17,17,17,17,17,17,17,17
290746,0,1,25,25,25,25,25,25,25,25,25,25
290746,1,1,0,0,30,0,10,10,0,0,0,36
290746,2,1,0,19,0,0,0,6,8,10,0,0
290746,3,1,0,0,0,0,0,0,0,0,0,0
290746,4,1,0,0,0,0,0,0,0,0,0,0
290746,5,1,0,0,3,0,4,0,0,0,0,0
290747,0,1,0,0,0,0,0,0,0,0,0,0
290747,1,1,4,14,0,28,0,0,0,0,22,0
290747,2,1,0,0,0,0,0,0,0,0,0,0
290748,1,1,26,26,26,26,26,26,26,26,26,26
290748,2,1,0,0,0,0,0,0,0,0,0,0
290748,3,1,0,0,0,0,28,10,0,0,0,0
290749,1,1,0,0,0,0,0,0,0,0,0,0
290749,2,1,0,0,0,0,0,0,0,0,0,0
290750,1,1,20,20,20,20,20,20,20,20,20,20
290751,1,1,13,0,0,5,0,0,0,0,0,0
290751,2,1,0,0,0,0,0,0,0,0,0,0
290752,1,1,23,23,23,23,23,23,23,23,23,23
290753,0,1,0,0,0,0,0,0,0,0,0,0
290753,1,1,0,0,0,0,0,0,0,0,0,0
290754,1,1,0,11,0,0,0,0,0,0,0,0
290754,2,1,4,4,4,4,4,4,4,4,4,4
290755,1,1,0,0,0,0,0,0,0,0,0,0
290756,0,1,17,0,26,0,0,0,17,0,44,0
290756,1,1,0,0,0,0,0,0,0,0,0,0
290757,1,1,0,0,0,0,0,0,0,0,0,0
290758,1,1,0,0,0,0,0,0,0,0,0,0
290758,2,1,27,27,27,27,27,27,27,27,27,27
290759,1,1,0,0,0,0,0,0,0,0,0,0
290760,0,1,0,0,0,0,0,0,0,0,0,0
290760,1,1,0,0,0,0,0,0,0,0,0,0
290761,1,1,0,0,0,0,0,0,0,0,0,0
290761,2,1,0,0,0,0,0,0,0,0,0,0
290762,1,1,0,0,0,0,0,0,0,0,0,0
290763,1,1,0,0,0,0,0,0,0,0,0,0
290763,2,1,0,0,0,0,0,0,0,0,0,0
290764,1,1,0,0,0,0,0,0,0,0,0,0
290764,2,1,0,0,0,0,0,0,0,0,0,0
290765,1,1,0,0,0,0,0,0,0,0,0,0
290765,2,1,0,0,0,0,0,0,0,0,0,0
290766,1,1,0,0,0,0,0,0,0,0,0,0
290766,2,1,0,0,0,0,0,0,0,0,0,0
290767,1,1,0,0,0,0,0,0,0,0,0,0
290767,2,1,0,0,0,0,0,0,0,0,0,0
290768,1,1,17,17,17,17,17,17,17,17,17,17
290768,2,1,3,3,3,3,3,3,3,3,3,3
290769,1,1,14,14,14,14,14,14,14,14,14,14
290770,0,1,9,4,0,11,11,33,0,0,14,30
290770,1,1,0,0,0,0,0,0,0,0,0,0
290771,1,1,0,0,0,0,0,0,0,0,0,0
290772,1,1,0,0,0,0,0,0,0,0,7,0
290772,2,1,0,0,0,0,0,0,0,0,0,0
290773,1,1,25,25,25,25,25,25,25,25,25,25
290773,2,1,0,0,0,0,0,0,0,0,0,0
290774,1,1,0,0,0,0,0,0,0,0,0,0
290775,1,1,0,0,0,0,0,0,0,0,0,0
290776,1,1,0,0,0,0,0,0,0,0,0,0
290776,2,1,0,0,0,0,0,0,0,0,0,0
290777,1,1,15,15,15,15,15,15,15,15,15,15
290777,2,1,0,0,0,0,0,0,0,0,0,0
290777,3,1,0,0,0,0,0,0,0,0,0,0
290778,1,1,0,0,0,0,0,0,0,0,0,0
290779,1,1,0,0,0,0,0,0,0,0,0,0
290779,2,1,0,0,0,0,0,0,0,0,0,0
290780,1,1,24,11,0,0,0,0,0,0,0,0
290780,2,1,0,0,0,0,0,0,0,0,0,0
290781,1,1,0,0,0,0,0,0,0,0,0,0
290781,2,1,0,0,0,0,0,0,13,0,0,0
290782,1,1,14,0,0,0,0,12,24,0,0,11
290783,1,1,0,12,7,0,17,8,11,0,12,0
290783,2,1,0,0,0,0,0,0,0,0,0,0
290784,1,1,17,17,17,17,17,17,17,17,17,17
290785,1,1,29,29,29,29,29,29,29,29,29,29
290786,0,1,0,0,0,0,0,0,0,0,0,0
290786,0,2,0,0,0,11,17,0,0,0,36,28
290786,1,1,0,0,0,0,0,0,0,0,0,0
290787,1,1,0,0,0,0,0,0,0,0,0,0
290788,1,1,0,19,0,0,0,0,0,0,0,0
290788,2,1,0,0,0,0,0,0,0,0,0,0
290789,0,1,0,0,0,0,0,0,0,0,0,0
290789,1,1,0,0,0,0,0,0,0,0,0,0
290790,1,1,0,0,0,0,0,0,0,0,0,23
290790,2,1,0,0,0,0,0,0,0,0,0,0
290791,1,1,27,27,27,27,27,27,27,27,27,27
290791,2,1,0,0,0,0,0,0,0,0,0,0
290792,1,1,15,15,15,15,15,15,15,15,15,15
290792,2,1,0,0,0,0,0,0,0,0,10,18
290793,1,1,0,0,0,0,0,0,0,0,0,0
290793,2,1,0,0,0,0,0,0,0,0,0,0
290795,1,1,20,20,20,20,20,20,20,20,20,20
290796,1,1,0,0,0,0,0,0,0,0,0,0
290796,2,1,0,0,0,0,0,0,0,0,0,0
290797,1,1,0,0,0,0,0,0,0,0,0,17
290797,2,1,0,0,0,0,0,0,0,0,0,0
290798,1,1,0,0,0,0,0,3,0,0,0,0
290799,1,1,20,20,20,20,20,20,20,20,20,20
290800,1,1,0,0,0,0,0,0,0,0,0,0
290800,2,1,0,0,0,0,0,0,0,0,0,0
290801,1,1,0,0,0,0,0,0,0,0,0,0
290801,2,1,0,0,0,0,0,0,0,0,0,0
290801,3,1,0,0,28,0,5,0,11,11,21,0
290802,1,1,15,15,15,15,15,15,15,15,15,15
290803,1,1,0,0,0,0,0,0,0,0,0,0
290804,1,1,0,0,0,15,0,0,0,0,7,11
290804,2,1,0,0,0,0,0,0,0,0,0,0
290805,1,1,0,0,0,0,0,0,0,0,0,0
290805,2,1,0,0,0,0,0,0,0,0,0,0
290805,3,1,13,0,0,0,0,0,0,0,0,0
290805,4,1,0,0,0,0,0,0,0,0,0,0
290805,5,1,0,0,0,0,0,0,0,0,0,0
290805,6,1,0,0,0,0,0,0,0,0,0,0
290806,1,1,12,12,12,12,12,12,12,12,12,12
290807,1,1,22,22,22,22,22,22,22,22,22,22
290808,1,1,0,0,0,0,0,0,0,0,0,0
290809,0,1,0,0,0,0,0,0,0,0,0,0
290809,1,1,0,0,14,0,0,32,0,16,0,0
290810,0,1,0,0,0,0,0,0,0,0,0,0
290810,0,2,7,0,0,13,25,0,8,16,0,18
290810,0,3,0,0,0,0,0,0,0,0,0,0
290810,1,1,0,0,0,0,0,0,0,0,0,11
290811,0,1,11,11,11,11,11,11,11,11,11,11
290811,1,1,7,7,7,7,7,7,7,7,7,7
290812,1,1,0,0,0,0,0,0,0,0,0,0
290812,2,1,17,0,0,0,0,0,0,0,0,0
290813,1,1,0,0,0,0,0,0,0,0,0,0
290814,0,1,26,26,26,26,26,26,26,26,26,26
290814,1,1,11,0,16,0,0,0,0,13,0,15
290814,2,1,0,0,0,0,0,0,0,0,0,0
290814,3,1,11,12,0,16,0,29,0,0,0,0
290815,1,1,17,0,0,0,0,0,0,0,0,8
290816,1,1,25,25,25,25,25,25,25,25,25,25
290817,0,1,0,0,0,0,0,0,0,0,0,0
290817,1,1,0,0,0,0,19,0,0,42,0,13
290818,1,1,0,0,0,0,0,0,0,0,0,0
290818,2,1,0,0,0,0,0,0,0,0,0,0
290819,0,1,21,21,21,21,21,21,21,21,21,21
290819,1,1,0,0,0,0,0,0,0,0,0,0
290819,2,1,0,0,0,0,0,0,0,0,0,0
290819,3,1,0,16,28,0,0,29,0,8,21,0
290819,4,1,21,0,17,18,0,0,7,0,0,41
290820,1,1,25,25,25,25,25,25,25,25,25,25
290821,0,1,0,0,0,0,0,0,0,0,0,0
290821,1,1,0,0,0,0,0,0,0,0,0,0
290822,1,1,0,0,0,0,0,0,0,0,0,0
290823,1,1,20,11,0,42,11,5,0,0,0,0
290824,1,1,0,0,0,0,0,0,0,0,0,0
290825,1,1,0,0,0,0,0,0,0,0,0,0
290825,2,1,0,0,0,0,0,0,0,0,0,0
290826,1,1,0,0,0,0,0,0,0,0,0,0
290827,1,1,0,0,29,0,0,0,0,0,16,0
290827,2,1,0,0,0,0,0,0,0,0,32,0
300001,1,1,0,0,0,0,0,0,0,0,0,0
300001,2,1,0,0,0,0,0,0,0,0,0,0
300002,1,1,9,9,9,9,9,9,9,9,9,9
300003,1,1,0,0,0,0,0,0,0,0,0,0
300003,2,1,0,0,0,0,0,0,0,0,0,0
300004,1,1,0,0,0,0,0,0,0,0,0,0
300005,1,1,0,0,0,0,0,0,0,0,0,0
300005,2,1,0,0,0,0,0,0,0,0,0,0
300006,1,1,19,19,19,19,19,19,19,19,19,19
300007,1,1,26,26,26,26,26,26,26,26,26,26
300008,1,1,52,52,52,52,52,52,52,52,52,52
300009,1,1,0,0,0,0,0,0,0,0,0,0
300009,2,1,0,0,0,0,0,0,0,0,0,0
300010,1,1,26,26,26,26,26,26,26,26,26,26
300011,1,1,0,0,0,0,0,0,0,0,0,0
300011,2,1,0,0,0,0,0,0,0,0,0,0
300012,1,1,0,0,0,0,0,0,0,0,0,0
300012,2,1,0,0,0,0,0,0,0,0,0,0
300013,1,1,29,29,29,29,29,29,29,29,29,29
300014,0,1,17,17,17,17,17,17,17,17,17,17
300014,1,1,0,0,0,0,0,0,0,0,0,0
300015,0,1,33,33,33,33,33,33,33,33,33,33
300015,1,1,0,17,0,0,0,0,0,0,11,0
300016,1,1,0,0,0,0,0,0,0,0,0,0
300016,2,1,0,0,0,0,0,0,0,0,0,0
300017,0,1,15,15,15,15,15,15,15,15,15,15
300017,1,1,0,0,0,0,0,0,0,0,0,0
300018,1,1,21,21,21,21,21,21,21,21,21,21
300019,1,1,0,0,0,0,0,0,0,0,0,0
300019,2,1,0,0,0,0,0,0,0,0,0,0
300019,3,1,0,0,0,0,0,0,0,0,0,0
300019,4,1,0,0,0,0,0,0,0,0,0,0
300019,5,1,0,0,0,0,0,0,0,0,0,0
300020,1,1,17,17,17,17,17,17,17,17,17,17
300021,1,1,0,0,0,0,0,0,0,0,0,0
300022,1,1,15,15,15,15,15,15,15,15,15,15
300023,1,1,19,19,19,19,19,19,19,19,19,19
300024,1,1,6,6,6,6,6,6,6,6,6,6
300024,2,1,0,0,0,0,0,0,0,0,0,0
300025,1,1,0,0,0,0,0,0,0,0,0,0
300026,1,1,11,11,11,11,11,11,11,11,11,11
300027,1,1,9,9,9,9,9,9,9,9,9,9
300028,1,1,0,0,0,0,0,0,0,0,0,0
300028,2,1,0,0,0,0,0,0,0,0,0,0
300029,1,1,23,23,23,23,23,23,23,23,23,23
300030,1,1,30,30,30,30,30,30,30,30,30,30
300030,2,1,2,2,2,2,2,2,2,2,2,2
300031,1,1,0,0,0,0,0,0,0,0,0,0
300032,0,1,0,11,35,22,0,0,0,0,0,0
300032,1,1,4,4,4,4,4,4,4,4,4,4
300033,1,1,0,0,0,0,0,0,0,0,0,0
300034,1,1,0,0,0,0,0,0,0,0,0,0
300035,1,1,25,25,25,25,25,25,25,25,25,25
300036,1,1,16,16,16,16,16,16,16,16,16,16
300037,1,1,0,0,0,0,0,0,0,0,0,0
300038,1,1,12,12,12,12,12,12,12,12,12,12
300039,1,1,0,0,0,0,0,0,0,0,0,0
300040,1,1,10,10,10,10,10,10,10,10,10,10
300041,1,1,21,21,21,21,21,21,21,21,21,21
300042,1,1,13,13,13,13,13,13,13,13,13,13
300043,1,1,0,0,0,0,0,0,0,0,0,0
300044,1,1,0,0,0,0,0,0,0,0,0,0
300044,2,1,0,0,0,0,0,0,0,0,0,0
300045,0,1,0,0,0,0,0,0,0,0,0,0
300045,1,1,0,0,0,0,0,0,0,0,0,0
300046,1,1,25,25,25,25,25,25,25,25,25,25
300047,1,1,3,3,3,3,3,3,3,3,3,3
300048,0,1,0,0,0,0,0,0,0,0,0,0
300049,1,1,23,23,23,23,23,23,23,23,23,23
300050,1,1,0,0,0,0,0,0,0,0,0,0
300050,2,1,0,0,0,0,0,0,0,0,0,0
300051,1,1,14,14,14,14,14,14,14,14,14,14
300051,2,1,0,0,0,0,0,0,0,0,0,0
300052,1,1,0,0,0,0,0,0,0,0,0,0
300053,1,1,0,0,0,0,0,0,0,0,0,0
300053,2,1,0,0,0,0,0,0,0,0,0,0
300054,0,1,0,0,0,39,0,0,26,0,0,0
300054,1,1,3,3,3,3,3,3,3,3,3,3
300055,1,1,27,27,27,27,27,27,27,27,27,27
300056,1,1,0,0,0,0,0,0,0,0,0,0
300057,1,1,25,25,25,25,25,25,25,25,25,25
300058,1,1,0,0,0,0,0,0,0,0,0,0
300058,2,1,0,0,0,0,0,0,0,0,0,0
300059,1,1,0,0,0,0,0,0,0,0,0,0
300060,1,1,12,9,17,11,11,26,3,12,7,3