ST_CASE,VEH_NO,PER_NO,P1,P2,P3,P4,P5,P6,P7,P8,P9,P10
300061,1,1,0,0,0,0,0,0,0,0,0,0
300062,1,1,0,0,0,0,0,0,0,0,0,0
300063,1,1,0,0,0,0,0,0,0,0,0,0
300064,1,1,19,19,19,19,19,19,19,19,19,19
300065,1,1,0,0,0,0,0,0,0,0,0,0
300066,1,1,0,0,0,0,0,0,0,0,0,0
300066,2,1,0,0,0,0,0,0,0,0,0,0
300067,1,1,0,0,0,0,0,0,0,0,0,0
300068,1,1,0,0,0,0,0,0,0,0,0,0
300069,1,1,24,24,24,24,24,24,24,24,24,24
300070,1,1,0,0,0,0,0,0,0,0,0,0
300070,2,1,0,0,0,0,0,0,0,0,0,0
300071,1,1,0,0,0,0,0,0,0,0,0,0
300071,2,1,0,0,0,0,0,0,0,0,0,0
300072,1,1,0,0,0,0,0,0,0,0,0,0
300073,1,1,0,0,0,0,0,0,0,0,0,0
300074,1,1,0,15,0,22,25,12,36,21,32,34
300075,1,1,12,12,12,12,12,12,12,12,12,12
300076,1,1,0,0,0,0,0,0,0,20,0,0
300077,1,1,17,17,17,17,17,17,17,17,17,17
300078,1,1,0,0,0,0,0,0,0,0,0,0
300079,1,1,2,2,2,2,2,2,2,2,2,2
300080,1,1,20,20,20,20,20,20,20,20,20,20
300081,1,1,32,32,32,32,32,32,32,32,32,32
300082,1,1,0,0,0,0,0,0,0,0,0,0
300083,1,1,0,0,0,0,0,0,0,0,0,0
300083,2,1,0,0,0,0,0,0,0,0,0,0
300084,1,1,0,0,0,0,0,0,0,0,0,0
300085,1,1,17,17,17,17,17,17,17,17,17,17
300086,1,1,0,0,0,0,0,0,0,0,0,0
300087,1,1,0,0,0,0,0,0,0,0,0,0
300088,1,1,23,23,23,23,23,23,23,23,23,23
300089,1,1,22,22,22,22,22,22,22,22,22,22
300090,1,1,0,0,0,0,0,0,0,0,0,0
300091,1,1,0,0,0,0,0,0,0,0,0,0
300092,1,1,0,0,0,0,0,0,0,0,0,0
300092,2,1,0,0,0,0,0,0,0,0,0,0
300093,1,1,31,31,31,31,31,31,31,31,31,31
300094,1,1,0,0,0,0,0,0,0,0,0,0
300095,1,1,20,20,20,20,20,20,20,20,20,20
300096,1,1,0,0,0,0,0,0,0,0,0,0
300096,2,1,0,0,0,0,0,0,0,0,0,0
300097,1,1,0,0,0,0,0,0,0,0,0,0
300097,2,1,0,0,0,0,0,0,0,0,0,0
300098,1,1,0,0,0,0,0,0,0,0,0,0
300099,1,1,18,18,18,18,18,18,18,18,18,18
300100,1,1,18,18,18,18,18,18,18,18,18,18
300101,1,1,7,7,7,7,7,7,7,7,7,7
300102,1,1,13,13,13,13,13,13,13,13,13,13
300103,1,1,0,0,0,0,0,0,0,7,0,0
300103,2,1,0,0,0,0,0,0,0,0,0,0
300104,1,1,6,6,6,6,6,6,6,6,6,6
300105,1,1,18,18,18,18,18,18,18,18,18,18
300106,1,1,0,0,0,0,0,0,0,0,0,0
300107,1,1,0,0,0,0,0,0,0,0,0,0
300107,2,1,0,0,0,0,0,0,0,0,0,0
300108,1,1,13,13,13,13,13,13,13,13,13,13
300109,1,1,14,14,14,14,14,14,14,14,14,14
300110,1,1,0,0,0,0,0,0,0,0,0,0
300111,1,1,0,0,0,0,0,0,0,0,0,0
300111,2,1,0,0,0,0,0,0,0,0,0,0
300111,3,1,0,0,0,0,0,0,0,0,0,0
300112,1,1,0,0,0,0,0,0,0,0,0,0
300112,2,1,0,0,0,0,0,0,0,0,0,0
300113,1,1,26,26,26,26,26,26,26,26,26,26
300114,1,1,11,14,13,12,11,20,36,19,9,8
300115,1,1,3,3,3,3,3,3,3,3,3,3
300115,2,1,0,0,0,0,0,0,0,0,0,0
300116,1,1,2,2,2,2,2,2,2,2,2,2
300117,1,1,0,0,0,0,0,0,0,0,0,0
300118,1,1,0,0,0,0,0,0,0,0,0,0
300119,1,1,0,0,0,0,0,0,0,0,0,0
300120,1,1,26,26,26,26,26,26,26,26,26,26
300121,1,1,0,0,0,0,0,0,0,0,0,0
300122,1,1,12,21,35,18,33,26,2,39,10,12
300123,1,1,0,0,0,0,0,0,0,0,0,0
300124,1,1,0,0,0,0,0,0,0,0,0,0
300125,1,1,20,20,20,20,20,20,20,20,20,20
300126,1,1,0,0,0,0,0,0,0,0,0,0
300126,2,1,0,0,0,0,0,0,0,0,0,0
300127,2,1,0,0,0,0,0,0,0,0,0,0
300128,0,1,42,28,34,19,19,18,21,20,26,26
300128,1,1,0,15,0,0,0,0,0,0,0,0
300129,1,1,0,0,0,0,0,0,0,0,0,0
300129,2,1,0,0,0,0,0,0,0,0,0,0
300130,1,1,4,4,4,4,4,4,4,4,4,4
300131,1,1,0,0,0,0,0,0,0,0,0,0
300132,1,1,0,0,0,0,0,0,0,0,0,0
300133,1,1,0,0,0,0,0,0,0,0,0,0
300133,2,1,0,0,0,0,0,0,0,0,0,0
300134,1,1,17,17,17,17,17,17,17,17,17,17
300135,1,1,24,24,24,24,24,24,24,24,24,24
300136,0,1,11,11,11,11,11,11,11,11,11,11
300136,1,1,0,0,0,0,0,0,0,0,0,0
300137,1,1,0,0,0,0,0,0,0,0,0,0
300137,2,1,0,0,0,0,0,0,0,0,0,0
300138,1,1,0,0,0,0,0,0,0,0,0,0
300138,2,1,0,0,0,0,0,0,0,0,0,0
300139,1,1,0,0,13,0,0,0,0,0,0,0
300140,1,1,0,0,0,0,0,0,0,0,0,0
300140,2,1,0,0,0,0,0,0,0,0,0,0
300141,1,1,7,7,7,7,7,7,7,7,7,7
300141,2,1,0,0,0,0,0,0,0,0,0,0
300142,1,1,20,20,20,20,20,20,20,20,20,20
300142,2,1,0,0,16,0,0,0,0,0,0,0
300143,0,1,34,34,34,34,34,34,34,34,34,34
300143,1,1,0,0,0,0,0,0,0,0,0,0
300144,1,1,24,24,24,24,24,24,24,24,24,24
300145,1,1,0,0,24,0,0,22,0,0,0,0
300145,2,1,0,0,0,0,0,0,0,0,0,0
300146,1,1,12,12,12,12,12,12,12,12,12,12
300147,1,1,12,12,12,12,12,12,12,12,12,12
300148,1,1,0,0,0,0,0,0,0,0,0,0
300149,1,1,0,0,0,0,0,0,0,0,0,0
300150,1,1,0,0,0,0,0,0,0,0,0,0
300151,1,1,0,0,0,0,0,0,0,0,0,0
300151,2,1,0,0,0,0,0,0,0,0,0,0
300152,1,1,0,0,0,0,0,0,0,0,0,0
300153,1,1,0,0,0,0,0,0,0,0,0,0
300153,2,1,0,0,0,0,0,0,0,0,0,0
300154,1,1,31,31,31,31,31,31,31,31,31,31
300154,2,1,9,9,9,9,9,9,9,9,9,9
300155,1,1,0,0,0,0,0,0,0,0,0,0
300155,2,1,0,0,0,0,0,0,0,0,0,0
300156,1,1,0,0,0,0,0,0,0,0,0,0
300156,2,1,0,0,0,0,0,0,0,0,0,0
300157,1,1,25,25,25,25,25,25,25,25,25,25
300158,0,1,18,18,18,18,18,18,18,18,18,18
300158,1,1,0,0,0,0,0,0,0,0,0,0
300159,1,1,24,24,24,24,24,24,24,24,24,24
300159,2,1,0,0,0,0,0,0,0,0,0,0
300160,1,1,4,4,4,4,4,4,4,4,4,4
300161,1,1,0,0,0,0,0,0,0,0,0,0
300161,2,1,6,6,6,6,6,6,6,6,6,6
300162,1,1,9,9,9,9,9,9,9,9,9,9
300163,1,1,0,0,0,0,0,0,0,0,0,0
300163,2,1,0,0,0,0,0,0,0,0,0,0
300163,3,1,0,0,0,0,0,0,0,0,0,0
300164,1,1,9,9,9,9,9,9,9,9,9,9
300165,1,1,0,0,0,0,0,0,0,0,0,0
300166,1,1,0,0,0,0,0,0,0,0,0,0
300167,0,1,0,0,0,0,0,0,0,0,0,0
300167,1,1,13,0,2,0,11,10,17,5,18,25
300168,0,1,19,19,19,19,19,19,19,19,19,19
300168,1,1,0,0,0,0,0,0,0,0,0,0
300169,1,1,41,41,41,41,41,41,41,41,41,41
300170,1,1,0,0,0,0,0,0,0,0,0,0
300171,1,1,0,0,0,0,0,0,0,0,0,0
300172,1,1,0,0,0,0,0,0,0,0,0,0
300172,2,1,0,0,0,0,0,0,0,0,0,0
300173,1,1,15,15,15,15,15,15,15,15,15,15
300174,0,1,0,0,0,0,0,0,0,0,0,0
300174,1,1,0,0,0,0,0,0,0,0,0,0
300175,1,1,0,0,0,0,0,0,0,0,0,0
300175,2,1,0,0,0,0,0,0,0,0,0,0
300176,1,1,0,0,0,0,0,0,0,0,0,0
300176,2,1,0,0,0,0,0,0,0,0,0,0
300177,1,1,0,0,0,0,0,0,0,0,0,0
300178,1,1,17,17,17,17,17,17,17,17,17,17
300179,1,1,0,0,0,0,0,5,0,0,0,0
300179,2,1,0,0,0,0,0,0,0,0,0,0
300180,1,1,0,0,0,0,0,0,0,13,0,0
300180,2,1,0,0,0,0,0,0,0,0,0,0
300181,1,1,0,0,0,0,0,0,0,0,0,0
300182,1,1,0,0,0,0,16,0,0,0,0,0
300182,2,1,0,0,0,0,0,0,0,0,0,0
300183,1,1,0,0,0,0,0,0,0,0,0,0
300183,2,1,0,0,0,0,0,0,0,0,0,0
300184,1,1,0,0,0,0,0,0,0,0,0,0
300185,1,1,0,0,0,0,0,0,0,0,0,0
300186,1,1,22,22,22,22,22,22,22,22,22,22
300187,1,1,19,19,19,19,19,19,19,19,19,19
300188,0,1,0,0,14,0,0,0,0,0,22,27
300188,1,1,0,0,0,0,0,0,0,0,0,0
300189,1,1,0,0,0,0,0,0,0,0,0,0
300189,2,1,0,0,0,0,0,0,0,0,0,0
300190,1,1,14,14,14,14,14,14,14,14,14,14
300191,1,1,0,0,0,0,0,0,0,0,0,0
300192,1,1,0,0,0,0,0,0,0,0,0,0
300192,2,1,0,0,11,0,0,0,0,0,0,0
300192,3,1,0,0,0,0,0,0,0,0,0,0
300192,4,1,0,0,0,11,0,0,0,0,0,0
300193,1,1,0,4,8,0,11,6,3,30,16,28
300194,0,1,36,36,36,36,36,36,36,36,36,36
300194,1,1,0,0,0,0,0,0,0,0,0,0
300195,1,1,19,19,19,19,19,19,19,19,19,19
300196,1,1,19,19,19,19,19,19,19,19,19,19
300197,1,1,0,0,0,0,0,0,0,0,0,0
300198,1,1,0,0,0,0,0,0,0,0,0,0
300199,1,1,0,0,0,0,0,0,0,0,0,0
300199,2,1,0,0,0,0,0,0,0,0,0,0
300200,1,1,0,0,0,0,0,0,0,0,0,0
300200,2,1,0,0,0,0,0,0,0,0,0,0
300201,1,1,0,0,0,0,0,0,0,0,0,0
300202,1,1,0,0,0,0,0,0,0,0,0,0
300202,2,1,0,0,0,0,0,0,0,0,0,0
300203,1,1,0,0,0,0,0,0,0,0,0,0
300204,1,1,5,5,5,5,5,5,5,5,5,5
310001,1,1,0,0,0,0,0,0,0,0,0,0
310001,2,1,0,0,0,0,0,0,0,0,0,0
310002,1,1,0,0,0,0,0,0,0,0,0,0
310002,2,1,0,0,0,0,0,0,0,0,0,0
310003,1,1,21,21,21,21,21,21,21,21,21,21
310004,1,1,5,5,5,5,5,5,5,5,5,5
310005,1,1,4,0,0,0,13,0,0,0,0,0
310006,1,1,0,0,0,0,0,0,0,0,0,0
310006,2,1,0,0,0,0,0,0,0,0,0,0
310007,0,1,0,0,0,0,0,0,0,0,0,0
310007,1,1,0,0,0,0,0,0,0,0,0,0
310008,0,1,0,0,0,0,0,0,0,0,0,0
310008,1,1,0,0,0,0,0,0,0,0,0,0
310009,1,1,0,0,0,0,0,0,0,0,0,0
310010,1,1,0,0,0,0,0,0,0,0,0,0
310010,2,1,0,0,0,0,0,0,0,0,0,0
310011,1,1,17,17,17,17,17,17,17,17,17,17
310012,1,1,8,8,8,8,8,8,8,8,8,8
310013,1,1,0,0,0,0,0,0,0,0,0,0
310013,2,1,0,0,0,0,0,0,0,0,0,0
310014,1,1,0,0,0,0,0,0,0,0,0,0
310015,1,1,0,0,0,0,0,0,0,0,0,0
310016,1,1,0,0,0,0,0,0,0,0,0,0
310016,2,1,0,0,0,0,0,0,0,0,0,0
310017,1,1,0,0,0,0,0,0,0,0,0,0
310018,0,1,0,0,0,0,0,0,0,0,0,0
310018,1,1,0,0,0,0,0,0,0,0,0,0
310019,1,1,0,0,0,0,0,0,0,0,0,0
310020,1,1,0,0,0,0,0,0,0,0,0,0
310021,1,1,0,0,0,0,0,0,0,0,0,0
310021,2,1,0,0,0,0,0,0,0,0,0,0
310022,1,1,0,0,0,0,16,0,0,0,0,0
310022,2,1,0,0,0,0,0,0,0,0,0,0
310023,1,1,0,0,0,0,0,0,0,0,0,0
310023,2,1,0,0,0,0,0,0,0,0,0,0
310024,1,1,0,0,0,0,0,0,0,0,0,0
310024,2,1,0,0,0,0,0,0,0,0,0,0
310024,3,1,0,0,0,0,0,0,0,0,0,0
310025,0,1,0,0,0,0,0,0,0,0,0,0
310025,1,1,0,0,0,0,0,0,0,0,0,0
310026,1,1,0,0,0,0,0,0,0,0,0,0
310026,2,1,0,0,0,0,0,0,0,0,0,0
310027,1,1,0,0,0,0,0,0,0,0,0,0
310027,2,1,0,0,8,0,0,0,0,0,9,11
310028,1,1,17,17,17,17,17,17,17,17,17,17
310029,1,1,0,0,0,0,0,13,0,22,0,0
310030,1,1,0,0,0,0,0,0,0,0,0,0
310031,1,1,0,0,0,0,0,0,0,0,0,0
310031,2,1,0,0,0,0,0,0,0,0,0,0
310032,1,1,25,25,25,25,25,25,25,25,25,25
310033,1,1,0,0,0,0,0,0,0,15,0,0
310034,1,1,0,0,0,0,0,0,0,0,0,0
310034,2,1,0,0,0,0,0,0,0,0,0,0
310035,1,1,30,30,30,30,30,30,30,30,30,30
310036,1,1,0,0,0,0,0,0,0,0,0,0
310036,2,1,0,0,0,0,0,0,0,0,0,0
310037,0,1,0,0,0,0,0,0,0,0,0,0
310038,1,1,0,0,0,0,0,0,0,0,0,0
310038,2,1,0,0,0,0,0,0,0,0,0,0
310039,1,1,0,0,0,0,0,0,0,0,0,0
310039,2,1,0,0,0,0,0,0,0,0,0,0
310040,1,1,0,0,0,0,0,0,0,0,0,0
310040,2,1,0,0,0,0,0,0,0,0,0,0
310041,1,1,0,0,0,0,0,0,0,0,0,0
310042,1,1,27,27,27,27,27,27,27,27,27,27
310043,1,1,15,0,0,12,0,0,0,0,0,9
310043,2,1,0,0,0,0,0,0,0,0,0,0
310044,1,1,0,0,0,0,0,0,0,0,0,0
310044,2,1,0,0,0,0,0,0,0,0,0,0
310045,1,1,2,2,2,2,2,2,2,2,2,2
310046,1,1,30,30,30,30,30,30,30,30,30,30
310047,1,1,18,18,18,18,18,18,18,18,18,18
310047,2,1,0,0,0,0,0,0,0,0,0,0
310048,1,1,0,0,0,0,0,0,0,0,0,0
310049,1,1,0,0,0,0,0,0,0,0,0,0
310049,2,1,0,0,0,0,0,0,0,0,0,0
310050,1,1,0,0,0,0,0,0,4,0,0,0
310050,2,1,0,0,0,0,0,0,0,0,0,0
310051,1,1,31,31,31,31,31,31,31,31,31,31
310053,1,1,0,0,0,0,0,0,0,0,0,0
310054,0,1,10,10,10,10,10,10,10,10,10,10
310054,1,1,1,1,1,1,1,1,1,1,1,1
310055,1,1,0,0,0,0,0,0,0,0,0,0
310055,2,1,0,0,0,0,0,0,0,0,0,0
310055,3,1,0,0,0,0,0,0,0,0,0,0
310056,1,1,0,0,0,0,0,0,0,0,0,0
310056,2,1,0,0,0,0,0,0,0,0,0,0
310057,1,1,0,0,0,0,0,0,0,0,0,0
310058,1,1,16,16,16,16,16,16,16,16,16,16
310059,1,1,9,0,23,18,5,0,0,0,0,0
310059,2,1,0,0,0,0,0,0,0,0,0,0
310060,1,1,21,21,21,21,21,21,21,21,21,21
310061,1,1,10,10,10,10,10,10,10,10,10,10
310062,1,2,0,10,0,0,0,0,0,0,0,0
310063,1,1,0,0,0,0,0,0,0,0,0,0
310063,2,1,0,0,0,0,0,0,0,0,0,0
310064,1,1,14,14,14,14,14,14,14,14,14,14
310064,2,1,0,0,0,0,0,0,0,0,0,0
310065,1,1,0,0,0,0,0,0,0,0,0,0
310066,1,1,23,11,25,7,25,33,28,20,17,11
310067,0,1,0,0,24,0,0,0,0,0,0,0
310067,1,1,0,0,0,0,0,0,0,0,0,0
310068,1,1,0,0,0,0,0,0,0,0,0,0
310068,2,1,0,0,19,0,0,0,18,0,0,0
310069,0,1,18,18,18,18,18,18,18,18,18,18
310069,1,1,0,0,0,0,0,0,0,0,0,0
310070,0,1,8,8,8,8,8,8,8,8,8,8
310070,1,1,0,4,0,21,0,0,30,0,0,0
310071,1,1,0,0,0,0,0,0,0,0,0,0
310071,2,1,0,0,0,0,0,0,0,0,0,0
310071,3,1,0,0,0,0,0,0,0,0,0,0
310072,1,1,0,0,0,0,0,0,0,0,0,0
310072,2,1,0,0,0,0,18,0,26,6,0,0
310073,1,1,0,0,0,0,0,0,0,0,0,0
310074,1,1,22,22,22,22,22,22,22,22,22,22
310074,2,1,0,0,0,0,0,0,0,0,0,0
310075,1,1,3,3,3,3,3,3,3,3,3,3
310075,2,1,0,0,0,0,0,0,0,0,0,0
310076,0,1,0,0,0,0,0,0,0,0,0,0
310076,1,1,0,0,0,0,0,0,0,0,0,0
310077,1,1,0,0,0,0,2,0,0,0,0,0
310078,1,1,0,0,0,0,0,0,0,0,0,0
310078,2,1,0,0,0,0,0,0,0,0,0,0
310079,1,1,0,0,0,0,0,0,0,0,0,0
310079,2,1,0,0,0,0,0,0,0,0,0,0
310080,1,1,17,17,17,17,17,17,17,17,17,17
310081,1,1,0,0,0,0,0,0,0,0,0,0
310082,1,1,15,15,15,15,15,15,15,15,15,15
310083,1,1,18,18,18,18,18,18,18,18,18,18
310084,1,1,0,0,0,0,0,0,0,0,0,0
310084,2,1,0,0,0,0,0,0,0,0,0,0
310085,0,1,0,0,0,0,0,0,0,0,0,0
310085,1,1,0,0,0,0,0,0,0,0,0,0
310086,1,1,0,0,0,0,0,0,0,0,0,0
310086,2,1,0,0,0,0,0,0,0,0,0,0
310087,1,1,0,0,0,0,0,0,0,0,0,0
310087,2,1,0,0,0,0,0,0,0,0,0,0
310088,1,1,0,0,0,0,0,0,0,0,0,0
310088,2,1,0,0,0,0,0,0,0,0,0,0
310089,1,1,15,15,15,15,15,15,15,15,15,15
310089,2,1,0,0,0,0,0,0,0,0,0,0
310089,3,1,0,0,0,0,0,0,0,0,0,0
310090,1,1,0,0,0,0,0,0,0,0,0,0
310090,2,1,0,0,0,0,0,0,0,0,0,0
310090,3,1,0,0,0,0,0,0,0,0,0,0
310091,1,1,0,0,0,0,0,0,0,0,0,0
310091,2,1,0,0,0,0,0,0,0,0,0,0
310092,1,1,0,0,0,0,0,0,0,0,0,0
310092,2,1,0,0,0,0,0,0,17,0,0,0
310093,1,1,0,0,0,0,0,0,0,0,0,0
310093,2,1,0,0,0,0,0,0,0,0,0,37
310094,1,1,1,1,1,1,1,1,1,1,1,1
310095,1,1,5,5,5,5,5,5,5,5,5,5
310096,1,1,0,0,0,0,0,0,0,0,0,0
310097,1,1,14,14,14,14,14,14,14,14,14,14
310097,2,1,3,3,3,3,3,3,3,3,3,3
310098,0,1,4,4,4,4,4,4,4,4,4,4
310099,1,1,0,0,0,0,0,0,0,0,0,0
310100,0,1,0,0,0,0,0,0,0,0,0,0
310100,1,1,0,0,0,0,0,0,0,0,0,0
310101,1,1,0,0,0,0,0,0,0,0,0,0
310101,2,1,0,0,0,0,0,0,0,0,0,0
310101,3,1,11,0,6,0,0,0,0,0,0,0
310101,4,1,0,0,0,0,0,0,0,0,0,0
310102,1,1,16,16,16,16,16,16,16,16,16,16
310102,2,1,28,15,15,16,0,0,0,0,0,0
310103,1,1,0,0,0,0,0,0,0,0,0,0
310104,1,1,0,0,0,0,0,0,0,0,0,0
310104,2,1,19,19,19,19,19,19,19,19,19,19
310105,1,1,0,0,0,0,0,0,0,0,0,0
310106,1,1,20,20,20,20,20,20,20,20,20,20
310107,1,1,10,10,10,10,10,10,10,10,10,10
310108,1,1,0,0,0,0,0,0,0,0,0,0
310109,1,1,0,0,0,0,0,0,0,0,0,0
310110,1,1,10,10,10,10,10,10,10,10,10,10
310111,1,1,0,0,0,0,0,0,0,0,0,0
310111,2,1,0,0,0,0,0,0,0,0,0,0
310112,1,1,0,0,0,0,0,0,0,0,0,0
310112,2,1,0,0,0,0,0,0,0,0,0,0
310113,1,1,0,0,0,0,0,0,0,0,0,0
310113,2,1,12,0,0,0,0,0,0,0,0,0
310114,1,1,37,21,9,17,25,7,26,23,6,18
310114,2,1,22,12,35,6,16,19,11,19,12,0
310115,1,1,22,22,22,22,22,22,22,22,22,22
310115,2,1,0,0,0,0,0,0,0,0,0,0
310116,1,1,17,17,17,17,17,17,17,17,17,17
310116,2,1,0,0,0,0,0,0,0,0,0,0
310117,1,1,0,0,0,0,0,0,0,0,0,0
310117,2,1,0,0,0,0,0,0,0,0,9,0
310118,1,1,0,0,0,0,0,0,0,0,9,0
310119,1,1,11,11,11,11,11,11,11,11,11,11
310119,2,1,0,0,0,0,0,0,0,0,0,0
310120,0,1,0,0,0,0,0,0,0,0,0,0
310120,1,1,0,0,0,0,0,0,0,0,0,0
310121,1,1,0,0,0,0,0,0,0,0,0,0
310121,2,1,16,16,16,16,16,16,16,16,16,16
310122,1,1,6,6,6,6,6,6,6,6,6,6
310123,1,1,10,10,10,10,10,10,10,10,10,10
310123,2,1,0,0,0,0,0,0,0,0,0,0
310124,1,1,0,0,0,0,0,0,0,0,0,0
310124,2,1,0,0,0,0,0,0,0,0,0,0
310125,1,1,16,16,16,16,16,16,16,16,16,16
310125,2,1,0,0,0,0,0,0,0,0,0,0
310126,1,1,0,0,0,0,0,0,0,0,0,0
310127,1,1,22,22,22,22,22,22,22,22,22,22
310128,1,1,0,0,0,0,0,0,0,0,0,0
310129,1,1,0,0,0,0,0,0,0,0,0,0
310129,2,1,0,0,0,0,0,0,0,0,0,0
310130,1,1,0,0,0,0,0,0,0,0,0,0
310130,2,1,0,0,0,0,0,0,0,0,0,0
310131,1,1,0,0,0,0,0,0,0,0,0,0
310131,2,1,0,0,0,0,0,0,0,0,0,0
310131,3,1,0,0,0,0,0,0,0,0,0,0
310132,1,1,0,0,0,0,0,0,0,0,0,0
310132,2,1,0,0,0,0,0,0,0,0,0,0
310133,0,1,6,6,6,6,6,6,6,6,6,6
310133,1,1,0,0,0,0,0,0,0,0,0,25
310134,1,1,0,0,0,0,14,0,10,0,0,0
310135,1,1,0,0,0,0,0,0,0,0,0,0
310135,2,1,0,0,0,0,0,0,0,0,0,0
310136,1,1,0,0,16,10,24,0,0,0,0,0
310137,1,1,0,0,0,0,0,0,0,0,0,0
310137,2,1,0,0,0,0,0,0,0,0,0,0
310138,0,1,0,0,0,0,0,0,0,0,0,0
310138,0,2,25,0,0,0,16,20,0,0,19,37
310138,1,1,0,0,0,0,0,0,0,0,0,0
310139,1,1,20,20,20,20,20,20,20,20,20,20
310140,1,1,0,0,0,0,0,0,0,0,0,0
310141,1,1,0,0,0,0,0,0,0,0,0,0
310141,2,1,0,6,10,8,0,15,14,0,13,6
310142,1,1,17,17,17,17,17,17,17,17,17,17
310143,0,1,31,31,31,31,31,31,31,31,31,31
310143,1,1,0,0,0,0,0,0,10,0,0,0
310144,1,1,0,0,0,0,0,0,0,0,0,0
310144,2,1,0,0,0,0,0,0,0,0,0,0
310145,1,1,0,0,0,0,0,0,0,0,0,0
310146,1,1,0,0,0,0,0,0,0,0,0,0
310146,2,1,0,0,0,0,0,0,0,0,0,0
310147,1,1,0,11,0,0,0,0,0,0,0,23
310147,2,1,0,0,0,0,0,0,0,0,0,0
310148,1,1,0,0,0,18,0,0,0,0,4,0
310148,2,1,0,38,0,0,0,0,0,0,16,0
310149,1,1,0,0,0,0,0,0,0,0,0,0
310149,2,1,0,0,0,0,0,0,0,0,0,0
310150,1,1,1,1,1,1,1,1,1,1,1,1
310150,2,1,0,0,0,0,0,0,0,0,0,0
310151,1,1,0,0,0,0,0,0,0,0,0,0
310152,1,1,0,0,0,0,0,0,0,0,0,0
310152,2,1,0,0,0,0,0,0,0,0,0,0
310153,1,1,17,17,17,17,17,17,17,17,17,17
310154,1,1,16,16,16,16,16,16,16,16,16,16
310155,1,1,29,29,29,29,29,29,29,29,29,29
310156,0,1,0,0,0,0,0,0,0,0,0,18
310156,1,1,0,0,0,0,0,0,0,0,0,0
310157,1,1,0,0,0,0,0,0,0,0,0,0
310157,2,1,0,0,0,0,0,0,0,0,0,0
310158,1,1,0,0,0,0,0,0,0,0,0,0
310159,1,1,0,0,0,0,0,0,0,0,0,0
310159,2,1,0,0,0,0,0,0,0,0,0,0
310160,1,1,0,0,0,0,0,0,0,0,0,0
310160,2,1,0,0,0,0,0,0,0,0,0,0
310161,1,1,0,0,0,0,0,0,0,0,0,0
310161,2,1,0,0,0,0,0,0,0,0,0,0
310162,1,1,25,25,25,25,25,25,25,25,25,25
310163,1,1,0,0,0,0,0,0,0,0,0,0
310163,2,1,0,17,0,0,0,4,0,14,0,32
310164,0,1,0,0,0,0,0,0,0,0,0,0
310164,1,1,0,0,0,0,0,0,0,0,0,0
310165,1,1,0,0,0,0,0,0,0,0,0,0
310166,1,1,15,15,15,15,15,15,15,15,15,15
310167,1,1,0,0,0,0,0,0,0,0,0,0
310168,1,1,0,0,0,0,0,0,0,0,0,0
310169,1,1,1,1,1,1,1,1,1,1,1,1
310170,1,1,0,0,0,0,0,0,0,0,0,0
310170,2,1,0,0,0,0,0,0,0,0,0,0
310171,0,1,27,27,27,27,27,27,27,27,27,27
310171,1,1,0,0,0,0,0,0,0,0,0,0
310172,1,1,24,24,24,24,24,24,24,24,24,24
310173,1,1,23,23,23,23,23,23,23,23,23,23
310174,1,1,0,0,0,0,0,0,0,0,0,0
310174,2,1,6,6,6,6,6,6,6,6,6,6
310175,1,1,19,19,19,19,19,19,19,19,19,19
310176,1,1,18,18,18,18,18,18,18,18,18,18
310176,2,1,0,0,0,0,0,0,0,0,0,0
310176,3,1,0,0,0,0,0,0,0,0,0,0
310177,1,1,0,0,0,0,0,0,0,0,0,0
310177,2,1,0,0,0,0,0,0,0,0,0,0
310178,1,1,16,16,16,16,16,16,16,16,16,16
310179,1,1,0,0,0,0,0,0,0,0,0,0
310179,2,1,0,0,0,0,0,0,0,0,0,0
310180,0,1,0,15,0,18,19,0,23,0,0,19
310180,1,1,19,19,19,19,19,19,19,19,19,19
310181,1,1,0,0,0,0,0,0,0,0,0,0
310181,2,1,0,0,0,0,0,0,0,0,0,0
310182,1,1,0,0,0,0,0,0,0,0,0,0
310182,2,1,2,0,0,0,0,0,0,0,5,0
310183,1,1,6,6,6,6,6,6,6,6,6,6
310183,2,1,0,0,0,0,0,0,0,0,0,0
310184,1,1,0,0,0,0,0,0,0,0,0,0
310184,2,1,0,0,0,0,0,0,0,0,0,0
310185,1,1,0,0,0,0,0,0,0,0,0,0
310186,1,1,0,0,0,0,0,0,0,0,0,0
310187,2,1,0,0,0,0,0,0,0,0,0,0
310188,1,1,0,0,0,0,0,0,0,0,0,0
310189,1,1,0,0,0,0,0,0,0,0,0,0
310190,1,1,0,0,0,0,0,0,0,0,0,0
310190,2,1,0,0,0,0,0,0,0,0,0,0
310191,1,1,11,11,11,11,11,11,11,11,11,11
310191,2,1,0,0,0,0,0,0,0,0,0,0
310192,1,1,0,0,0,0,0,0,0,0,0,0
310192,2,1,0,0,0,0,0,0,0,0,0,0