ST_CASE,VEH_NO,PER_NO,P1,P2,P3,P4,P5,P6,P7,P8,P9,P10
320258,0,1,0,0,0,0,0,0,0,0,0,0
320258,0,2,7,26,0,0,33,16,0,0,0,0
320258,1,1,0,0,0,0,0,0,0,7,0,8
320259,1,1,0,0,0,0,0,0,0,0,0,0
320259,2,1,0,0,0,0,0,0,0,0,0,0
320259,3,1,0,0,0,0,0,0,0,0,0,0
320260,1,1,14,14,14,14,14,14,14,14,14,14
320261,1,1,0,0,0,0,0,0,0,0,0,0
320262,0,1,0,0,0,0,0,0,0,0,0,0
320262,1,1,0,0,7,0,0,0,0,0,0,0
320263,1,1,0,0,0,0,0,0,0,0,0,0
320264,1,1,0,0,0,0,0,0,0,0,0,0
320264,2,1,0,0,0,0,0,0,0,0,0,0
320264,3,1,0,0,0,0,0,0,0,0,0,0
320265,1,1,0,0,0,0,0,0,0,0,0,0
320265,2,1,0,0,0,0,0,0,0,0,0,0
320266,1,1,0,0,0,0,0,0,0,0,0,0
320266,2,1,0,0,0,0,0,0,0,0,0,0
320267,0,1,0,0,0,0,0,0,0,0,0,0
320267,1,1,0,0,0,0,0,6,23,16,0,9
320268,0,1,0,0,0,0,0,0,0,0,0,0
320268,1,1,0,0,0,0,0,0,0,0,0,0
320269,1,1,0,20,5,9,14,32,0,0,28,0
320269,2,1,0,0,0,0,0,0,0,0,0,0
320270,1,1,0,0,0,0,0,10,0,0,0,0
320270,2,1,0,0,0,0,0,0,0,0,0,0
320271,1,1,24,24,24,24,24,24,24,24,24,24
320272,1,1,0,0,0,0,0,0,0,0,0,0
320272,2,1,0,0,0,0,0,0,0,0,0,0
320273,0,1,0,0,0,0,0,0,0,0,0,0
320273,1,1,0,0,0,0,0,0,0,0,0,0
320274,0,1,28,28,28,28,28,28,28,28,28,28
320274,1,1,0,0,0,0,0,0,0,0,0,0
320275,0,1,18,18,18,18,18,18,18,18,18,18
320275,1,1,0,0,0,0,0,0,0,0,0,0
320276,0,1,0,0,0,0,0,0,0,0,0,0
320276,1,1,0,0,0,0,0,0,0,0,0,0
320277,1,1,1,1,1,1,1,1,1,1,1,1
320277,2,1,0,0,0,9,0,0,0,0,0,0
320277,3,1,0,0,0,0,0,0,0,0,0,0
320278,1,1,29,0,5,19,18,0,0,10,12,0
320278,2,1,0,0,0,0,0,0,0,0,0,0
320279,1,1,0,14,0,0,0,0,0,0,0,0
320279,2,1,0,0,0,0,0,0,0,0,0,0
320280,0,1,0,0,0,0,0,0,0,0,0,0
320280,1,1,0,0,0,15,0,0,0,0,0,0
320281,1,1,0,0,0,0,0,0,0,0,0,0
320281,2,1,0,0,0,0,0,0,0,0,0,0
320282,1,1,0,0,0,0,0,0,0,0,0,0
320282,2,1,3,3,3,3,3,3,3,3,3,3
320283,0,1,0,0,0,0,0,0,0,0,0,0
320283,1,1,0,0,0,0,0,0,0,0,0,0
320284,0,1,0,0,0,0,0,0,0,0,0,0
320284,1,1,0,0,0,0,0,0,0,0,0,0
320285,0,1,0,0,0,0,0,0,0,0,0,0
320285,1,1,0,0,27,0,0,0,0,0,0,0
320286,0,1,0,0,0,0,0,0,0,0,0,0
320286,1,1,0,0,0,0,0,0,0,0,0,0
320287,0,1,0,0,0,0,0,0,0,0,0,0
320287,0,2,14,0,25,0,0,0,7,16,0,0
320287,1,1,0,0,0,23,0,0,20,0,7,12
320288,1,1,0,9,0,13,29,0,0,0,0,0
320288,2,1,0,15,0,10,0,6,0,0,0,0
320289,1,1,26,26,26,26,26,26,26,26,26,26
320289,2,1,0,0,0,0,0,0,0,0,0,0
320290,0,1,0,0,0,0,0,0,0,0,0,0
320290,1,1,8,8,8,8,8,8,8,8,8,8
320291,0,1,0,0,0,0,0,0,0,0,0,0
320291,1,1,0,0,0,0,0,0,0,0,0,0
320292,0,1,0,0,0,0,0,0,0,0,0,0
320292,1,1,0,11,0,0,0,0,0,0,0,0
320293,1,1,21,21,21,21,21,21,21,21,21,21
320294,1,1,0,0,9,0,0,0,0,0,0,0
320294,2,1,0,0,0,0,0,0,0,0,0,0
320294,3,1,0,12,0,0,0,0,0,0,0,0
320295,1,1,0,0,0,0,0,0,0,0,0,0
320295,2,1,0,0,0,0,0,0,0,0,0,0
320296,1,1,29,10,0,11,15,0,28,27,17,16
330001,1,1,6,6,6,6,6,6,6,6,6,6
330002,1,1,0,0,0,0,0,0,0,0,0,0
330002,2,1,0,0,0,0,0,0,0,0,0,0
330002,3,1,0,0,0,0,19,0,8,0,0,0
330003,0,1,0,0,0,0,0,0,0,0,0,0
330003,1,1,0,0,0,17,0,0,0,0,0,0
330003,2,1,0,0,0,0,0,0,0,0,0,0
330004,1,1,0,0,0,0,0,0,0,0,8,0
330005,1,1,0,0,0,0,0,0,0,0,0,0
330005,2,1,0,0,0,0,0,0,0,0,0,0
330006,1,1,0,0,0,0,0,0,0,0,0,0
330006,2,1,0,0,0,0,14,0,0,0,0,0
330006,3,1,0,0,0,0,0,0,0,0,0,0
330007,1,1,0,0,0,0,0,0,0,0,0,0
330007,2,1,0,0,0,0,0,0,0,0,0,0
330008,1,1,0,0,0,0,0,0,0,0,0,0
330008,2,1,0,0,0,0,0,34,0,0,24,0
330009,1,1,0,0,0,0,0,0,0,0,0,0
330009,2,1,0,0,0,0,0,0,0,0,0,0
330010,1,1,0,0,0,0,0,0,0,0,0,0
330011,1,1,0,0,0,0,0,0,0,0,0,0
330012,1,1,0,0,0,0,0,0,0,0,0,0
330013,1,1,0,0,0,0,0,0,0,0,0,0
330013,2,1,0,9,0,0,0,0,0,0,13,0
330014,1,1,29,29,29,29,29,29,29,29,29,29
330015,1,1,0,0,0,0,0,0,0,0,0,0
330016,1,1,0,0,0,0,0,0,0,0,0,0
330017,1,1,0,0,0,19,7,13,0,16,0,10
330018,1,1,9,9,9,9,9,9,9,9,9,9
330019,1,1,6,6,6,6,6,6,6,6,6,6
330019,2,1,0,0,0,9,0,0,0,12,21,0
330020,1,1,0,0,0,0,0,0,0,0,0,0
330021,1,1,0,0,0,0,0,0,0,0,0,0
330022,1,1,19,19,19,19,19,19,19,19,19,19
330022,2,1,0,0,0,0,0,0,0,0,0,0
330023,1,1,24,24,24,24,24,24,24,24,24,24
330024,0,1,21,21,21,21,21,21,21,21,21,21
330024,1,1,0,0,25,0,16,24,8,7,18,23
330025,1,1,21,21,21,21,21,21,21,21,21,21
330026,1,1,10,10,10,10,10,10,10,10,10,10
330027,1,1,0,0,0,0,0,0,0,0,0,0
330027,2,1,0,0,0,0,0,0,0,0,0,0
330028,1,1,24,24,24,24,24,24,24,24,24,24
330029,1,1,15,15,15,15,15,15,15,15,15,15
330030,1,1,13,13,13,13,13,13,13,13,13,13
330031,1,1,0,0,0,0,0,0,0,0,0,0
330032,1,1,0,0,0,0,0,0,0,0,0,0
330032,2,1,0,0,0,0,0,0,0,0,0,0
330033,1,1,14,14,14,14,14,14,14,14,14,14
330033,2,1,0,0,0,0,0,0,0,0,0,0
330034,0,1,0,0,0,0,0,0,0,0,0,0
330034,1,1,0,0,0,0,0,0,0,0,0,0
330035,1,1,12,12,12,12,12,12,12,12,12,12
330036,1,1,9,12,0,27,0,0,12,0,19,17
330037,1,1,0,0,0,0,0,0,0,0,0,0
330037,2,1,0,0,13,3,12,8,24,0,9,0
330038,0,1,0,0,0,0,0,0,0,0,0,0
330038,1,1,0,0,0,0,0,0,0,0,0,0
330039,1,1,0,0,0,0,0,0,0,0,0,0
330040,0,1,0,0,0,0,0,0,0,0,0,0
330040,1,1,0,0,0,0,0,0,0,5,11,0
330041,0,1,0,0,0,0,0,0,0,0,0,0
330041,1,1,0,0,0,0,0,0,0,0,0,0
330042,1,1,10,10,10,10,10,10,10,10,10,10
330043,1,1,0,0,0,0,0,0,0,0,0,0
330043,2,1,0,0,0,0,0,0,0,0,0,0
330044,1,1,0,0,0,0,0,0,0,0,0,0
330044,2,1,0,0,0,0,0,0,0,0,0,0
330044,3,1,0,0,0,0,0,0,0,0,0,0
330045,1,1,0,0,0,0,0,0,0,0,0,0
330045,2,1,0,0,0,0,0,0,0,0,0,0
330046,1,1,5,5,5,5,5,5,5,5,5,5
330047,0,1,0,0,0,0,0,0,0,0,0,0
330047,1,1,0,0,0,0,0,0,0,0,0,0
330048,1,1,20,20,20,20,20,20,20,20,20,20
330049,1,1,0,0,0,0,0,0,0,0,0,0
330049,2,1,0,0,0,0,0,0,0,0,0,0
330050,1,1,0,0,0,0,0,0,0,0,0,0
330051,1,1,0,0,0,0,0,0,0,0,0,0
330052,1,1,0,0,0,0,0,0,0,0,0,0
330052,2,1,0,0,0,0,0,0,17,28,0,0
330053,0,1,0,0,0,11,0,0,36,0,0,0
330053,1,1,0,0,0,0,0,0,0,0,0,0
330054,1,1,16,16,16,16,16,16,16,16,16,16
330054,2,1,0,0,0,0,0,0,0,0,0,0
330054,3,1,0,0,0,0,0,0,0,0,0,0
330055,1,1,3,3,3,3,3,3,3,3,3,3
330055,2,1,0,0,0,0,0,0,0,0,0,0
330056,1,1,0,0,0,0,0,0,0,0,0,0
330056,2,1,0,0,3,0,0,10,0,0,0,0
330057,1,1,0,23,0,0,19,8,0,0,0,20
330058,1,1,9,9,9,9,9,9,9,9,9,9
330059,1,1,0,0,0,0,0,0,0,0,0,0
330060,1,1,22,22,22,22,22,22,22,22,22,22
330061,1,1,3,3,3,3,3,3,3,3,3,3
330062,1,1,0,0,0,0,0,0,0,0,0,0
330063,0,1,18,18,18,18,18,18,18,18,18,18
330063,0,2,0,10,27,0,19,14,19,0,0,0
330063,1,1,0,0,0,0,0,0,0,0,0,0
330064,1,1,13,13,13,13,13,13,13,13,13,13
330065,1,1,2,2,2,2,2,2,2,2,2,2
330065,2,1,0,0,0,0,0,0,0,0,0,0
330066,1,1,0,0,0,0,0,0,0,0,0,0
330067,1,1,21,21,21,21,21,21,21,21,21,21
330068,1,1,0,0,0,0,0,0,0,0,0,0
330068,2,1,0,0,0,0,0,0,0,0,0,0
330069,1,1,0,0,0,0,0,0,0,0,0,0
330069,2,1,0,0,0,0,0,0,0,0,0,0
330070,1,1,21,21,21,21,21,21,21,21,21,21
330071,1,1,0,0,0,0,0,0,0,0,0,0
330072,1,1,0,0,0,0,0,0,0,0,0,0
330073,1,1,0,0,0,0,0,0,0,0,0,0
330073,2,1,0,0,0,0,0,0,0,0,0,0
330074,1,1,0,0,0,0,0,0,0,0,0,0
330075,1,1,7,7,7,7,7,7,7,7,7,7
330076,1,1,0,0,0,0,0,0,0,0,0,0
330076,2,1,18,0,5,0,0,0,19,0,0,0
330077,1,1,0,0,0,0,0,0,0,0,0,0
330077,2,1,0,0,0,33,0,0,31,0,10,8
330078,1,1,0,0,0,0,0,0,0,0,0,0
330079,1,1,12,12,12,12,12,12,12,12,12,12
330080,1,1,7,0,0,0,0,0,0,19,0,0
330081,1,1,19,19,19,19,19,19,19,19,19,19
330082,1,1,0,0,0,0,0,0,0,0,0,0
330082,2,1,0,0,0,0,0,0,0,0,0,0
330083,1,1,30,30,30,30,30,30,30,30,30,30
330084,1,1,15,15,15,15,15,15,15,15,15,15
330085,1,1,0,0,0,0,0,0,0,0,0,0
330085,2,1,0,0,0,0,0,0,0,0,0,0
330086,1,1,24,24,24,24,24,24,24,24,24,24
330087,1,1,16,16,16,16,16,16,16,16,16,16
330087,2,1,17,0,0,0,0,0,21,0,0,14
330088,1,1,13,13,13,13,13,13,13,13,13,13
330089,1,1,0,0,0,0,0,0,0,0,0,0
330090,1,1,0,0,0,0,0,13,0,0,0,0
330091,0,1,0,0,0,0,0,0,0,0,0,0
330091,1,1,0,0,0,0,0,0,0,0,0,0
330092,1,1,0,0,0,0,0,0,0,0,0,0
330092,2,1,0,0,14,4,0,0,5,0,0,0
330093,1,1,0,0,0,0,0,0,0,0,0,0
330094,0,1,17,17,17,17,17,17,17,17,17,17
330094,1,1,0,0,0,0,0,0,0,0,0,0
330095,0,1,0,0,0,0,0,0,0,0,0,0
330096,1,1,0,0,0,0,0,0,0,0,0,0
330096,2,1,0,0,0,0,0,0,0,0,0,0
330097,1,1,0,0,0,0,0,0,0,0,0,0
330098,1,1,0,0,0,0,0,0,0,0,0,0
330099,1,1,0,0,0,0,0,0,0,0,0,0
330099,2,1,0,0,0,0,0,0,0,0,0,0
330100,0,1,35,35,35,35,35,35,35,35,35,35
330100,1,1,0,0,0,0,0,0,0,0,0,0
330101,1,1,0,0,0,0,0,0,0,0,0,0
330101,2,1,0,0,0,0,0,0,0,3,0,0
330102,1,1,0,0,0,0,0,0,0,0,0,0
330103,1,1,0,0,0,0,0,0,0,0,0,0
330103,2,1,0,0,0,0,0,0,17,0,0,10
340001,1,1,0,0,0,0,0,0,0,0,0,0
340001,2,1,0,0,0,0,0,0,0,0,0,0
340002,1,1,1,1,1,1,1,1,1,1,1,1
340003,1,1,13,13,13,13,13,13,13,13,13,13
340003,2,1,0,0,0,0,0,0,0,0,0,0
340004,1,1,0,0,0,0,0,0,0,0,0,0
340004,2,1,0,14,0,0,0,0,0,0,0,0
340005,1,1,15,15,15,15,15,15,15,15,15,15
340006,1,1,0,0,0,0,0,0,0,0,0,0
340006,2,1,0,0,0,0,0,0,0,0,0,0
340007,1,1,0,0,0,0,0,0,0,0,0,0
340007,2,1,34,0,28,7,16,0,0,0,0,0
340008,0,1,40,0,5,22,27,0,0,13,0,23
340008,1,1,13,0,0,0,0,0,0,0,0,0
340009,1,1,0,0,0,0,0,0,0,0,0,0
340009,2,1,0,0,0,0,0,0,0,0,0,0
340010,1,1,33,0,0,0,0,0,0,0,0,0
340010,2,1,0,0,0,0,0,0,0,0,0,0
340011,1,1,0,0,0,0,0,0,6,0,0,0
340011,2,1,0,0,0,0,0,0,0,0,0,0
340012,0,1,20,20,20,20,20,20,20,20,20,20
340012,1,1,0,0,0,0,0,0,0,0,0,0
340013,1,1,0,0,0,8,0,0,0,10,23,6
340014,1,1,0,0,0,0,0,0,0,0,0,0
340015,0,1,8,0,0,0,0,0,26,0,0,0
340015,1,1,0,0,0,0,0,0,0,0,0,0
340016,0,1,0,0,0,0,0,0,0,0,0,0
340016,1,1,0,0,0,0,0,0,0,0,0,0
340017,0,1,0,0,0,0,0,0,0,0,19,15
340017,1,1,0,0,0,0,0,0,0,0,0,0
340018,1,1,0,0,0,0,17,0,0,0,0,0
340018,2,1,0,0,0,0,0,10,0,0,0,0
340019,0,1,0,0,0,0,0,0,0,0,0,0
340019,1,1,0,0,0,0,0,0,0,0,0,0
340020,1,1,0,0,0,17,0,12,0,16,18,0
340021,1,1,7,7,7,7,7,7,7,7,7,7
340022,1,1,0,0,0,0,0,0,0,0,0,0
340023,0,1,0,0,0,0,0,0,0,0,0,0
340023,1,1,0,0,0,0,0,0,0,0,0,0
340023,2,1,0,0,0,0,0,0,0,0,0,0
340024,0,1,3,3,3,3,3,3,3,3,3,3
340024,1,1,0,11,6,0,0,0,0,0,0,0
340025,1,1,0,24,0,0,0,11,27,17,8,0
340025,2,1,0,0,0,0,0,0,0,0,0,0
340025,3,1,0,0,0,0,0,0,0,0,0,0
340025,4,1,0,0,0,0,0,0,0,0,0,0
340025,5,1,0,0,0,0,0,0,0,0,0,0
340027,0,1,0,0,0,22,0,0,0,0,0,0
340027,1,1,0,0,0,0,0,0,0,0,0,0
340028,0,1,0,0,0,0,0,0,0,17,0,0
340028,1,1,0,0,0,0,0,0,0,0,0,0
340029,1,1,0,0,0,0,0,31,0,0,0,0
340030,1,1,0,0,0,0,0,0,0,0,0,0
340031,1,1,13,0,0,0,0,0,0,7,8,4
340032,1,1,0,0,0,0,0,0,0,0,0,0
340032,2,1,0,0,0,0,0,0,0,0,0,0
340033,1,1,0,24,19,0,0,9,22,27,0,15
340034,1,1,0,0,0,0,0,0,0,0,0,0
340034,2,1,0,0,0,0,0,0,0,0,0,0
340035,1,1,0,0,0,0,0,0,0,0,0,0
340035,2,1,0,0,0,0,0,0,0,0,0,0
340036,0,1,0,0,0,0,0,0,0,0,0,0
340036,1,1,24,24,24,24,24,24,24,24,24,24
340037,0,1,0,0,0,0,0,0,0,0,0,0
340037,1,1,3,3,3,3,3,3,3,3,3,3
340038,1,1,0,0,0,0,0,0,0,0,0,0
340039,1,1,0,0,0,0,0,0,0,0,0,0
340040,1,1,0,0,0,0,0,0,0,0,0,0
340040,2,1,0,0,0,11,0,0,0,0,0,0
340041,1,1,0,0,0,0,0,0,0,0,0,0
340042,1,1,0,0,0,0,0,0,0,0,0,0
340043,1,1,0,0,0,0,0,0,0,36,0,0
340044,2,1,0,0,0,0,0,0,0,0,0,0
340045,1,1,9,10,7,27,14,12,0,0,0,0
340046,1,1,0,0,0,0,0,0,0,0,0,0
340046,2,1,0,0,0,0,0,0,0,0,0,0
340046,3,1,0,0,0,0,0,0,6,0,0,0
340047,1,1,0,0,0,0,0,0,0,0,0,0
340048,0,1,0,0,0,0,0,0,0,0,0,0
340048,1,1,0,0,0,0,0,0,0,0,0,0
340049,1,1,0,0,0,0,0,0,0,0,0,0
340050,0,1,0,0,0,0,0,0,0,0,0,0
340050,1,1,0,0,0,0,0,0,0,0,0,0
340051,1,1,0,0,0,0,0,0,15,0,0,0
340051,2,1,0,0,0,0,0,0,0,0,0,0
340052,1,1,18,18,18,18,18,18,18,18,18,18
340053,0,1,24,24,24,24,24,24,24,24,24,24
340053,1,1,0,0,22,0,26,14,0,5,0,14
340054,1,1,0,0,0,0,0,0,0,0,0,0
340054,2,1,0,0,0,0,0,0,0,0,0,0
340055,1,1,0,0,0,0,0,0,0,0,0,0
340056,0,1,32,32,32,32,32,32,32,32,32,32
340056,1,1,0,0,6,0,0,0,0,22,0,0
340057,0,1,0,0,0,0,0,0,0,0,0,0
340057,1,1,0,0,0,16,4,0,0,0,14,0
340058,1,1,27,27,27,27,27,27,27,27,27,27
340059,0,1,19,19,19,19,19,19,19,19,19,19
340059,1,1,0,0,0,0,0,0,0,0,0,0
340060,1,1,0,0,0,0,8,0,0,0,0,0
340060,2,1,0,0,0,0,0,0,0,0,0,0
340061,0,1,26,0,9,0,16,0,0,0,19,0
340061,1,1,0,0,23,0,0,0,0,0,0,0
340062,1,1,25,25,25,25,25,25,25,25,25,25
340063,0,1,18,18,18,18,18,18,18,18,18,18
340063,1,1,0,0,0,0,0,0,0,0,0,0
340064,1,1,0,0,0,0,0,0,0,0,0,0
340065,0,1,0,0,0,0,0,0,0,0,0,0
340065,1,1,0,0,0,0,0,0,0,0,0,0
340066,1,1,0,0,0,0,0,0,0,0,0,0
340066,2,1,0,0,0,0,0,0,0,0,0,0
340067,0,1,0,0,0,0,0,0,0,0,0,0
340067,1,1,0,0,0,0,0,0,0,0,0,0
340068,0,1,0,0,0,0,0,0,0,0,0,0
340068,1,1,0,12,11,0,0,0,0,0,0,0
340069,0,1,0,0,0,0,0,0,0,0,0,0
340069,1,1,0,0,0,0,0,0,0,0,0,0
340070,0,1,0,0,0,0,0,0,0,0,0,0
340070,1,1,0,0,0,0,0,0,0,0,0,0
340071,0,1,0,0,0,0,0,0,0,0,0,0
340071,1,1,0,0,0,0,0,0,0,0,0,0
340072,1,1,0,0,0,0,0,0,0,0,0,0
340073,0,1,16,16,16,16,16,16,16,16,16,16
340073,1,1,0,0,0,0,19,0,19,0,0,0
340074,1,1,0,0,0,0,0,0,0,0,0,0
340075,0,1,15,15,15,15,15,15,15,15,15,15
340075,1,1,0,0,0,0,0,7,0,0,0,0
340076,1,1,0,0,0,0,0,0,0,0,0,0
340077,0,1,0,0,0,0,0,0,0,0,0,0
340077,1,1,0,0,0,0,0,0,0,0,0,0
340078,1,1,0,0,0,0,0,0,0,0,0,0
340078,2,1,0,0,0,0,0,0,0,0,9,0
340079,0,1,0,0,0,0,0,0,0,0,0,0
340079,1,1,0,0,0,0,0,0,0,0,0,0
340080,0,1,0,0,0,0,0,0,0,0,0,0
340080,1,1,0,0,0,0,0,0,0,0,0,0
340081,1,1,0,0,0,0,0,0,0,0,0,0
340081,2,1,0,0,0,0,0,0,0,0,0,0
340082,1,1,0,0,9,0,52,0,0,0,0,0
340083,1,1,0,0,0,0,0,0,0,0,0,0
340084,1,1,0,0,0,0,0,0,0,0,0,0
340084,2,1,0,0,0,0,0,0,0,0,0,0
340085,1,1,1,1,1,1,1,1,1,1,1,1
340086,1,1,0,0,0,0,0,0,0,0,0,0
340087,0,1,2,2,2,2,2,2,2,2,2,2
340087,1,1,0,27,11,0,0,0,0,0,0,0
340088,0,1,11,11,11,11,11,11,11,11,11,11
340088,1,1,0,0,0,0,0,0,0,0,0,0
340089,0,1,7,7,7,7,7,7,7,7,7,7
340089,1,1,0,0,12,0,0,32,18,0,11,0
340090,1,1,30,30,30,30,30,30,30,30,30,30
340091,1,1,0,0,0,0,0,0,0,0,0,0
340091,2,1,0,0,0,0,0,0,0,0,0,0
340092,1,1,0,0,0,0,0,0,0,0,0,0
340093,1,1,0,0,0,0,0,0,0,0,0,0
340093,2,1,0,0,0,0,0,0,0,0,0,0
340094,1,1,0,0,0,0,0,0,0,0,0,0
340094,2,1,0,0,0,0,0,0,0,0,0,0
340095,1,1,37,37,37,37,37,37,37,37,37,37
340096,1,1,0,0,0,0,0,0,0,0,0,0
340097,1,1,31,31,31,31,31,31,31,31,31,31
340098,1,1,0,0,0,0,0,0,0,0,0,0
340098,2,1,0,0,0,0,0,0,0,0,0,0
340099,1,1,0,0,0,0,0,0,0,0,8,0
340099,2,1,0,0,0,0,0,0,0,0,0,0
340101,1,1,0,0,0,0,0,0,0,0,0,0
340102,0,1,21,0,0,0,0,0,0,0,0,0
340102,1,1,0,0,0,0,0,0,0,0,0,0
340103,1,1,2,2,2,2,2,2,2,2,2,2
340104,1,1,0,0,0,0,0,0,0,0,0,0
340104,2,1,0,0,0,0,0,0,0,0,0,0
340105,0,1,0,0,0,0,0,0,0,0,0,0
340105,1,1,0,0,9,0,0,0,0,0,4,0
340106,0,1,0,0,0,0,0,0,0,0,0,0
340106,1,1,0,0,0,0,0,0,0,0,0,0
340107,1,1,0,0,15,0,0,0,0,0,0,0
340108,1,1,0,8,0,0,0,0,0,0,0,0
340108,2,1,0,0,0,0,0,0,0,0,0,0
340109,0,1,0,0,0,0,0,0,0,0,0,0
340109,1,1,0,0,0,0,0,0,0,0,0,0
340110,0,1,15,15,15,15,15,15,15,15,15,15
340110,1,1,8,0,16,18,0,14,0,10,0,15
340111,0,1,0,0,0,0,0,0,0,0,0,0
340111,1,1,0,0,0,0,0,0,0,0,0,0
340112,0,1,0,0,0,0,0,0,0,0,0,0
340112,2,1,0,0,0,0,0,0,4,0,0,0
340113,1,1,0,0,0,0,0,0,0,0,0,0
340114,0,1,25,0,17,5,0,0,0,6,0,0
340114,1,1,0,0,0,0,0,0,0,0,0,0
340114,2,1,0,0,0,0,0,0,0,0,0,0
340114,3,1,0,11,0,0,0,0,0,0,0,0
340115,1,1,0,0,0,0,0,0,0,0,0,0
340117,1,1,0,0,0,0,0,0,0,0,0,0
340117,2,1,0,0,0,0,0,0,0,0,0,0
340118,1,1,15,15,15,15,15,15,15,15,15,15
340119,1,1,19,19,19,19,19,19,19,19,19,19
340120,0,1,0,0,0,0,0,0,0,0,0,0
340120,1,1,0,0,0,0,0,0,0,0,0,0
340121,0,1,32,32,32,32,32,32,32,32,32,32
340121,1,1,0,0,0,0,0,0,0,0,0,0
340122,1,1,0,0,0,0,0,0,0,0,0,0
340122,2,1,0,0,0,0,15,0,0,0,0,0
340123,1,1,0,0,0,0,0,0,0,0,0,0
340124,1,1,24,24,24,24,24,24,24,24,24,24
340125,0,1,21,21,21,21,21,21,21,21,21,21
340125,1,1,12,0,0,0,0,0,0,0,0,11
340125,2,1,0,0,23,0,0,0,0,0,0,0
340125,3,1,0,0,0,0,0,0,0,0,0,0
340125,4,1,0,0,0,6,0,0,0,0,0,0
340126,1,1,0,0,0,0,0,0,0,0,0,0
340126,2,1,0,0,0,0,0,0,0,0,0,0
340127,1,1,0,0,0,0,0,0,0,0,0,15
340127,2,1,0,0,6,0,0,0,0,11,0,11
340128,1,1,0,0,0,0,0,0,0,0,0,0
340129,1,1,0,0,0,0,0,0,0,0,0,0
340129,2,1,0,0,0,0,0,0,0,0,0,0
340130,0,1,14,12,16,19,11,8,0,0,48,11
340130,0,2,0,20,0,0,13,25,6,0,0,0
340130,1,1,0,19,0,0,0,0,0,0,0,0
340131,1,1,0,0,0,0,0,0,0,0,0,0
340131,2,1,0,0,0,0,0,0,0,0,0,0
340132,0,1,0,0,0,0,0,0,0,0,0,0
340132,1,1,0,0,0,0,0,0,0,0,0,0
340133,1,1,0,0,0,0,0,0,0,0,0,0
340133,2,1,0,0,0,0,0,0,0,0,0,0
340134,1,1,0,0,0,0,0,0,0,0,0,0
340134,2,1,0,0,0,0,0,0,0,0,0,0
340135,1,1,0,0,0,0,13,0,0,0,0,0
340135,2,1,0,0,0,0,0,0,0,0,0,0
340135,3,1,0,0,0,0,0,0,0,0,24,0
340136,1,1,0,0,0,0,0,0,0,0,0,0
340136,2,1,0,0,0,0,0,0,0,0,0,31
340137,1,1,0,0,0,0,0,0,0,0,0,0
340138,1,1,7,7,7,7,7,7,7,7,7,7
340138,2,1,0,0,0,0,0,0,0,0,0,0
340138,3,1,0,0,0,0,0,0,0,0,0,0
340138,4,1,0,0,0,0,0,18,0,0,0,17
340139,1,1,16,16,16,16,16,16,16,16,16,16
340140,1,1,0,0,0,0,0,0,0,0,0,0
340141,0,1,0,0,0,0,0,0,0,0,0,0
340141,1,1,0,0,0,0,0,0,0,0,0,0
340142,1,1,17,17,17,17,17,17,17,17,17,17
340143,1,1,18,18,18,18,18,18,18,18,18,18
340144,1,1,0,0,0,0,0,0,0,0,0,0
340145,0,1,19,19,19,19,19,19,19,19,19,19
340145,1,1,16,0,11,9,0,0,0,0,4,0
340146,1,1,0,0,0,0,0,0,0,0,0,0
340147,1,1,0,0,0,0,0,0,0,0,0,0
340147,2,1,0,0,0,0,0,0,0,0,0,0
340147,3,1,0,0,0,0,0,0,0,0,0,0
340148,1,1,0,0,0,0,0,0,0,0,0,0
340149,1,1,0,0,0,0,0,0,0,0,0,0
340150,1,1,0,0,0,0,0,0,0,0,0,0
340151,1,1,0,0,0,0,0,0,0,0,11,0
340151,2,1,0,0,0,0,0,0,0,0,0,0
340152,1,1,19,19,19,19,19,19,19,19,19,19
340153,1,1,0,0,0,0,0,0,0,0,0,0
340153,2,1,0,0,0,0,0,0,0,0,0,0
340154,1,1,1,1,1,1,1,1,1,1,1,1
340154,2,1,0,0,0,0,0,0,0,0,0,0
340155,1,1,0,0,0,0,0,0,0,0,0,0
340155,2,1,0,0,0,0,0,0,0,0,0,0
340156,1,1,2,2,2,2,2,2,2,2,2,2
340157,1,1,0,0,0,0,0,0,0,0,0,0
340158,1,1,18,18,18,18,18,18,18,18,18,18
340159,1,1,0,0,0,0,0,0,0,0,0,0
340160,1,1,18,18,18,18,18,18,18,18,18,18
340161,0,1,0,0,0,0,0,0,0,0,0,0
340161,1,1,0,0,0,0,0,0,0,0,0,0
340162,1,1,0,0,0,0,0,0,0,0,0,0
340162,2,1,0,0,0,0,0,0,0,0,0,0
340163,1,1,0,0,0,0,0,0,0,0,0,0
340163,2,1,0,0,0,0,0,0,0,0,0,0
340164,1,1,7,7,7,7,7,7,7,7,7,7
340165,1,1,0,0,0,0,0,0,0,0,0,0
340166,1,1,10,10,10,10,10,10,10,10,10,10
340166,2,1,0,0,0,0,0,0,0,0,0,13
340167,1,1,0,19,14,34,31,13,21,17,4,0
340168,0,1,17,17,17,17,17,17,17,17,17,17
340168,1,1,0,0,19,0,0,10,0,0,0,0
340169,1,1,0,0,0,0,0,0,0,0,0,0
340170,1,1,0,0,0,0,0,0,0,0,0,0