ST_CASE,VEH_NO,PER_NO,P1,P2,P3,P4,P5,P6,P7,P8,P9,P10
360524,1,1,10,0,5,8,0,0,0,0,0,23
360524,2,1,14,0,0,19,0,0,37,0,0,0
360525,1,1,3,3,3,3,3,3,3,3,3,3
360526,1,1,8,8,8,8,8,8,8,8,8,8
360527,1,1,0,0,0,0,0,0,0,0,0,0
360527,2,1,0,0,0,0,0,0,0,0,0,0
360528,1,1,0,0,0,0,0,0,0,0,0,0
360529,1,1,16,24,0,0,0,0,0,0,0,0
360530,1,1,0,0,0,0,0,0,0,0,0,0
360530,2,1,13,0,25,0,8,0,21,0,0,13
360531,0,1,0,0,0,0,0,0,0,0,0,0
360531,1,1,0,0,0,0,0,0,0,0,0,0
360532,1,1,17,10,17,14,18,31,21,19,29,8
360533,0,1,0,0,0,0,0,0,0,0,0,0
360533,1,1,0,16,0,0,0,0,0,0,0,0
360534,0,1,0,7,0,38,0,0,3,0,0,0
360534,1,1,0,0,0,0,0,0,0,0,0,0
360535,1,1,22,22,22,22,22,22,22,22,22,22
360536,1,1,14,14,14,14,14,14,14,14,14,14
360537,1,1,20,14,22,16,0,13,7,12,16,20
360538,1,1,0,0,0,0,0,0,14,0,0,0
360538,2,1,0,0,0,0,0,0,0,0,0,0
360539,1,1,51,51,51,51,51,51,51,51,51,51
360539,2,1,0,0,0,0,0,0,0,0,0,0
360540,1,1,0,0,0,0,0,0,0,0,0,0
360541,1,1,0,0,0,0,9,0,0,0,0,0
360542,1,1,0,14,0,0,0,0,0,0,0,9
360542,2,1,0,0,8,0,0,0,0,0,0,0
360543,1,1,0,0,0,0,0,0,0,0,0,0
360544,1,1,5,5,5,5,5,5,5,5,5,5
360544,2,1,11,17,0,0,0,0,21,0,0,0
360545,1,1,11,16,26,0,19,0,23,17,26,6
360546,0,1,0,0,0,0,0,0,0,0,0,0
360546,1,1,0,10,0,7,0,0,28,0,0,0
360547,1,1,0,0,0,0,0,0,0,0,0,0
360548,0,1,20,20,20,20,20,20,20,20,20,20
360548,1,1,0,0,0,0,0,0,0,0,0,0
360549,1,1,0,0,0,0,0,0,0,0,0,0
360550,1,1,0,0,0,0,0,0,0,0,0,0
360550,2,1,0,0,0,0,0,0,0,0,0,0
360551,1,1,17,23,9,0,3,0,0,0,0,12
360551,2,1,0,0,0,0,0,0,0,0,0,0
360552,1,1,0,0,0,0,0,0,0,0,0,0
360552,2,1,0,0,0,0,0,0,0,0,0,17
360553,0,1,20,20,20,20,20,20,20,20,20,20
360553,1,1,20,0,12,0,11,0,7,11,0,0
360554,1,1,0,0,0,0,0,0,0,0,0,0
360554,2,1,0,0,0,0,0,0,0,0,0,0
360555,1,1,2,2,2,2,2,2,2,2,2,2
360555,2,1,0,10,0,15,13,0,0,0,0,0
360556,1,1,0,0,0,0,0,0,0,0,0,0
360557,0,1,16,16,16,16,16,16,16,16,16,16
360557,1,1,0,0,0,0,0,0,18,0,0,12
360558,0,1,0,0,0,0,0,0,0,0,0,0
360558,1,1,20,0,0,0,0,0,0,0,0,0
360559,0,1,1,1,1,1,1,1,1,1,1,1
360559,1,1,0,0,0,0,0,0,0,0,0,0
360560,1,1,0,0,0,0,14,0,0,0,0,4
360560,2,1,0,0,0,0,16,0,0,0,0,0
360561,1,1,0,0,0,0,0,0,0,0,0,0
360561,2,1,0,0,0,0,0,0,0,0,0,0
360562,1,1,0,0,0,0,0,0,0,0,0,0
360562,3,1,0,0,0,0,0,0,0,0,0,0
360563,1,1,3,3,3,3,3,3,3,3,3,3
360564,1,1,9,9,9,9,9,9,9,9,9,9
360564,2,1,0,0,0,0,0,0,0,0,0,0
360565,1,1,26,26,26,26,26,26,26,26,26,26
360565,2,1,0,0,0,0,0,0,0,0,0,0
360566,1,1,12,12,12,12,12,12,12,12,12,12
360567,1,1,0,0,12,15,7,0,0,14,12,0
360567,2,1,24,24,24,24,24,24,24,24,24,24
360568,0,1,0,0,0,0,0,0,0,0,0,0
360568,1,1,0,0,0,0,0,0,0,0,0,0
360569,1,1,0,0,0,0,0,0,0,0,0,0
360569,2,1,17,0,0,0,0,0,0,0,0,0
360569,3,1,0,16,0,0,0,0,0,0,0,0
360570,1,1,0,0,0,0,0,0,0,0,0,0
360571,1,1,14,18,15,13,5,24,5,4,18,6
360572,1,1,0,0,0,0,0,0,0,0,0,0
360572,2,1,0,0,0,0,0,0,0,0,0,0
360572,3,1,0,0,0,20,0,0,0,0,0,0
360573,1,1,14,14,14,14,14,14,14,14,14,14
360573,2,1,0,0,0,0,0,0,0,0,0,0
360574,0,1,0,0,0,0,0,0,0,0,0,0
360574,1,1,0,0,0,0,0,0,0,0,0,0
360575,0,1,0,0,0,0,0,0,0,0,0,0
360575,1,1,0,0,0,0,0,0,0,0,0,0
360576,0,1,32,32,32,32,32,32,32,32,32,32
360576,1,1,0,0,11,0,8,5,0,0,9,28
360577,1,1,15,19,0,36,10,0,0,41,0,42
360578,0,1,0,0,0,0,0,0,0,0,0,0
360578,1,1,20,0,0,0,8,13,0,0,0,11
360579,0,1,19,19,19,19,19,19,19,19,19,19
360579,1,1,12,7,8,0,0,0,0,0,0,22
360580,1,1,0,0,0,0,0,0,0,0,0,0
360580,2,1,0,0,0,0,0,0,0,0,0,0
360580,3,1,0,0,0,0,4,0,0,0,12,0
360581,1,1,3,3,3,3,3,3,3,3,3,3
360582,1,1,0,0,0,0,0,0,16,0,6,0
360582,2,1,0,0,0,0,0,0,0,0,0,0
360583,1,1,26,26,26,26,26,26,26,26,26,26
360583,2,1,0,0,0,0,0,0,0,0,0,0
360584,1,1,21,21,21,21,21,21,21,21,21,21
360584,2,1,0,0,0,0,0,0,0,0,0,0
360585,1,1,0,0,0,0,0,0,0,0,0,0
360585,2,1,0,0,0,0,0,0,0,0,0,0
360585,3,1,0,0,0,0,0,0,0,0,0,0
360585,4,1,0,0,0,0,0,0,0,0,0,0
360586,1,1,0,0,0,0,0,0,0,0,0,0
360586,2,1,0,0,0,0,0,0,0,0,0,0
360587,1,1,0,13,0,0,7,14,8,16,12,18
360588,0,1,25,25,25,25,25,25,25,25,25,25
360588,1,1,0,0,0,0,0,0,0,0,0,0
360589,1,1,0,0,0,0,0,0,12,0,0,0
360589,2,1,0,0,0,0,0,0,15,0,0,0
360590,1,1,0,0,0,0,0,9,0,0,0,0
360590,2,1,0,0,0,0,0,0,0,0,0,0
360590,3,1,0,0,0,5,0,0,0,0,0,0
360591,1,1,2,2,2,2,2,2,2,2,2,2
360592,0,1,0,0,0,0,0,0,0,0,0,0
360592,1,1,0,3,0,0,0,0,0,18,0,0
360593,1,1,0,0,0,0,0,0,0,0,0,0
360593,2,1,0,0,0,0,0,0,0,0,0,0
360594,1,1,0,0,0,0,0,0,0,0,0,0
360594,2,1,0,0,0,0,0,0,0,0,0,0
360595,1,1,0,0,0,0,0,0,0,0,0,0
360595,2,1,0,0,0,0,0,20,0,0,0,0
360596,0,1,0,0,0,0,0,0,0,0,0,0
360596,1,1,0,0,0,0,0,0,0,0,0,13
360597,1,1,0,0,0,0,0,0,0,0,0,0
360597,2,1,0,0,0,0,0,0,0,0,0,0
360598,0,1,24,8,0,0,0,0,29,0,0,16
360598,1,1,0,0,0,0,15,0,0,0,0,0
360599,1,1,24,24,24,24,24,24,24,24,24,24
360600,1,1,0,0,0,0,9,0,0,0,0,0
360600,2,1,0,0,0,0,0,0,0,0,0,0
360601,1,1,31,31,31,31,31,31,31,31,31,31
360602,1,1,4,4,4,4,4,4,4,4,4,4
360603,0,1,0,0,0,0,0,0,0,0,0,0
360603,1,1,0,0,0,0,0,0,0,0,0,0
360604,1,1,0,0,0,0,0,0,0,0,0,0
360604,2,1,0,0,0,0,7,0,0,0,0,0
360605,0,1,0,18,0,0,0,0,0,25,0,0
360605,1,1,0,0,15,7,0,0,0,0,17,4
360606,1,1,0,0,0,0,0,0,0,0,0,0
360607,1,1,0,0,0,0,0,0,0,0,0,0
360608,1,1,8,0,0,0,13,0,0,0,0,0
360609,1,1,0,0,0,0,0,0,0,0,0,0
360610,0,1,0,0,0,0,0,0,0,0,0,0
360610,1,1,0,0,0,0,7,29,0,0,0,0
360611,1,1,0,0,0,0,0,0,0,0,0,0
360611,2,1,0,0,0,0,0,0,0,0,0,0
360611,3,1,16,17,0,0,0,8,0,0,0,0
360612,1,1,0,0,0,0,0,0,0,0,0,0
360613,0,1,24,24,24,24,24,24,24,24,24,24
360613,1,1,0,0,0,31,0,0,0,0,0,0
360614,1,1,0,0,0,21,6,0,0,0,0,0
360614,2,1,0,0,0,0,0,0,0,0,0,7
360615,0,1,0,0,0,0,0,0,0,0,0,0
360615,1,1,0,0,0,0,16,18,0,1,23,0
360616,1,1,11,14,32,0,0,10,9,0,0,0
360617,1,1,19,0,15,0,0,7,14,11,0,0
360618,1,1,0,0,0,0,0,0,0,0,0,0
360618,2,1,11,2,24,18,12,6,9,13,12,4
360619,1,1,0,0,0,11,0,0,0,0,0,0
360619,2,1,0,0,0,0,0,11,0,0,0,0
360619,3,1,0,0,0,0,0,0,0,0,0,0
360620,0,1,20,7,18,16,0,45,0,13,27,13
360620,1,1,0,0,24,24,0,0,0,0,13,22
360621,0,1,30,7,25,0,0,22,32,15,0,0
360621,1,1,0,0,0,12,9,20,9,0,0,0
360622,1,1,14,14,14,14,14,14,14,14,14,14
360623,1,1,2,7,11,27,0,0,0,0,0,0
360623,2,1,0,0,0,0,0,0,0,0,0,0
360624,0,1,24,24,24,24,24,24,24,24,24,24
360624,1,1,0,0,20,11,17,0,9,26,0,17
360625,0,1,0,0,0,0,0,0,0,0,0,0
360625,1,1,0,0,0,0,0,0,0,0,0,0
360626,1,1,19,0,16,0,0,0,0,0,0,26
360626,2,1,11,11,11,11,11,11,11,11,11,11
360627,1,1,19,11,25,12,7,10,10,20,11,12
360628,0,1,0,0,0,0,0,0,0,0,0,0
360628,0,2,0,0,0,28,0,15,6,0,0,14
360628,1,1,8,0,0,0,0,0,10,0,0,16
360629,1,1,11,11,11,11,11,11,11,11,11,11
360629,2,1,0,0,0,0,0,0,0,0,0,23
360630,1,1,0,0,0,0,0,0,0,19,0,0
360630,2,1,26,3,0,0,21,0,0,0,0,21
360630,3,1,0,0,0,0,0,0,0,0,0,0
360632,1,1,20,20,20,20,20,20,20,20,20,20
360633,1,1,0,0,0,0,0,0,21,0,0,0
360633,2,1,0,0,0,0,0,0,0,0,0,0
360634,0,1,0,0,0,0,0,0,0,0,0,0
360634,1,1,0,0,0,0,0,0,0,5,0,0
360635,1,1,0,0,0,0,0,0,0,0,0,0
360636,1,1,0,0,0,0,0,0,0,0,0,10
360637,0,1,14,0,0,0,12,0,0,0,0,0
360637,1,1,0,0,0,0,0,0,0,0,0,0
360638,1,1,0,0,0,0,0,0,0,0,0,0
360638,2,1,8,8,8,8,8,8,8,8,8,8
360639,1,1,10,10,10,10,10,10,10,10,10,10
360639,2,1,0,0,0,0,0,0,0,0,0,0
360640,0,1,0,0,0,0,0,0,0,0,0,0
360640,1,1,0,0,0,12,0,5,0,0,0,26
360641,0,1,0,0,0,0,0,0,0,0,0,0
360641,1,1,23,0,0,0,0,0,0,0,0,0
360642,0,1,0,0,0,0,0,0,0,0,0,0
360642,1,1,0,0,0,0,0,0,0,0,3,0
360643,0,1,0,0,0,0,0,0,0,0,0,0
360643,1,1,0,0,0,0,0,0,0,0,0,0
360644,1,1,0,0,0,0,0,0,0,0,0,0
360645,1,1,0,0,0,0,0,0,0,0,0,0
360646,0,1,0,0,14,23,0,9,0,0,0,0
360646,1,1,0,9,11,0,21,0,4,0,0,25
360647,1,1,0,0,0,11,0,0,13,15,0,0
360648,0,1,0,0,0,0,0,0,0,0,0,0
360648,1,1,0,0,0,0,23,15,0,31,0,29
360649,1,1,12,12,12,12,12,12,12,12,12,12
360649,2,1,21,0,0,14,0,0,0,0,0,0
360650,1,1,0,0,0,0,0,0,0,0,0,0
360651,1,1,10,14,5,24,0,0,0,0,0,0
360652,0,1,0,0,0,0,0,0,0,0,0,0
360652,1,1,14,0,0,0,11,18,0,0,0,0
360653,1,1,8,8,8,8,8,8,8,8,8,8
360653,2,1,0,0,0,0,0,0,0,0,0,0
360654,0,1,39,39,39,39,39,39,39,39,39,39
360654,1,1,0,0,13,0,24,17,0,0,0,7
360655,0,1,0,0,0,0,0,0,0,0,0,0
360655,0,2,0,0,0,0,31,0,15,5,0,0
360655,1,1,0,0,0,20,0,0,0,0,0,0
360656,1,1,0,0,0,0,0,0,0,0,0,0
360656,2,1,0,0,0,0,0,0,0,0,0,0
360657,1,1,0,0,0,0,0,0,0,0,0,0
360658,1,1,0,27,0,6,0,0,0,11,0,29
360658,2,1,0,0,16,32,0,0,6,0,13,0
360659,1,1,0,0,0,0,0,0,0,0,0,0
360659,2,1,0,0,0,0,0,0,0,0,0,0
360660,0,1,0,0,0,0,0,0,0,0,0,0
360660,1,1,0,0,0,0,0,0,0,0,0,0
360661,1,1,0,0,14,0,0,0,0,0,0,0
360661,2,1,0,0,0,0,0,16,0,0,0,0
360662,1,1,0,0,0,0,0,0,0,0,0,0
360662,2,1,0,0,0,0,0,0,0,0,0,0
360663,1,1,25,25,25,25,25,25,25,25,25,25
360664,1,1,0,0,0,0,0,0,0,0,0,0
360665,1,1,0,0,0,0,0,0,0,0,0,0
360666,1,1,0,0,0,0,0,0,20,0,0,0
360666,2,1,0,0,0,3,0,0,0,0,12,12
360667,1,1,0,0,0,0,0,0,0,0,0,0
360667,2,1,0,0,0,0,0,0,0,9,0,0
360668,1,1,0,0,0,0,0,0,0,0,0,0
360668,2,1,0,0,0,0,0,0,0,0,0,0
360669,1,1,0,0,16,0,0,0,23,0,0,0
360669,2,1,0,0,0,0,0,0,0,0,0,0
360670,1,1,0,0,0,0,0,0,0,0,0,0
360670,2,1,0,7,0,0,0,0,0,0,0,0
360670,3,1,0,0,0,0,0,18,0,0,0,3
360671,1,1,0,0,0,0,0,0,0,0,0,0
360671,2,1,0,0,15,0,0,0,0,0,0,0
360672,0,1,21,21,21,21,21,21,21,21,21,21
360672,1,1,0,0,11,0,0,0,0,0,28,0
360673,0,1,22,0,0,25,0,0,31,12,0,0
360673,1,1,5,0,0,0,0,21,12,21,22,0
360674,1,1,23,23,23,23,23,23,23,23,23,23
360674,2,1,0,0,0,0,0,0,0,7,0,0
360675,1,1,0,0,0,0,0,0,0,0,0,0
360676,1,1,0,0,0,0,0,0,0,0,0,0
360676,2,1,9,0,0,14,0,0,0,7,0,0
360676,3,1,0,7,0,0,0,0,0,0,18,13
360676,4,1,0,23,0,0,10,0,0,6,0,0
360677,1,1,14,0,0,0,8,0,0,0,0,0
360677,2,1,0,0,0,0,0,0,0,0,0,0
360678,1,1,0,0,0,0,0,0,0,0,0,0
360678,2,1,16,16,16,16,16,16,16,16,16,16
360679,0,1,25,25,25,25,25,25,25,25,25,25
360679,1,1,0,0,8,0,20,0,0,0,0,0
360680,1,1,0,0,0,0,0,0,0,0,0,0
360681,1,1,18,15,21,28,23,7,16,15,14,9
360682,1,1,23,23,23,23,23,23,23,23,23,23
360683,0,1,0,0,0,0,0,0,0,0,0,0
360683,1,1,0,0,0,0,3,34,0,0,14,11
360684,1,1,0,0,0,11,0,12,17,25,0,0
360684,2,1,0,20,14,11,0,18,0,0,0,0
360685,1,1,4,4,4,4,4,4,4,4,4,4
360686,1,1,15,15,15,15,15,15,15,15,15,15
360686,2,1,0,0,0,0,0,0,0,0,0,0
360687,1,1,0,0,0,0,0,0,0,0,0,0
360688,0,1,0,0,0,0,0,0,0,0,0,0
360688,1,1,0,0,0,0,0,0,0,56,0,0
360689,1,1,0,0,0,0,0,0,0,0,0,0
360689,2,1,0,0,0,0,0,20,0,0,0,0
360690,1,1,0,0,0,0,0,0,0,0,0,0
360690,2,1,0,0,0,0,0,0,0,0,0,0
360691,1,1,20,20,20,20,20,20,20,20,20,20
360692,1,1,18,18,18,18,18,18,18,18,18,18
360693,1,1,0,0,0,0,0,0,0,0,0,0
360694,1,1,0,0,0,0,0,0,0,0,0,0
360694,2,1,9,5,11,6,14,5,16,7,17,15
360694,3,1,0,10,0,0,0,0,8,0,15,0
360695,1,1,0,0,0,0,0,0,0,0,0,0
360696,1,1,0,0,0,0,0,0,0,0,0,0
360696,2,1,0,0,0,0,0,0,0,0,0,0
360697,1,1,0,0,0,0,0,0,0,0,0,0
360697,2,1,0,0,0,0,0,0,0,0,0,12
360698,1,1,0,0,0,0,0,0,0,0,0,0
360698,2,1,12,0,0,0,0,0,0,0,0,0
360699,0,1,0,0,0,0,0,0,0,0,0,0
360699,1,1,10,3,6,11,0,13,7,23,3,18
360700,1,1,0,0,0,0,0,0,0,0,0,0
360700,2,1,0,0,0,0,0,0,0,0,0,0
360701,1,1,0,0,0,0,0,0,0,0,0,0
360701,2,1,0,0,0,0,0,0,0,0,0,0
360702,1,1,18,0,9,16,18,20,0,0,0,21
360703,1,1,0,21,0,0,0,0,0,20,35,26
360704,1,1,0,0,0,0,0,0,0,0,0,0
360704,2,1,0,0,0,0,0,0,0,0,0,0
360705,1,1,0,0,0,0,0,0,0,0,0,0
360705,2,1,13,13,13,13,13,13,13,13,13,13
360706,1,1,16,20,8,2,0,10,0,0,0,26
360706,2,1,11,31,13,24,15,13,27,7,31,23
360707,0,1,14,14,14,14,14,14,14,14,14,14
360707,1,1,0,0,18,8,24,0,0,0,0,25
360708,1,1,0,0,0,0,0,0,0,0,0,0
360709,0,1,0,0,0,0,0,0,0,0,0,0
360709,1,1,0,0,0,0,0,15,0,0,0,0
360710,0,1,9,9,9,9,9,9,9,9,9,9
360710,1,1,9,14,0,0,12,0,11,0,0,0
360711,1,1,0,0,0,0,0,0,0,0,0,0
360712,1,1,16,16,16,16,16,16,16,16,16,16
360713,0,1,0,0,0,0,0,0,0,0,0,0
360713,1,1,0,0,0,0,0,0,0,0,0,0
360714,0,1,0,0,0,0,0,0,0,0,0,0
360714,1,1,0,0,0,0,0,0,0,0,0,0
360715,1,1,0,0,0,0,0,0,0,0,0,0
360716,0,1,0,0,0,0,0,0,0,0,0,0
360716,1,1,0,0,20,0,11,0,0,0,23,0
360717,0,1,0,0,0,0,0,0,0,0,0,0
360717,0,2,0,0,0,0,0,0,0,0,0,0
360717,0,3,0,0,0,0,0,0,0,0,0,0
360717,1,1,0,0,0,0,0,0,0,0,0,0
360717,2,1,0,0,0,0,0,0,0,0,0,0
360718,1,1,15,15,15,15,15,15,15,15,15,15
360719,1,1,0,0,0,0,0,0,0,0,0,0
360719,2,1,0,0,0,0,0,0,0,14,0,0
360720,0,1,0,0,0,0,0,0,0,0,0,0
360720,1,1,0,0,0,0,0,0,17,2,0,0
360721,0,1,34,34,34,34,34,34,34,34,34,34
360721,1,1,0,0,0,0,0,0,0,0,0,0
360722,0,1,0,0,0,0,0,0,0,0,0,0
360722,1,1,17,0,0,0,0,0,0,31,0,0
360723,0,1,0,0,0,0,0,10,0,0,0,0
360723,0,2,37,0,14,0,0,0,0,31,0,0
360723,0,3,16,0,0,0,0,24,0,25,0,10
360723,1,1,0,0,0,0,0,0,0,0,0,0
360723,2,1,0,0,14,0,0,0,0,0,0,0
360724,1,1,5,0,0,0,0,11,0,18,0,0
360724,2,1,0,0,0,0,0,0,0,0,0,0
360724,3,1,10,11,6,15,17,6,0,22,15,29
360725,1,1,0,0,0,0,0,0,0,0,0,0
360726,1,1,0,0,0,0,0,16,0,0,0,0
360726,2,1,0,0,0,0,0,0,0,0,0,0
360727,1,1,0,0,0,0,0,0,0,0,0,0
360728,1,1,0,0,0,0,0,0,0,0,14,0
360728,2,1,0,0,0,0,0,0,0,0,0,0
360729,0,1,0,0,0,26,0,0,26,0,0,0
360729,1,1,0,0,0,0,0,0,0,0,31,0
360730,1,1,0,0,0,0,0,0,0,0,0,0
360731,1,1,0,0,0,0,0,0,0,0,0,0
360731,2,1,0,11,0,0,13,0,0,0,2,5
360732,0,1,0,0,0,14,0,0,0,25,0,0
360732,1,1,0,0,0,0,0,0,0,0,0,0
360733,1,1,0,0,0,0,0,0,0,0,0,0
360733,2,1,0,0,0,0,0,0,0,0,0,0
360734,0,1,0,0,0,0,0,0,0,0,0,0
360734,1,1,0,0,0,0,0,0,0,0,0,0
360735,1,1,0,0,0,0,0,0,0,0,0,0
360736,0,1,23,0,15,0,0,0,0,0,0,0
360736,1,1,0,0,0,0,0,0,35,16,0,26
360737,1,1,17,0,0,0,29,15,9,0,0,0
360737,2,1,9,8,18,11,0,0,0,8,0,0
360738,0,1,0,0,0,0,15,0,0,0,0,17
360738,1,1,0,0,0,0,0,0,0,0,0,0
360739,1,1,10,10,10,10,10,10,10,10,10,10
360740,1,1,0,0,11,0,0,7,0,11,13,12
360740,2,1,0,0,0,0,7,0,0,0,0,0
360740,3,1,14,31,0,0,0,0,0,0,10,0
360740,4,1,0,0,0,0,0,0,0,0,12,16
360741,1,1,0,0,0,0,0,0,0,0,0,0
360741,2,1,0,0,0,0,8,11,14,0,0,0
360741,3,1,0,0,0,0,0,0,0,0,0,0
360742,1,1,35,0,0,0,0,0,20,0,0,17
360743,1,1,13,13,13,13,13,13,13,13,13,13
360743,2,1,0,0,5,0,5,0,0,0,0,0
360744,1,1,0,0,0,0,0,0,0,0,0,0
360745,0,1,0,0,0,0,0,0,0,0,0,0
360745,1,1,0,0,0,0,0,0,0,0,0,0
360746,1,1,0,0,0,0,0,0,0,0,0,0
360746,2,1,0,0,0,0,0,0,0,0,0,0
360747,1,1,10,10,10,10,10,10,10,10,10,10
360748,1,1,27,0,27,27,0,0,11,0,0,0
360749,0,1,0,12,0,0,0,0,31,20,34,0
360749,1,1,8,13,0,0,0,6,0,0,0,25
360750,1,1,0,0,0,0,0,0,0,0,0,0
360750,2,1,0,0,0,0,0,0,0,0,0,0
360751,0,1,0,0,0,0,0,0,0,0,0,0
360751,1,1,0,10,0,2,0,8,0,11,0,0
360752,1,1,0,0,0,0,0,0,0,0,0,0
360752,2,1,0,0,0,0,0,0,0,0,0,0
360753,1,1,25,3,16,28,19,26,10,17,9,17
360754,0,1,0,0,0,0,0,0,0,0,0,0
360754,1,1,0,0,0,0,0,0,7,0,0,0
360755,1,1,0,0,0,0,0,0,0,0,0,0
360756,1,1,4,4,4,4,4,4,4,4,4,4
360756,2,1,0,0,0,0,0,0,0,0,0,0
360757,1,1,0,0,0,0,0,0,0,0,0,0
360758,1,1,0,0,0,0,0,0,0,18,0,0
360758,2,1,0,0,0,0,0,0,0,0,0,0
360758,3,1,0,0,0,0,0,0,0,0,0,0
360759,0,1,0,0,0,0,0,0,0,0,0,0
360759,1,1,0,0,0,0,0,13,8,17,0,0
360760,1,1,0,0,16,0,0,0,0,0,0,0
360760,2,1,26,0,0,17,0,9,0,0,0,0
360761,1,1,0,0,0,0,0,0,0,0,16,0
360762,1,1,20,20,20,20,20,20,20,20,20,20
360763,1,1,0,0,0,0,0,0,0,0,0,0
360764,1,1,0,0,9,0,0,0,0,0,0,0
360764,2,1,0,0,0,0,24,0,26,12,0,21
360765,0,1,0,0,0,0,0,0,0,0,0,0
360765,1,1,0,0,0,15,0,0,0,0,0,0
360765,2,1,0,0,0,0,0,0,0,13,0,0
360765,3,1,8,20,0,0,0,8,19,4,13,0
360766,1,1,0,0,0,0,0,0,0,0,0,0
360767,0,1,0,0,0,0,0,0,0,0,0,0
360767,1,1,0,0,14,0,0,0,0,0,0,16
360768,0,1,19,19,19,19,19,19,19,19,19,19
360768,1,1,0,0,0,0,0,6,0,16,19,0
360769,0,1,0,0,0,0,0,0,0,0,0,0
360769,1,1,0,0,0,0,0,0,0,0,0,8
360770,1,1,0,0,0,0,0,0,0,0,0,0
360771,0,1,28,28,28,28,28,28,28,28,28,28
360771,1,1,0,0,0,0,0,0,0,0,0,0
360772,0,1,0,0,0,0,0,0,0,0,0,0
360772,1,1,0,0,0,0,0,0,0,0,0,0
360773,0,1,0,0,0,0,0,0,0,0,0,0
360773,1,1,0,0,0,0,0,0,0,0,0,0
360774,0,1,28,28,28,28,28,28,28,28,28,28
360774,1,1,0,0,0,0,0,0,0,16,13,0
360775,1,1,0,0,0,0,0,0,0,0,0,0
360775,2,1,0,0,0,0,0,0,0,19,0,0
360776,1,1,0,0,0,0,0,0,0,0,0,0
360776,2,1,0,0,0,0,0,0,0,0,0,0
360777,0,1,24,24,24,24,24,24,24,24,24,24
360777,1,1,28,0,0,10,0,0,27,0,22,24
360778,1,1,0,0,0,0,0,0,0,0,0,0
360778,2,1,0,17,0,0,0,0,23,0,16,0
360778,3,1,0,12,8,0,0,16,0,0,39,0
360779,1,1,0,0,0,0,0,0,0,0,0,0
360780,1,1,13,14,38,9,9,32,16,30,10,20
360780,2,1,23,23,23,23,23,23,23,23,23,23
360781,1,1,0,0,0,0,8,0,16,0,19,0
360782,0,1,0,0,0,0,0,0,0,0,0,0
360782,1,1,0,0,0,0,0,0,20,0,0,0
360783,0,1,3,3,3,3,3,3,3,3,3,3
360783,1,1,0,3,0,0,0,0,0,0,0,0
360784,1,1,0,0,6,6,0,0,0,7,0,13
360784,2,1,0,0,8,0,8,0,16,0,0,0
360785,1,1,0,0,0,0,0,0,0,0,0,0
360785,2,1,9,0,0,0,16,8,8,0,0,20
360786,1,1,10,9,0,0,18,0,8,33,23,0
360786,2,1,0,0,0,0,0,0,0,0,0,0
360787,0,1,0,0,0,0,0,0,0,0,0,0
360787,1,1,0,0,16,9,8,17,0,0,0,0
360788,1,1,0,0,0,0,0,0,0,0,0,0
360789,1,1,10,10,10,10,10,10,10,10,10,10
360790,0,1,0,0,0,0,0,0,0,0,0,0
360790,1,1,0,0,0,0,0,0,0,0,0,0
360791,0,1,0,0,0,0,0,0,0,0,0,0
360791,1,1,0,0,0,0,0,0,0,0,0,0
360792,0,1,18,16,23,17,9,54,13,27,17,22
360792,1,1,17,17,17,17,17,17,17,17,17,17
360793,0,1,0,0,0,0,0,0,0,0,0,0
360793,1,1,0,0,0,0,0,0,0,0,0,0
360794,0,1,0,0,14,0,0,0,0,0,39,0
360794,1,1,0,0,28,0,0,0,0,0,0,0
360795,1,1,0,0,0,0,0,0,0,0,0,0
360795,2,1,0,0,0,16,0,0,0,10,0,13
360796,1,1,0,0,0,0,0,0,0,0,0,0
360796,2,1,0,0,0,0,0,0,0,0,0,0
360797,1,1,0,0,0,0,0,0,0,0,0,0
360797,2,1,0,0,0,0,0,0,0,0,0,9
360798,1,1,0,0,0,0,0,0,0,0,0,0
360799,0,1,0,19,24,0,0,0,0,0,0,24
360799,0,2,15,15,15,15,15,15,15,15,15,15
360799,0,3,8,22,0,20,0,30,0,0,0,0
360799,0,4,0,0,0,0,19,0,8,0,0,0
360799,1,1,20,20,20,20,20,20,20,20,20,20
360800,1,1,0,0,0,0,0,0,0,0,0,0
360800,2,1,0,0,0,0,0,0,0,0,0,0
360801,0,1,0,0,0,0,0,0,0,0,0,0
360801,0,2,0,0,0,0,0,0,0,0,0,0
360801,0,3,0,0,0,0,0,0,0,0,0,0
360801,0,4,0,0,0,0,0,0,0,0,0,0
360801,0,5,0,0,0,0,0,0,0,0,0,0
360801,0,6,0,0,0,0,0,0,0,0,0,0
360801,0,7,0,0,24,0,0,0,0,6,0,0
360801,1,1,0,0,0,0,0,0,0,0,0,0
360801,2,1,0,0,0,0,0,0,0,0,0,0
360801,3,1,0,0,0,0,0,0,0,0,0,0
360802,1,1,0,0,0,0,0,0,0,0,0,0
360802,2,1,0,0,16,0,0,12,0,0,0,0
360803,1,1,0,0,0,0,0,0,0,0,0,0