ST_CASE,VEH_NO,PER_NO,P1,P2,P3,P4,P5,P6,P7,P8,P9,P10
360804,0,1,28,28,28,28,28,28,28,28,28,28
360804,1,1,0,0,0,21,0,0,0,0,0,0
360805,1,1,9,9,9,9,9,9,9,9,9,9
360806,0,1,0,0,0,0,0,0,0,0,0,0
360806,1,1,0,0,0,0,0,0,0,0,0,29
360807,1,1,5,26,13,13,22,12,35,27,17,8
360808,0,1,0,0,0,0,0,0,0,0,0,0
360808,1,1,0,0,0,0,0,0,0,0,0,0
360809,1,1,17,0,0,25,0,0,0,15,0,0
360810,0,1,0,0,27,0,0,11,0,0,0,0
360810,1,1,0,0,0,0,0,14,8,0,0,3
360811,0,1,0,0,0,0,0,0,0,0,0,0
360811,1,1,2,20,9,7,6,12,0,0,0,0
360812,1,1,0,0,0,0,0,0,0,0,0,0
360813,0,1,0,16,0,12,0,0,0,0,16,0
360813,1,1,0,10,0,0,0,0,0,16,0,0
360814,1,1,0,0,14,0,0,0,0,0,0,0
360814,2,1,0,0,0,3,0,0,0,0,5,0
360815,0,1,0,0,0,0,0,0,0,0,0,0
360815,1,1,0,13,0,0,0,12,0,0,0,0
360816,0,1,0,0,0,0,0,0,0,0,0,0
360816,1,1,9,0,0,0,0,0,0,0,0,0
360817,0,1,0,9,0,0,0,0,0,0,0,0
360817,1,1,0,0,0,0,0,0,0,0,0,0
360818,1,1,0,0,0,0,0,0,0,0,0,0
360819,0,1,0,0,0,0,0,0,0,0,0,0
360819,1,1,0,0,0,0,0,0,0,0,0,0
360820,0,1,10,10,10,10,10,10,10,10,10,10
360820,1,1,0,25,0,0,0,23,22,0,0,0
360821,0,1,0,0,0,0,0,0,0,0,0,0
360821,1,1,0,0,0,0,0,0,0,0,0,0
360822,0,1,0,0,0,0,0,0,0,0,0,0
360822,1,1,0,0,0,0,0,0,0,0,10,0
360823,1,1,0,0,0,0,17,0,0,0,0,0
360823,2,1,0,0,0,0,0,0,0,20,0,0
360823,3,1,0,0,0,0,0,0,0,0,0,0
360823,4,1,0,0,0,0,0,0,0,0,0,0
360823,5,1,0,0,0,0,0,0,0,15,0,0
360823,6,1,0,0,0,0,0,0,0,0,0,10
360824,1,1,31,31,31,31,31,31,31,31,31,31
360824,2,1,0,0,0,0,0,0,0,0,0,0
360824,3,1,13,23,0,0,7,0,3,0,0,0
360824,4,1,3,0,0,0,0,2,0,0,0,0
360825,1,1,0,28,18,0,14,0,0,17,0,7
360825,2,1,18,0,15,0,8,0,0,10,15,8
360826,0,1,11,11,11,11,11,11,11,11,11,11
360826,1,1,0,0,0,0,0,0,17,0,0,0
360827,1,1,0,0,0,0,0,0,0,0,0,0
360827,2,1,0,9,0,0,0,0,0,0,0,0
360828,1,1,0,8,9,16,0,26,0,0,17,0
360829,1,1,0,0,0,0,0,0,0,0,0,0
360829,2,1,0,0,0,0,0,0,0,0,0,0
360830,1,1,20,20,20,20,20,20,20,20,20,20
360831,0,1,0,0,0,0,0,0,0,0,0,0
360831,1,1,0,0,0,0,0,0,0,0,0,0
360832,1,1,0,9,22,14,0,4,7,16,4,14
360833,0,1,3,3,3,3,3,3,3,3,3,3
360833,1,1,0,0,0,0,0,0,0,0,0,0
360834,1,1,0,0,0,0,0,0,0,0,0,0
360834,2,1,0,0,0,0,0,0,0,0,0,0
360835,1,1,0,0,0,0,0,0,0,0,0,0
360835,2,1,0,0,0,0,0,0,0,0,0,0
360836,0,1,16,16,16,16,16,16,16,16,16,16
360836,1,1,0,0,0,0,0,0,22,0,0,0
360837,1,1,0,0,0,0,0,0,0,0,0,0
360837,2,1,0,0,0,0,0,0,0,0,0,0
360838,1,1,0,0,0,0,0,0,0,0,0,0
360839,0,1,0,0,0,0,0,0,0,0,0,0
360839,1,1,34,0,0,0,0,0,0,0,0,0
360840,0,1,0,0,0,0,0,0,0,0,0,0
360840,1,1,26,5,16,11,22,13,12,31,3,10
360841,0,1,0,0,18,0,12,0,0,10,0,0
360841,1,1,0,22,0,13,0,0,0,0,0,0
360842,0,1,0,0,0,0,0,0,0,0,0,0
360842,1,1,0,10,0,28,9,0,19,0,0,16
360843,1,1,20,18,22,11,21,16,17,19,22,9
360844,0,1,41,41,41,41,41,41,41,41,41,41
360844,1,1,0,0,0,0,0,0,9,0,0,0
360845,1,1,0,0,0,0,0,0,0,5,0,0
360845,2,1,0,0,0,0,0,0,0,0,0,0
360846,1,1,0,0,0,20,0,0,0,5,0,0
360846,2,1,16,16,16,16,16,16,16,16,16,16
360847,1,1,14,14,14,14,14,14,14,14,14,14
360848,0,1,0,16,0,0,9,0,18,31,45,0
360848,0,2,13,0,0,0,0,0,0,13,0,0
360848,1,1,0,0,0,0,0,0,0,0,0,0
360849,1,1,0,0,0,0,0,0,0,0,0,0
360849,2,1,0,0,0,0,0,0,0,0,0,0
360850,0,1,8,0,0,0,0,28,0,0,0,12
360850,0,2,0,0,0,14,0,0,0,0,0,0
360850,1,1,0,0,0,0,0,0,0,0,0,0
360851,1,1,18,18,18,18,18,18,18,18,18,18
360851,2,1,0,0,0,0,0,0,0,0,0,0
360852,1,1,0,0,30,0,14,0,0,14,19,18
360853,1,1,0,0,0,0,0,0,0,0,0,0
360853,2,1,4,4,4,4,4,4,4,4,4,4
360853,3,1,0,0,0,0,0,0,0,0,0,0
360854,1,1,11,0,0,0,0,20,0,14,0,0
360854,2,1,0,0,0,0,0,0,0,0,0,0
360855,1,1,0,0,0,0,0,0,0,0,0,0
360856,1,1,0,0,0,0,0,0,0,0,0,5
360856,2,1,0,12,0,0,0,0,0,0,0,0
360857,0,1,0,0,0,0,0,0,0,0,0,0
360857,1,1,0,0,0,0,0,0,14,27,21,0
360858,1,1,0,0,0,0,0,0,0,0,0,0
360859,1,1,17,0,0,0,0,0,0,0,0,0
360859,2,1,42,42,42,42,42,42,42,42,42,42
360860,1,1,22,22,22,22,22,22,22,22,22,22
360860,2,1,0,0,0,0,12,5,0,0,0,0
360861,0,1,0,0,0,0,0,0,0,0,0,0
360861,1,1,28,0,0,0,0,0,0,0,0,0
360862,0,1,0,0,0,22,0,0,25,12,0,19
360862,1,1,13,17,0,0,20,37,0,26,12,0
360863,1,1,29,29,29,29,29,29,29,29,29,29
360864,1,1,0,0,0,0,10,0,8,0,0,0
360864,2,1,27,27,27,27,27,27,27,27,27,27
360865,0,1,0,0,0,0,0,0,0,0,0,0
360865,1,1,0,0,0,0,0,0,0,0,0,0
360866,0,1,0,0,0,0,0,0,0,0,0,0
360866,1,1,0,0,0,0,0,0,0,0,0,0
360867,0,1,0,0,0,0,0,0,0,0,0,0
360867,1,1,0,0,0,14,0,0,0,0,0,0
360868,0,1,0,0,17,0,0,0,0,0,0,0
360868,1,1,0,0,0,0,0,17,0,0,0,0
360869,0,1,0,0,7,0,0,0,0,0,0,0
360869,1,1,0,0,0,0,0,10,0,0,13,0
360870,0,1,0,0,0,27,0,8,14,30,30,10
360870,1,1,0,0,6,14,0,0,0,0,0,7
360871,1,1,0,14,0,0,0,0,0,0,21,0
360871,2,1,0,0,0,0,0,0,0,7,0,0
360872,1,1,9,0,0,0,9,0,0,0,0,0
360872,2,1,0,0,0,0,0,18,0,0,0,0
360872,3,1,6,0,0,0,0,0,0,0,0,0
360873,1,1,0,0,29,0,0,0,0,0,0,0
360873,2,1,0,0,0,0,0,0,0,0,0,0
360874,0,1,0,20,0,0,0,0,0,0,0,30
360874,1,1,0,0,0,0,0,24,0,0,0,0
360875,1,1,0,0,0,0,0,0,0,0,0,0
360876,1,1,9,9,9,9,9,9,9,9,9,9
360876,2,1,0,0,0,0,0,0,0,7,0,0
360877,0,1,0,0,0,0,0,0,0,0,0,0
360877,1,1,0,0,0,0,0,0,0,6,0,0
360878,1,1,0,0,0,0,0,8,0,0,0,0
360879,0,1,0,0,0,0,0,0,0,0,0,0
360879,1,1,0,0,0,0,0,0,0,0,0,0
360880,0,1,0,0,0,0,0,0,0,0,0,0
360880,1,1,0,0,23,0,0,0,0,0,0,5
360881,1,1,0,0,0,0,0,0,12,0,0,0
360881,2,1,0,0,0,0,0,0,0,0,10,0
360882,1,1,0,0,0,0,0,0,0,0,0,0
360883,0,1,0,0,0,0,0,0,0,0,0,0
360883,1,1,0,0,0,0,0,23,0,0,0,0
360883,2,1,0,0,0,0,0,0,0,0,0,0
360883,4,1,0,0,0,0,0,0,0,0,0,0
360883,6,1,0,0,0,0,0,0,0,0,0,0
360883,7,1,30,0,0,0,0,0,0,0,0,0
360884,0,1,0,0,0,0,0,0,0,0,0,0
360884,1,1,0,0,11,20,0,0,0,16,0,0
360885,1,1,0,0,0,0,0,0,19,0,0,0
360885,2,1,0,0,0,0,0,0,0,0,0,0
360886,1,1,9,9,9,9,9,9,9,9,9,9
360886,2,1,0,0,0,0,0,9,0,0,0,0
360887,1,1,7,25,13,34,26,18,0,42,0,22
360888,1,1,2,2,2,2,2,2,2,2,2,2
360889,1,1,0,0,0,16,4,0,0,0,11,0
360889,2,1,0,0,0,0,0,0,0,0,0,0
360889,3,1,0,0,14,0,0,16,0,0,0,0
360889,4,1,0,18,0,0,0,7,0,14,11,0
360889,5,1,0,0,0,0,0,26,0,14,0,0
360889,6,1,0,21,2,0,20,0,0,16,0,0
360890,1,1,0,0,0,0,0,0,0,0,0,0
360890,2,1,0,0,0,0,0,0,0,0,0,0
360891,1,1,11,11,11,11,11,11,11,11,11,11
360892,1,1,0,0,0,0,0,0,0,0,0,0
360893,1,1,0,0,0,0,0,0,0,0,0,0
360894,1,1,0,0,0,0,0,0,0,0,0,0
360894,2,1,0,0,0,0,0,0,0,0,0,0
360895,1,1,26,26,26,26,26,26,26,26,26,26
360896,0,1,0,0,0,0,0,0,0,0,0,0
360896,1,1,0,0,7,10,0,0,32,0,16,14
360897,0,1,1,1,1,1,1,1,1,1,1,1
360897,1,1,0,0,0,0,40,0,0,0,0,0
360898,1,1,0,0,0,0,0,0,0,0,0,0
360899,1,1,0,0,0,11,0,0,0,0,0,0
360899,2,1,0,0,0,0,0,0,0,0,0,0
360899,3,1,0,0,10,0,0,0,0,0,0,0
360900,1,1,8,8,8,8,8,8,8,8,8,8
360901,1,1,23,23,23,23,23,23,23,23,23,23
360902,1,1,0,0,0,0,0,0,0,0,0,0
360902,2,1,0,0,0,0,0,0,0,0,0,0
360903,0,1,22,22,22,22,22,22,22,22,22,22
360903,1,1,0,0,0,0,0,0,0,0,0,0
360904,1,1,9,17,0,0,0,0,0,0,0,0
360904,2,1,0,0,0,0,0,0,0,0,0,0
360905,0,1,0,0,0,0,0,0,0,0,0,0
360905,1,1,0,0,0,0,0,0,0,13,0,0
360906,1,1,0,0,0,0,0,0,0,0,0,0
360907,1,1,0,0,0,0,0,0,0,0,0,0
360908,1,1,0,0,0,0,0,0,0,0,0,0
360908,2,1,0,0,27,0,0,0,0,0,0,23
360908,3,1,0,0,0,0,0,0,0,0,0,0
360909,1,1,14,14,14,14,14,14,14,14,14,14
360910,0,1,0,0,0,0,0,0,0,0,0,0
360910,1,1,0,0,0,0,0,0,0,0,0,0
360911,1,1,0,0,0,0,0,0,0,0,0,0
360912,1,1,0,0,0,0,0,0,0,0,0,0
360912,2,1,0,0,0,0,0,0,0,0,0,0
360913,1,1,0,0,0,0,0,0,0,0,0,0
360914,1,1,14,9,10,19,6,10,22,13,24,16
360915,0,1,3,0,20,0,6,15,5,0,0,0
360915,1,1,12,12,12,12,12,12,12,12,12,12
360916,1,1,17,17,17,17,17,17,17,17,17,17
360917,0,1,25,25,25,25,25,25,25,25,25,25
360917,1,1,0,0,0,17,14,6,0,30,18,0
360918,0,1,1,1,1,1,1,1,1,1,1,1
360918,0,2,0,0,0,0,7,0,0,21,29,0
360918,0,3,0,0,0,0,0,0,0,0,0,0
360918,1,1,0,0,0,0,8,0,0,0,0,0
360919,1,1,0,18,21,0,0,27,4,16,0,16
360920,0,1,0,0,0,0,0,0,0,0,0,0
360920,1,1,24,0,0,0,0,0,0,22,0,0
360921,1,1,9,9,9,9,9,9,9,9,9,9
360921,2,1,0,0,0,0,0,0,0,0,0,11
360922,0,1,0,0,26,0,0,0,0,0,9,0
360922,1,1,0,20,0,0,0,0,19,0,23,0
360923,0,1,0,0,0,0,0,0,0,0,0,0
360923,1,1,0,3,0,16,0,0,0,0,0,0
360924,1,1,0,0,0,0,0,0,0,0,0,0
360924,2,1,0,0,0,0,0,0,0,16,0,0
360925,1,1,0,0,0,0,0,0,0,0,0,0
360926,0,1,0,0,0,0,0,0,0,0,0,0
360926,1,1,22,11,14,33,33,26,17,18,9,17
360927,1,1,27,27,27,27,27,27,27,27,27,27
360928,0,1,0,0,0,0,0,0,0,0,0,0
360928,1,1,0,0,0,23,0,0,0,15,0,8
360929,0,1,0,0,0,0,0,0,0,0,0,0
360929,1,1,0,0,0,0,0,0,0,0,0,0
360930,0,1,8,16,8,0,14,0,0,0,0,0
360930,1,1,0,0,0,0,6,0,0,17,0,4
360931,1,1,11,28,22,18,15,21,16,13,8,32
360931,2,1,14,0,0,0,0,0,0,0,0,17
360931,3,1,0,0,0,0,0,0,0,0,0,0
360932,1,1,0,0,13,0,0,0,0,0,0,0
360933,1,1,0,8,0,42,0,16,0,0,0,0
360933,2,1,0,0,0,0,0,0,0,0,0,0
360934,1,1,0,0,0,0,0,0,0,0,0,0
360934,2,1,0,0,0,0,0,0,0,0,0,0
360935,1,1,0,0,0,0,0,0,0,0,0,0
360936,1,1,16,5,17,18,7,4,0,12,21,18
360936,2,1,0,0,0,0,0,0,0,0,0,0
360936,3,1,0,8,18,0,8,0,0,17,0,33
360937,0,1,0,0,0,0,0,0,0,0,0,0
360937,1,1,0,0,0,0,0,0,0,0,0,0
360938,0,1,0,0,0,0,0,0,0,0,0,0
360938,1,1,17,0,0,10,0,0,0,0,0,0
360939,1,1,0,0,0,0,0,0,0,9,0,0
360940,1,1,0,0,0,0,0,0,0,0,0,0
360940,2,1,10,0,0,0,0,0,0,0,0,0
360941,0,1,0,0,0,0,0,0,0,0,0,0
360941,1,1,0,0,0,0,0,12,0,0,0,0
360942,0,1,0,0,0,0,0,0,0,0,0,0
360942,1,1,0,0,0,0,0,0,0,0,0,0
360943,1,1,0,0,0,0,0,0,0,0,0,0
360944,1,1,0,16,0,0,22,15,0,27,0,0
360945,1,1,0,0,0,0,0,0,0,0,0,0
360945,2,1,0,0,0,0,0,0,0,0,0,0
360946,0,1,24,24,24,24,24,24,24,24,24,24
360946,1,1,0,0,0,0,0,0,0,0,0,0
360947,1,1,23,23,23,23,23,23,23,23,23,23
360948,1,1,0,0,0,0,0,0,0,0,0,13
360948,2,1,0,0,0,0,0,0,0,0,0,0
360948,3,1,0,0,0,0,0,0,0,0,0,0
360949,1,1,0,0,0,0,0,0,0,0,0,0
360950,1,1,13,13,13,13,13,13,13,13,13,13
360951,1,1,0,0,0,0,0,0,0,0,0,0
360951,2,1,0,0,0,0,0,0,0,0,0,0
360952,1,1,23,23,23,23,23,23,23,23,23,23
360953,0,1,0,0,0,0,0,0,0,0,0,0
360953,1,1,0,0,0,0,0,0,0,0,0,0
360954,1,1,13,17,0,6,0,0,0,0,3,12
360955,0,1,0,0,0,0,0,0,0,0,0,0
360955,1,1,9,20,12,9,16,16,21,6,23,10
360956,1,1,0,0,0,0,0,0,0,0,0,0
360956,2,1,0,0,0,0,0,0,0,0,0,0
360957,1,1,0,0,0,0,0,0,0,4,0,0
360957,2,1,0,0,0,0,0,0,0,0,0,0
360958,1,1,13,13,13,13,13,13,13,13,13,13
360959,1,1,0,0,0,0,0,0,0,0,0,0
360960,0,1,0,0,0,0,0,0,0,0,0,0
360960,1,1,0,0,0,0,0,0,0,0,0,0
360961,0,1,0,0,0,0,0,0,0,0,0,0
360961,1,1,0,9,0,0,0,0,0,18,12,0
360962,1,1,0,7,0,0,0,0,0,0,0,15
360963,1,1,0,0,0,0,0,0,0,0,0,0
360963,2,1,0,0,0,0,0,0,0,0,0,0
360964,0,1,0,0,0,0,0,0,0,0,0,0
360964,1,1,0,0,0,0,0,0,0,0,0,0
360965,1,1,0,0,0,0,0,0,0,0,0,0
360965,2,1,0,0,0,0,0,0,0,0,0,0
360966,0,1,33,12,0,0,0,0,0,0,0,0
360966,1,1,0,0,0,0,0,0,0,0,0,0
360967,0,1,0,0,0,0,0,8,33,0,0,0
360967,1,1,0,0,0,0,0,0,0,0,0,0
360968,0,1,0,0,0,0,0,0,0,0,0,0
360968,1,1,0,0,9,0,15,0,0,10,0,22
360968,2,1,0,0,0,0,24,16,0,0,0,9
360969,1,1,0,0,0,0,0,0,0,0,0,0
360970,1,1,0,0,0,0,0,0,0,0,0,19
360970,2,1,0,0,0,0,0,0,0,6,0,0
360971,1,1,17,17,17,17,17,17,17,17,17,17
360972,0,1,0,0,0,0,0,0,0,0,0,31
360972,1,1,0,0,0,0,0,9,0,0,0,0
360973,0,1,0,0,0,0,0,0,0,0,0,0
360973,1,1,0,0,0,0,0,15,0,0,0,0
360974,1,1,26,26,26,26,26,26,26,26,26,26
360975,1,1,26,9,20,30,18,0,17,33,31,17
360976,1,1,0,0,0,0,0,0,0,0,0,0
360976,2,1,0,0,0,0,0,0,0,0,0,0
360977,1,1,25,0,13,0,0,0,0,10,0,0
360978,1,1,0,0,0,0,0,0,0,0,0,0
360978,2,1,0,0,0,0,0,0,0,0,0,0
360979,0,1,0,0,0,0,0,0,0,0,0,0
360979,1,1,0,0,0,0,0,0,0,0,0,0
360980,1,1,9,12,5,15,0,0,8,16,16,9
360980,2,1,0,0,0,0,0,0,0,0,0,0
360981,0,1,0,0,0,0,0,0,0,0,0,0
360981,1,1,47,8,23,0,0,16,16,15,2,15
360981,2,1,0,0,0,5,0,0,0,17,0,0
360982,0,1,0,0,0,0,0,0,0,0,0,14
360982,1,1,0,0,0,0,0,0,0,0,0,0
360983,1,1,0,0,0,0,0,0,0,0,0,0
360983,2,1,9,9,9,9,9,9,9,9,9,9
360983,3,1,5,0,0,0,0,0,0,0,0,0
360984,1,1,29,29,29,29,29,29,29,29,29,29
360985,1,1,4,4,4,4,4,4,4,4,4,4
360985,2,1,0,0,0,0,0,0,0,0,0,0
360986,1,1,16,16,16,16,16,16,16,16,16,16
360987,1,1,0,0,0,0,0,0,0,0,0,0
360988,0,1,0,0,0,0,0,0,0,0,0,0
360988,1,1,9,0,0,0,0,0,0,0,0,12
360989,1,1,0,0,0,0,0,0,0,0,0,0
360990,0,1,0,0,0,0,0,0,0,0,0,0
360990,1,1,0,28,0,0,0,13,23,0,0,0
360991,1,1,0,0,0,0,0,0,11,0,0,0
360991,2,1,0,0,0,0,0,0,0,0,0,0
360992,1,1,0,0,0,0,0,0,0,0,0,0
360992,2,1,0,0,0,0,0,0,0,0,0,0
360993,1,1,0,0,0,0,0,0,0,0,0,0
360993,2,1,0,39,0,0,0,0,0,0,0,0
360994,1,1,0,0,0,0,0,0,0,0,0,0
360994,2,1,0,0,0,0,0,0,0,0,0,0
360995,0,1,30,30,30,30,30,30,30,30,30,30
360995,1,1,18,23,18,0,9,0,14,0,9,0
360995,2,1,0,0,9,0,12,15,17,14,0,0
360995,3,1,0,0,6,0,10,0,14,0,0,0
360996,1,1,0,0,0,0,0,0,0,0,0,0
360996,2,1,0,0,0,0,0,0,0,0,0,0
360997,0,1,0,0,0,0,0,0,0,0,0,0
360997,1,1,0,0,0,0,0,0,0,0,0,0
360998,0,1,38,38,38,38,38,38,38,38,38,38
360998,1,1,0,0,0,0,19,0,0,0,0,0
360999,1,1,0,0,0,0,0,0,0,0,0,0
361000,0,1,0,0,0,0,0,0,0,28,0,0
361000,1,1,0,4,0,0,0,0,0,0,0,0
361001,1,1,0,0,0,0,0,0,0,0,0,0
361001,2,1,0,0,0,0,9,0,0,0,0,0
361002,1,1,0,0,0,0,0,0,0,0,0,0
361002,2,1,21,22,19,8,5,7,20,20,9,22
361003,0,1,0,0,0,0,0,0,0,0,0,0
361003,1,1,0,0,0,0,0,0,0,14,0,18
361004,0,1,21,21,21,21,21,21,21,21,21,21
361004,1,1,12,20,0,0,0,37,0,31,34,0
361005,0,1,0,0,0,0,0,0,0,0,0,0
361005,1,1,0,0,0,0,22,0,0,0,0,6
361005,2,1,0,0,0,0,0,0,0,0,0,24
361006,1,1,20,20,20,20,20,20,20,20,20,20
361007,0,1,0,0,0,0,0,0,0,0,0,0
361007,1,1,0,0,0,0,0,0,0,0,0,0
361008,1,1,0,13,0,0,0,26,23,0,0,0
361008,2,1,0,0,0,0,0,0,0,0,0,0
361008,3,1,20,10,0,0,18,17,21,14,0,0
361009,0,1,0,0,0,0,0,0,0,0,0,0
361009,0,2,0,34,28,0,0,0,0,23,0,0
361009,1,1,0,0,0,0,0,0,0,35,0,0
361010,0,1,24,24,24,24,24,24,24,24,24,24
361010,1,1,0,0,8,10,12,0,0,0,0,0
361010,2,1,4,0,0,9,19,0,0,13,0,9
361011,0,1,0,0,0,5,9,0,0,13,20,32
361011,1,1,0,0,11,0,13,24,22,0,12,19
361012,0,1,24,24,24,24,24,24,24,24,24,24
361012,1,1,0,0,4,0,0,0,0,12,0,22
361012,2,1,0,13,0,28,11,0,14,0,0,0
361013,0,1,21,21,21,21,21,21,21,21,21,21
361013,1,1,0,0,0,0,0,0,0,0,0,0
361014,1,1,0,0,0,0,0,0,0,0,0,0
361015,1,1,18,18,18,18,18,18,18,18,18,18
361016,0,1,0,0,0,0,0,0,0,20,0,0
361016,1,1,0,0,0,2,0,9,16,0,0,0
361017,0,1,0,0,8,0,0,0,0,0,0,19
361017,1,1,0,0,0,0,0,0,0,0,0,0
361018,1,1,0,18,0,0,41,0,0,0,0,11
361019,0,1,0,0,0,0,0,0,0,0,0,0
361019,1,1,0,0,0,9,0,0,8,0,16,0
361020,1,1,15,15,15,15,15,15,15,15,15,15
361020,2,1,27,12,0,0,0,0,0,0,0,0
361021,1,1,0,0,0,0,0,0,0,0,0,0
361021,2,1,0,0,0,0,0,0,0,27,0,0
361022,1,1,0,0,0,0,0,0,0,0,0,0
361023,1,1,0,0,0,0,0,0,0,0,0,0
361023,2,1,0,0,0,0,0,0,0,0,0,0
361024,0,1,0,0,0,0,0,0,0,0,0,0
361024,1,1,0,0,0,0,0,0,0,0,0,0
361025,1,1,32,32,32,32,32,32,32,32,32,32
361026,1,1,0,0,14,9,0,0,0,0,17,0
361026,2,1,0,0,0,0,0,0,0,13,0,0
361027,0,1,24,24,24,24,24,24,24,24,24,24
361027,1,1,0,0,0,0,10,6,0,9,0,9
361028,0,1,8,8,8,8,8,8,8,8,8,8
361028,1,1,0,0,12,0,9,0,0,0,8,0
361029,1,1,18,5,0,0,0,12,8,0,0,5
361029,2,1,8,0,21,9,0,0,0,0,24,0
361030,0,1,0,0,0,0,0,17,0,0,33,0
361030,1,1,0,0,0,0,0,0,0,0,0,0
361031,1,1,7,0,0,0,0,0,0,0,0,0
361031,2,1,0,0,0,0,0,0,0,0,0,11
361031,3,1,2,2,2,2,2,2,2,2,2,2
361032,0,1,0,0,0,0,0,0,0,0,0,0
361032,1,1,0,0,0,0,0,0,0,0,0,0
361033,1,1,16,14,24,26,15,12,4,15,11,17
361034,1,1,0,0,0,0,0,0,0,35,0,0
361034,2,1,0,0,0,0,0,0,0,0,0,0
361035,1,1,0,0,0,0,0,0,0,0,0,0
361036,1,1,0,0,0,0,0,0,0,0,0,0
361036,2,1,0,0,0,0,0,0,0,0,0,0
361037,1,1,0,0,0,9,0,0,0,0,0,10
361037,2,1,19,0,0,0,0,0,0,12,0,0
361038,1,1,18,0,0,0,0,23,0,12,0,19
361039,0,1,31,0,0,0,0,0,0,0,0,2
361039,1,1,16,0,0,0,0,0,16,0,0,0
361040,0,1,0,10,0,11,6,13,36,0,16,0
361040,1,1,0,0,12,0,0,0,0,0,0,0
361041,0,1,0,0,0,0,0,0,0,0,0,0
361041,1,1,11,0,0,0,0,0,0,0,0,0
361042,0,1,0,0,0,0,0,0,0,0,0,0
361042,1,1,0,0,0,0,0,0,0,0,0,0
361043,0,1,0,0,13,0,0,0,0,16,0,0
361043,1,1,0,0,0,0,0,0,0,0,0,0
361044,0,1,3,3,3,3,3,3,3,3,3,3
361044,1,1,0,0,0,0,10,9,0,0,8,0
361045,0,1,0,0,0,0,20,0,0,0,0,0
361045,1,1,0,0,0,0,0,0,0,0,0,0
361046,1,1,0,0,0,0,0,0,0,0,0,0
361046,2,1,0,0,0,0,0,0,0,0,0,0
361047,1,1,0,0,0,0,0,0,0,0,0,0
361048,0,1,9,9,9,9,9,9,9,9,9,9
361048,1,1,0,0,0,0,0,0,0,0,0,0
361049,1,1,0,0,0,0,0,0,0,0,0,0
361049,2,1,0,0,0,0,0,0,0,0,0,0
361050,1,1,0,0,0,0,0,0,0,0,0,0
361050,2,1,0,0,0,0,0,0,0,4,0,0
370001,1,1,0,0,0,0,0,0,0,0,0,0
370002,0,1,0,0,0,0,0,0,0,0,0,0
370002,1,1,16,0,0,0,0,0,0,0,0,0
370003,1,1,0,0,0,0,0,0,0,0,0,0
370004,1,1,0,0,0,0,0,0,0,0,0,0
370006,1,1,0,0,0,0,0,0,0,0,0,0
370006,2,1,0,0,0,0,0,0,0,0,0,2
370007,1,1,0,0,0,0,0,0,0,0,0,0
370008,1,1,0,0,0,0,0,0,0,0,0,0
370009,1,1,6,6,6,6,6,6,6,6,6,6
370010,0,1,0,0,0,0,0,0,0,0,0,0
370010,1,1,9,9,9,9,9,9,9,9,9,9
370011,1,1,22,22,22,22,22,22,22,22,22,22
370012,1,1,0,0,0,0,0,0,0,0,0,0
370012,2,1,0,0,0,0,0,0,0,0,0,0
370013,1,1,7,7,7,7,7,7,7,7,7,7
370014,1,1,0,0,0,0,0,0,13,0,0,0
370014,2,1,0,0,0,0,0,0,0,0,0,0
370015,1,1,0,0,0,0,14,0,0,0,0,7
370015,2,1,0,0,0,0,0,0,0,0,0,0
370015,3,1,0,0,0,0,0,0,0,0,0,0
370016,1,1,18,18,18,18,18,18,18,18,18,18
370017,1,1,0,0,0,0,0,0,0,0,0,0
370017,2,1,0,0,0,0,0,0,0,0,0,0
370018,0,1,25,25,25,25,25,25,25,25,25,25
370018,1,1,0,14,0,0,0,0,0,0,0,0
370019,0,1,0,0,0,0,0,0,0,0,0,0
370019,1,1,0,0,0,0,0,0,0,0,0,0
370020,1,1,0,0,0,0,0,0,0,0,0,0
370020,2,1,0,0,0,0,0,0,0,0,0,0
370021,1,1,0,0,0,0,0,0,0,0,0,0
370022,1,1,9,9,9,9,9,9,9,9,9,9
370023,1,1,0,0,0,0,0,0,0,0,0,0
370024,1,1,21,21,21,21,21,21,21,21,21,21
370025,0,1,32,32,32,32,32,32,32,32,32,32
370025,1,1,0,0,0,0,0,0,0,0,0,0
370026,1,1,0,0,0,0,0,0,0,0,0,0
370026,2,1,0,0,0,0,0,0,0,0,0,0
370027,1,1,0,0,0,0,0,0,0,7,0,0
370027,2,1,0,0,0,0,0,0,0,0,0,0
370027,3,1,0,0,0,0,0,0,0,0,0,0
370028,1,1,13,13,13,13,13,13,13,13,13,13
370028,2,1,0,0,0,0,0,0,0,0,0,0
370029,1,1,0,0,0,0,0,0,0,0,0,0
370030,1,1,0,0,0,0,0,0,0,0,0,0
370031,0,1,0,0,0,0,0,0,0,0,0,0
370031,1,1,0,5,0,0,0,0,0,12,0,0
370032,1,1,0,0,0,0,0,0,0,0,0,0
370032,2,1,0,0,0,0,0,0,0,0,0,0
370033,1,1,0,0,0,0,0,0,0,0,0,0
370033,2,1,0,0,0,0,0,0,0,0,10,0
370034,1,1,0,0,0,0,0,0,0,0,0,0
370035,1,1,25,25,25,25,25,25,25,25,25,25