ST_CASE,VEH_NO,PER_NO,P1,P2,P3,P4,P5,P6,P7,P8,P9,P10
370341,1,1,0,0,0,21,12,0,0,0,0,0
370342,1,1,0,0,0,0,0,0,0,0,0,0
370343,1,1,0,0,0,0,0,0,0,0,0,0
370343,2,1,0,0,0,0,0,0,0,0,0,0
370344,1,1,0,0,0,0,0,0,0,0,5,8
370344,2,1,0,0,0,0,0,0,0,0,0,0
370344,3,1,0,0,0,0,0,0,0,0,7,0
370345,0,1,15,15,15,15,15,15,15,15,15,15
370345,1,1,0,0,0,0,0,0,0,0,0,0
370346,1,1,0,0,0,0,0,0,0,0,0,0
370346,2,1,0,0,0,0,0,0,0,0,0,0
370347,0,1,0,0,0,0,0,0,0,0,0,0
370347,1,1,0,0,0,0,0,0,0,0,0,0
370348,1,1,0,0,0,0,0,0,0,0,0,0
370348,2,1,0,0,0,0,0,0,0,0,0,0
370349,1,1,0,0,0,0,0,0,0,0,0,0
370350,1,1,0,0,0,0,0,0,0,0,0,0
370350,2,1,0,0,0,0,0,0,0,0,0,0
370351,1,1,0,0,0,0,0,0,0,0,0,0
370352,1,1,0,0,0,0,0,0,0,0,0,0
370352,2,1,0,0,0,0,0,0,0,0,0,0
370352,3,1,0,0,0,0,0,0,0,0,0,0
370353,1,1,0,0,0,0,0,0,0,0,0,0
370353,2,1,0,0,0,0,0,0,0,0,0,0
370354,1,1,0,0,0,0,0,0,0,0,0,0
370355,1,1,8,8,8,8,8,8,8,8,8,8
370355,2,1,25,0,0,0,0,0,0,0,0,0
370356,1,1,0,0,0,0,0,0,0,0,0,0
370357,1,1,0,0,0,0,0,0,0,0,0,0
370357,2,1,0,0,0,0,0,0,0,0,0,0
370358,1,1,22,22,22,22,22,22,22,22,22,22
370359,1,1,0,0,0,0,17,6,0,0,0,0
370359,2,1,9,9,9,9,9,9,9,9,9,9
370360,1,1,0,0,0,0,0,0,0,0,0,0
370361,1,1,19,19,19,19,19,19,19,19,19,19
370362,1,1,0,0,0,0,0,0,0,0,0,0
370362,2,1,0,0,0,0,0,0,0,0,0,0
370363,1,1,12,12,0,22,17,0,11,9,3,12
370364,1,1,21,21,21,21,21,21,21,21,21,21
370365,1,1,0,0,0,0,0,0,0,0,0,0
370366,1,1,0,22,6,20,14,0,0,0,0,22
370367,1,1,14,14,14,14,14,14,14,14,14,14
370368,1,1,0,0,0,0,0,0,0,13,0,0
370368,2,1,0,0,0,0,0,0,0,0,0,0
370369,1,1,15,15,15,15,15,15,15,15,15,15
370370,1,1,0,0,0,0,0,0,0,0,0,0
370371,1,1,0,0,0,0,0,0,0,0,0,0
370372,1,1,27,27,27,27,27,27,27,27,27,27
370373,1,1,15,15,15,15,15,15,15,15,15,15
370374,1,1,19,19,19,19,19,19,19,19,19,19
370375,1,1,6,16,4,12,8,19,5,15,35,7
370376,0,1,27,27,27,27,27,27,27,27,27,27
370376,1,1,0,13,15,0,0,25,0,0,13,4
370377,1,1,0,0,0,0,0,0,0,0,0,0
370377,2,1,0,0,0,0,0,0,0,0,0,0
370378,1,1,0,0,0,0,0,0,0,0,0,0
370378,2,1,0,0,0,0,0,0,0,0,0,0
370379,1,1,0,0,0,11,0,0,15,0,0,0
370379,2,1,9,9,9,9,9,9,9,9,9,9
370380,0,1,23,23,23,23,23,23,23,23,23,23
370380,1,1,0,0,0,0,0,24,13,0,0,0
370381,1,1,37,22,0,23,15,24,23,29,21,16
370382,1,1,0,0,0,0,0,0,0,0,0,9
370382,2,1,0,0,0,0,0,0,0,0,0,0
370382,3,1,0,0,0,0,0,0,0,0,0,0
370383,0,1,0,0,0,0,0,0,0,0,0,0
370383,1,1,0,0,0,0,0,0,0,0,0,0
370384,1,1,0,32,0,0,0,0,0,11,0,0
370384,2,1,30,30,30,30,30,30,30,30,30,30
370385,1,1,0,0,0,0,0,0,0,0,0,0
370385,2,1,0,0,0,0,0,6,0,0,0,0
370386,1,1,0,0,0,0,0,0,0,0,0,0
370387,1,1,0,0,0,0,0,0,0,0,0,0
370388,0,1,0,0,0,0,0,0,0,0,0,0
370388,1,1,0,0,0,0,0,0,0,0,0,0
370389,1,1,9,9,9,9,9,9,9,9,9,9
370389,2,1,0,0,0,0,0,0,0,0,0,0
370390,1,1,0,0,0,0,0,0,0,0,0,0
370391,1,1,0,0,0,0,0,0,0,0,0,0
370391,2,1,0,10,0,0,0,0,0,19,0,0
370391,3,1,0,0,0,17,0,16,10,0,0,0
370392,1,1,11,11,11,11,11,11,11,11,11,11
370393,1,1,0,0,0,0,0,0,0,0,0,0
370393,2,1,0,0,0,0,0,0,0,0,16,0
370394,1,1,0,0,0,0,0,0,0,0,0,0
370394,2,1,0,0,0,0,0,0,0,0,0,0
370395,1,1,15,15,15,15,15,15,15,15,15,15
370396,1,1,0,0,0,0,0,0,0,0,0,0
370396,2,1,0,0,0,0,0,0,0,0,0,16
370396,3,1,0,0,0,0,0,0,0,0,0,0
370397,1,1,0,0,0,0,0,0,0,0,0,0
370398,1,1,24,24,24,24,24,24,24,24,24,24
370399,1,1,0,0,0,0,0,0,0,0,0,0
370399,2,1,0,0,0,0,0,0,0,0,0,0
370400,1,1,0,0,0,0,0,0,0,0,0,0
370400,2,1,0,0,0,0,0,0,0,0,0,0
370400,3,1,0,0,0,0,0,0,0,0,0,0
370400,4,1,0,0,0,0,0,0,0,0,0,0
370401,1,1,11,11,11,11,11,11,11,11,11,11
370402,1,1,0,0,0,0,0,0,0,0,0,0
370402,2,1,0,0,0,0,0,0,0,0,0,0
370403,1,1,0,0,0,0,0,0,0,0,0,0
370403,2,1,0,0,0,0,0,0,0,0,0,0
370403,3,1,0,0,0,0,0,0,0,0,0,0
370403,4,1,0,0,0,0,0,0,0,0,0,0
370404,1,1,0,0,0,0,0,0,0,0,0,0
370404,2,1,0,0,0,0,0,0,0,0,0,0
370405,1,1,0,0,0,0,0,0,0,0,0,0
370406,1,1,12,12,12,12,12,12,12,12,12,12
370407,1,1,0,24,18,0,0,0,0,0,0,0
370407,2,1,0,0,0,0,0,0,0,0,0,0
370408,1,1,0,0,15,0,26,0,22,0,0,31
370409,0,1,8,8,8,8,8,8,8,8,8,8
370409,1,1,13,28,12,23,7,10,0,40,17,14
370410,1,1,14,14,14,14,14,14,14,14,14,14
370411,1,1,2,2,2,2,2,2,2,2,2,2
370412,1,1,5,5,5,5,5,5,5,5,5,5
370412,2,1,0,0,0,0,0,0,0,0,0,0
370412,3,1,0,0,0,0,0,0,0,0,0,0
370413,1,1,13,0,0,13,0,0,0,0,0,0
370413,2,1,9,9,9,9,9,9,9,9,9,9
370414,1,1,0,0,0,0,0,0,0,0,0,0
370415,1,1,0,0,0,0,0,0,0,0,0,0
370416,1,1,0,0,0,0,0,0,0,0,0,0
370417,1,1,0,0,0,0,0,0,0,0,0,0
370418,1,1,16,16,16,16,16,16,16,16,16,16
370419,1,1,0,0,0,0,0,0,0,0,0,0
370419,2,1,0,0,15,0,0,0,29,0,0,0
370420,1,1,19,19,19,19,19,19,19,19,19,19
370421,1,1,0,0,0,0,0,0,0,0,0,0
370421,2,1,0,0,0,0,0,0,0,0,0,0
370422,1,1,0,0,0,0,0,0,0,30,0,0
370423,1,1,13,13,13,13,13,13,13,13,13,13
370423,2,1,0,0,0,0,0,0,0,0,0,0
370424,0,1,0,0,0,0,0,0,0,0,0,0
370424,1,1,0,0,0,0,0,0,0,0,0,0
370425,1,1,4,4,4,4,4,4,4,4,4,4
370426,1,1,0,0,0,0,0,0,0,0,0,0
370427,1,1,11,11,11,11,11,11,11,11,11,11
370428,1,1,20,19,10,11,8,3,29,10,0,22
370428,2,1,0,0,0,0,0,0,0,0,0,0
370429,1,1,0,0,0,0,0,0,0,0,0,0
370429,2,1,0,0,0,0,0,0,0,0,0,0
370430,1,1,8,8,8,8,8,8,8,8,8,8
370431,1,1,0,0,0,0,0,0,0,0,0,0
370432,0,1,0,0,0,0,0,0,0,0,0,0
370432,1,1,0,0,0,0,0,0,0,0,0,0
370433,1,1,18,18,18,18,18,18,18,18,18,18
370434,1,1,0,0,0,0,0,0,0,0,0,0
370434,2,1,0,0,0,0,0,0,0,0,0,0
370435,1,1,8,8,8,8,8,8,8,8,8,8
370436,1,1,0,0,0,0,0,0,0,0,0,0
370437,1,1,0,3,0,0,0,0,0,0,0,0
370437,2,1,0,0,22,0,0,0,0,0,0,0
370438,1,1,0,0,0,0,0,0,0,0,0,0
370439,1,1,0,0,0,0,0,0,0,0,0,0
370440,1,1,0,0,0,0,0,0,0,0,0,0
370440,2,1,0,0,0,0,0,0,0,0,0,0
370440,3,1,0,0,0,0,0,0,0,0,0,0
370440,4,1,15,0,0,0,0,0,0,0,0,0
370441,0,1,0,0,0,0,0,0,0,0,0,0
370441,0,2,0,0,0,0,0,0,0,0,16,0
370441,1,1,11,0,0,0,0,0,0,0,0,0
370442,1,1,0,0,0,0,0,0,0,0,0,0
370443,1,1,0,0,0,0,0,0,0,0,0,0
370443,2,1,0,12,0,0,0,0,0,0,0,0
370444,0,1,0,0,0,0,0,0,0,0,0,0
370444,1,1,8,0,0,0,0,0,0,0,0,0
370445,1,1,0,0,0,0,8,0,0,0,0,0
370445,2,1,0,0,17,0,0,0,0,0,0,0
370446,0,1,0,0,0,0,0,0,0,0,0,0
370446,1,1,0,0,0,0,0,0,0,13,0,0
370447,1,1,0,0,0,0,0,0,0,0,0,0
370448,1,1,0,0,0,0,0,0,0,0,0,0
370448,2,1,0,0,0,0,0,0,0,0,0,0
370449,1,1,15,15,15,15,15,15,15,15,15,15
370449,2,1,0,0,0,0,0,0,0,0,0,0
370450,1,1,0,0,0,0,0,0,23,8,0,0
370451,0,1,0,0,0,0,0,0,0,0,0,0
370451,1,1,0,0,0,0,17,0,6,0,0,0
370452,1,1,0,0,0,0,0,0,0,0,0,0
370453,1,1,0,0,0,0,0,0,0,0,0,0
370453,2,1,0,0,0,0,0,0,0,0,0,0
370454,1,1,0,0,0,8,0,0,0,0,0,0
370455,1,1,0,25,0,18,20,24,0,0,0,0
370456,1,1,0,0,0,0,0,0,0,0,0,0
370457,1,1,0,0,0,0,0,0,0,0,0,0
370457,2,1,0,0,0,0,0,0,0,0,0,0
370458,0,1,17,17,17,17,17,17,17,17,17,17
370458,1,1,0,9,0,9,0,0,0,8,0,0
370459,1,1,6,19,4,6,19,33,0,15,18,13
370459,2,1,0,0,0,0,0,0,0,0,0,0
370460,1,1,0,0,0,0,0,0,0,0,0,0
370460,2,1,0,0,0,2,0,7,0,0,6,0
370461,1,1,0,0,0,0,0,0,0,0,0,0
370461,2,1,0,0,0,0,0,0,0,0,0,0
370462,1,1,0,0,0,0,0,0,0,0,0,0
370462,2,1,0,0,0,0,0,0,0,0,0,0
370463,0,1,26,26,26,26,26,26,26,26,26,26
370463,1,1,0,0,0,0,0,0,0,0,0,0
370464,0,1,0,0,0,0,0,0,0,0,0,0
370464,1,1,0,0,0,0,0,0,0,0,0,0
370465,1,1,0,0,0,0,0,0,0,0,0,0
370466,1,1,24,24,24,24,24,24,24,24,24,24
370466,2,1,0,10,6,0,0,0,19,0,0,10
370467,1,1,28,28,28,28,28,28,28,28,28,28
370468,1,1,0,0,0,0,0,0,0,0,0,0
370469,1,1,0,0,0,0,0,0,0,0,0,0
370470,1,1,0,0,0,0,0,0,0,0,0,0
370470,2,1,0,0,0,0,0,0,0,0,0,0
370470,3,1,0,0,11,0,0,0,0,0,5,0
370471,1,1,0,0,0,0,0,0,0,0,0,11
370472,1,1,19,26,18,14,16,15,12,0,9,24
370473,1,1,0,13,0,16,19,0,0,13,0,7
370473,2,1,0,0,0,0,34,0,0,0,0,0
370474,1,1,0,0,0,0,0,0,0,0,0,0
370475,1,1,0,0,0,0,0,0,0,0,0,0
370475,2,1,0,0,0,0,0,0,0,0,0,0
370476,1,1,17,17,17,17,17,17,17,17,17,17
370477,1,1,0,0,0,0,0,0,0,0,0,0
370478,1,1,0,0,0,0,0,0,0,0,0,0
370478,2,1,0,0,0,0,0,0,0,0,0,0
370479,1,1,0,0,0,0,0,0,0,0,0,0
370479,2,1,0,0,0,0,0,0,0,0,0,0
370480,1,1,0,0,0,0,0,0,0,0,0,0
370480,2,1,0,0,0,0,0,0,0,0,0,0
370481,1,1,0,0,0,0,0,0,0,0,0,0
370481,2,1,0,0,0,0,0,0,8,0,0,0
370481,3,1,0,0,0,0,0,0,0,0,0,0
370481,4,1,0,0,0,0,0,0,0,0,0,0
370482,1,1,0,0,0,0,0,0,0,0,0,0
370482,2,1,0,0,0,5,0,0,0,0,0,0
370483,1,1,0,0,0,0,0,0,0,0,0,0
370484,0,1,2,2,2,2,2,2,2,2,2,2
370484,1,1,0,0,7,0,0,0,0,0,13,0
370485,1,1,0,0,0,0,0,0,0,0,0,0
370486,1,1,0,0,0,0,0,0,0,0,0,0
370486,2,1,0,0,0,0,0,0,0,0,0,0
370487,1,1,9,16,0,21,11,17,9,12,15,15
370488,1,1,0,0,0,0,0,0,0,0,0,0
370489,1,1,0,0,0,0,0,0,0,0,0,7
370489,2,1,0,0,0,0,0,0,0,0,0,0
370490,1,1,16,16,16,16,16,16,16,16,16,16
370490,2,1,9,9,9,9,9,9,9,9,9,9
370491,1,1,0,0,0,0,0,0,0,0,0,0
370491,2,1,0,0,0,0,0,0,0,0,0,0
370492,1,1,0,0,14,0,0,0,0,0,0,0
370492,2,1,6,6,6,6,6,6,6,6,6,6
370493,1,1,0,0,0,0,0,0,0,0,0,0
370494,1,1,0,0,0,0,0,0,0,0,0,0
370494,2,1,0,0,20,0,0,0,0,0,0,0
370494,3,1,0,0,0,0,0,0,0,0,0,16
370495,1,1,0,0,0,0,0,0,0,0,0,0
370496,1,1,3,3,3,3,3,3,3,3,3,3
370496,2,1,0,0,0,0,0,0,0,0,22,0
370497,1,1,0,0,0,0,0,0,0,0,0,0
370497,2,1,0,0,0,0,0,0,0,0,0,0
370498,1,1,7,0,0,0,6,0,0,0,0,0
370498,2,1,0,0,0,0,0,0,0,0,0,0
370499,1,1,0,0,0,0,0,0,0,0,0,0
370500,1,1,0,0,0,0,0,0,0,0,0,0
370501,1,1,0,0,0,0,0,6,0,0,7,0
370501,2,1,0,0,0,0,0,0,0,0,0,0
370502,1,1,0,0,0,0,0,0,0,0,0,0
370502,2,1,0,0,0,0,0,0,0,0,0,0
370503,1,1,0,0,0,0,0,0,0,0,0,0
370503,2,1,0,0,0,0,0,0,13,0,0,0
370504,1,1,0,0,0,0,0,0,0,0,0,0
370504,2,1,0,0,0,0,0,0,0,0,0,0
370505,1,1,5,16,11,0,5,26,11,0,0,0
370505,2,1,0,0,0,0,0,0,0,0,0,0
370506,1,1,0,0,0,0,0,0,0,0,0,0
370506,2,1,13,13,13,13,13,13,13,13,13,13
370507,1,1,29,29,29,29,29,29,29,29,29,29
370508,1,1,1,1,1,1,1,1,1,1,1,1
370509,1,1,17,13,19,15,20,28,16,7,13,16
370510,1,1,0,0,0,0,0,0,0,0,0,0
370510,2,1,0,0,0,0,0,0,0,0,0,0
370511,1,1,21,10,10,22,2,18,1,20,13,11
370512,0,1,0,0,0,0,0,0,0,0,0,0
370512,1,1,0,0,0,0,0,0,0,0,0,0
370512,2,1,0,0,0,0,0,0,0,0,0,0
370513,2,1,0,0,0,0,0,0,0,0,0,0
370514,1,1,2,13,12,26,13,8,14,8,24,0
370515,1,1,24,24,24,24,24,24,24,24,24,24
370515,2,1,0,0,0,0,0,0,0,0,0,0
370516,1,1,0,0,0,0,0,0,0,0,0,0
370516,2,1,0,0,0,0,0,0,0,0,0,0
370517,1,1,0,0,0,0,0,0,0,0,0,0
370517,2,1,0,0,0,0,0,0,0,0,0,0
370518,1,1,0,0,0,0,0,0,0,0,0,0
370518,2,1,0,0,0,0,0,0,0,0,0,0
370519,1,1,0,0,0,0,0,0,0,0,0,0
370519,2,1,0,0,0,0,0,0,0,0,0,0
370520,1,1,32,32,32,32,32,32,32,32,32,32
370521,1,1,0,0,0,0,0,0,0,0,0,0
370521,2,1,0,0,0,0,0,0,0,0,0,37
370521,3,1,0,0,0,0,0,0,0,0,0,0
370522,1,1,18,11,0,0,0,0,0,0,0,0
370522,2,1,0,0,0,0,0,0,0,0,0,0
370523,1,1,11,13,12,24,8,26,15,22,10,20
370524,1,1,21,21,21,21,21,21,21,21,21,21
370524,2,1,0,0,0,0,0,7,0,0,0,0
370525,1,1,0,0,0,0,0,0,0,0,0,0
370525,2,1,0,0,0,0,0,0,0,0,0,0
370525,3,1,0,0,0,0,0,0,0,0,0,0
370526,1,1,7,0,0,0,0,0,0,14,8,0
370526,2,1,0,0,0,0,0,0,0,0,0,0
370527,1,1,0,0,0,0,0,0,7,0,0,0
370527,2,1,16,0,0,0,0,0,0,0,0,0
370528,1,1,13,13,13,13,13,13,13,13,13,13
370529,1,1,8,8,8,8,8,8,8,8,8,8
370529,2,1,26,0,0,0,0,6,0,0,0,10
370530,1,1,20,20,20,20,20,20,20,20,20,20
370531,1,1,18,18,18,18,18,18,18,18,18,18
370532,0,1,0,0,0,0,0,0,0,0,0,0
370532,1,1,0,0,0,0,0,0,0,0,0,0
370533,1,1,0,0,0,0,0,0,0,0,6,0
370533,2,1,0,0,0,0,0,0,0,0,0,0
370534,1,1,0,15,0,0,0,0,0,0,0,0
370535,1,1,25,25,25,25,25,25,25,25,25,25
370536,1,1,0,0,0,0,30,0,0,0,0,0
370537,1,1,0,0,0,0,0,0,0,0,0,0
370537,2,1,0,0,0,0,0,0,0,0,0,0
370538,1,1,0,0,0,0,0,0,0,0,0,0
370539,1,1,0,0,0,0,0,0,0,0,0,0
370539,2,1,0,0,0,0,0,0,0,13,0,0
370539,3,1,0,0,0,0,0,0,0,0,0,0
370539,4,1,0,0,0,0,0,0,0,0,0,0
370540,0,1,32,32,32,32,32,32,32,32,32,32
370540,1,1,0,30,0,0,0,0,0,0,0,0
370541,1,1,10,0,0,0,0,0,0,0,0,0
370542,1,1,0,0,0,0,0,0,0,14,0,0
370543,1,1,0,0,0,0,0,0,0,0,0,0
370544,1,1,23,23,23,23,23,23,23,23,23,23
370545,1,1,0,0,0,0,0,0,0,0,0,0
370545,2,1,0,0,0,0,0,0,0,0,0,0
370546,1,1,7,7,7,7,7,7,7,7,7,7
370546,2,1,8,8,8,8,8,8,8,8,8,8
370547,1,1,14,14,14,14,14,14,14,14,14,14
370548,1,1,21,21,21,21,21,21,21,21,21,21
370549,1,1,20,20,20,20,20,20,20,20,20,20
370550,0,1,0,0,0,0,0,0,0,0,0,0
370550,1,1,0,0,0,0,0,0,0,0,0,0
370551,1,1,0,0,0,0,0,0,0,0,0,0
370551,2,1,0,0,0,0,0,0,0,0,0,0
370552,1,1,19,18,25,17,18,12,26,10,24,24
370552,2,1,0,0,0,0,0,0,0,0,0,0
370552,3,1,0,0,0,0,0,0,0,0,0,0
370553,1,1,16,0,15,6,13,25,12,5,7,7
370553,2,1,0,0,0,0,0,0,0,0,0,0
370554,1,1,12,12,12,12,12,12,12,12,12,12
370555,0,1,0,21,11,20,10,0,0,20,0,33
370555,1,1,0,0,0,11,0,17,0,0,14,10
370556,1,1,19,15,2,9,11,22,13,11,9,15
370557,1,1,0,0,0,0,0,0,21,0,0,0
370557,2,1,0,0,0,0,0,0,0,0,0,0
370558,1,1,22,6,10,12,9,16,21,18,10,13
370558,2,1,0,0,0,0,0,0,0,0,0,0
370558,3,1,7,0,10,0,0,0,0,0,0,0
370559,1,1,0,0,0,0,0,0,0,0,0,0
370560,1,1,0,0,0,0,0,0,0,0,0,0
370560,2,1,0,0,0,0,0,0,0,0,0,0
370561,1,1,0,0,0,14,0,0,36,0,17,0
370561,2,1,0,0,0,0,0,0,0,0,0,0
370562,1,1,7,10,13,5,11,12,7,14,13,25
370562,2,1,0,0,0,0,0,0,0,0,0,0
370563,1,1,0,0,12,0,0,0,0,0,0,0
370563,2,1,0,0,0,0,0,0,0,0,0,0
370564,0,1,0,0,0,0,0,0,0,0,0,0
370564,1,1,0,0,0,0,0,17,0,10,0,0
370565,1,1,0,0,0,0,0,0,0,0,0,0
370565,2,1,0,0,0,0,0,0,0,0,0,0
370566,1,1,13,11,7,11,12,9,6,22,13,10
370567,0,1,25,25,25,25,25,25,25,25,25,25
370567,1,1,24,8,17,0,12,20,32,11,28,0
370568,1,1,22,22,22,22,22,22,22,22,22,22
370569,1,1,0,0,0,0,0,0,0,0,0,0
370570,1,1,0,0,0,0,0,0,0,0,0,0
370570,2,1,0,0,0,0,0,0,0,0,0,0
370571,0,1,0,0,0,0,0,0,0,0,0,0
370571,0,2,5,5,5,5,5,5,5,5,5,5
370571,1,1,17,16,7,13,11,16,0,18,14,8
370572,1,1,0,0,0,0,0,0,0,0,0,0
370572,2,1,0,0,0,0,0,0,0,0,0,0
370573,1,1,17,5,0,8,13,11,5,16,12,11
370574,0,1,31,31,31,31,31,31,31,31,31,31
370574,1,1,0,0,0,0,12,0,0,0,25,23
370575,1,1,0,0,0,0,0,0,0,0,0,20
370576,1,1,0,0,0,0,0,0,0,8,0,8
370576,2,1,0,0,10,0,0,0,0,0,0,0
370576,3,1,0,0,0,10,0,0,0,0,8,0
370577,1,1,24,24,24,24,24,24,24,24,24,24
370577,2,1,0,13,0,0,0,0,23,0,18,0
370578,1,1,0,0,0,0,0,0,0,0,0,0
370579,1,1,0,0,27,0,0,0,0,0,10,9
370580,1,1,0,0,0,0,0,0,0,0,0,0
370580,2,1,0,0,0,0,0,0,0,0,0,0
370582,0,1,0,0,0,0,0,0,0,0,0,0
370582,1,1,15,8,0,22,9,15,7,21,20,21
370583,1,1,0,0,0,0,0,0,0,0,0,0
370583,2,1,0,0,9,18,0,0,0,0,0,0
370583,3,1,0,0,0,0,0,4,0,0,0,0
370584,1,1,0,0,0,0,0,0,0,0,0,0
370585,1,1,14,14,14,14,14,14,14,14,14,14
370586,1,1,0,0,0,0,0,0,0,0,0,0
370587,0,1,5,5,5,5,5,5,5,5,5,5
370587,1,1,0,21,20,29,23,0,0,0,0,0
370588,1,1,0,0,0,0,0,0,0,0,0,0
370588,2,1,0,0,0,0,0,0,0,0,0,0
370589,1,1,0,0,0,0,0,0,0,0,0,0
370589,2,1,0,0,0,0,0,0,0,0,0,0
370590,1,1,0,0,0,0,0,0,0,0,0,0
370590,2,1,0,0,0,0,0,0,0,0,0,0
370591,1,1,22,0,0,0,0,0,0,0,0,0
370592,1,1,11,0,0,0,0,18,0,0,0,12
370592,2,1,0,0,0,0,0,0,0,0,0,0
370593,1,1,19,19,19,19,19,19,19,19,19,19
370593,2,1,0,0,0,0,0,0,0,0,0,0
370594,1,1,0,0,0,0,0,0,0,0,0,0
370595,1,1,0,12,0,23,0,0,0,0,22,0
370596,1,1,25,25,25,25,25,25,25,25,25,25
370597,1,1,26,26,26,26,26,26,26,26,26,26
370598,1,1,16,16,16,16,16,16,16,16,16,16
370598,2,1,0,0,0,0,0,0,0,0,0,0
370599,1,1,0,0,0,0,0,0,0,0,0,0
370599,2,1,0,0,0,0,0,0,0,0,0,8
370600,1,1,0,0,0,0,0,0,0,0,0,0
370600,2,1,0,0,0,0,0,0,0,0,0,0
370601,1,1,12,12,12,12,12,12,12,12,12,12
370602,1,1,0,0,0,0,26,0,24,0,3,21
370603,1,1,0,0,0,0,0,0,0,0,0,0
370603,2,1,0,0,0,0,0,0,0,0,0,0
370604,0,1,0,0,0,0,0,0,11,0,0,0
370604,1,1,0,0,0,0,0,0,0,0,0,0
370605,0,1,24,19,33,0,0,0,0,0,0,0
370605,1,1,13,4,11,14,17,23,14,4,22,12
370606,1,1,10,0,30,25,17,10,5,15,23,3
370606,2,1,0,0,13,0,0,0,0,0,0,0
370607,0,1,0,0,0,13,0,0,0,14,38,0
370607,1,1,0,0,0,0,0,0,0,0,0,0
370608,1,1,0,0,0,0,0,0,11,0,0,26
370608,2,1,0,0,0,0,0,0,0,0,0,0
370609,1,1,14,14,14,14,14,14,14,14,14,14
370610,1,1,2,2,2,2,2,2,2,2,2,2
370611,1,1,18,18,18,18,18,18,18,18,18,18
370612,1,1,0,0,0,0,0,0,0,0,0,0
370613,0,1,0,24,0,0,0,0,0,0,0,0
370613,1,1,0,0,0,0,0,0,0,0,0,0
370614,1,1,11,11,11,11,11,11,11,11,11,11
370615,1,1,0,0,0,0,0,0,0,0,0,0
370615,2,1,0,0,0,0,0,0,0,36,0,10
370616,1,1,18,18,18,18,18,18,18,18,18,18
370617,0,1,24,24,24,24,24,24,24,24,24,24
370617,1,1,0,3,4,0,0,12,22,0,6,0
370618,1,1,23,0,37,7,14,15,5,20,10,14
370619,1,1,0,25,26,17,38,0,8,18,7,8
370620,1,1,0,0,0,0,0,0,0,0,0,0
370620,2,1,0,0,0,0,0,0,0,0,0,0
370622,1,1,0,0,0,0,0,0,0,8,0,0
370622,2,1,0,0,0,0,0,0,0,0,0,0
370623,1,1,0,0,0,0,0,0,0,0,0,0
370623,2,1,0,0,0,0,0,0,0,0,0,0
370624,1,1,0,0,0,0,0,0,0,0,0,0
370625,1,1,0,29,0,0,8,0,21,0,0,0
370625,2,1,0,0,0,0,0,0,0,0,0,0
370626,1,1,0,0,0,0,0,0,0,0,0,0
370627,0,1,0,0,0,0,0,0,0,0,0,0
370627,0,2,0,0,0,0,0,0,0,0,0,0
370627,0,3,4,4,4,4,4,4,4,4,4,4
370627,0,4,0,0,0,0,0,0,0,0,0,0
370627,0,5,0,0,0,0,0,25,9,0,0,33
370627,0,6,22,0,0,27,23,0,0,0,0,0
370627,0,7,9,25,14,15,0,28,0,16,0,0
370627,1,1,0,0,0,0,0,0,0,0,0,0
370628,1,1,0,0,0,0,0,0,0,0,0,0
370629,0,1,13,13,13,13,13,13,13,13,13,13
370629,1,1,0,0,0,0,0,0,0,0,0,0
370630,1,1,0,0,0,0,0,0,0,0,0,0
370630,2,1,0,0,0,0,0,0,0,0,0,0
370631,0,1,18,18,18,18,18,18,18,18,18,18
370631,1,1,19,0,0,0,0,0,0,10,0,0
370632,1,1,0,0,0,0,0,0,0,0,0,0
370632,2,1,11,11,11,11,11,11,11,11,11,11
370633,1,1,0,0,0,0,0,0,0,0,0,0
370633,2,1,0,0,0,0,0,0,0,0,0,0
370634,0,1,10,10,10,10,10,10,10,10,10,10
370634,1,1,0,0,0,0,0,0,0,0,0,0
370635,1,1,0,0,0,0,0,0,0,0,0,0
370636,0,1,4,3,0,0,19,0,17,0,8,21
370636,1,1,0,0,0,0,0,0,0,0,9,0
370637,0,1,0,0,0,0,0,0,0,0,23,0
370637,1,1,0,0,0,0,0,0,0,0,0,0
370637,2,1,0,0,0,0,0,0,0,0,16,0
370638,1,1,0,0,9,0,11,0,0,0,0,0
370638,2,1,20,20,20,20,20,20,20,20,20,20
370639,1,1,17,17,17,17,17,17,17,17,17,17
370639,2,1,0,0,16,0,0,0,0,0,0,0
370640,1,1,18,18,18,18,18,18,18,18,18,18
370640,2,1,0,0,0,0,0,0,0,0,0,0
370641,1,1,11,11,11,11,11,11,11,11,11,11
370642,1,1,19,30,10,11,20,6,10,11,27,16
370642,2,1,0,0,0,0,28,18,0,0,0,17
370643,1,1,0,0,0,0,0,0,0,0,0,0
370643,2,1,0,0,0,0,0,0,0,0,0,0
370644,0,1,6,6,6,6,6,6,6,6,6,6
370644,1,1,6,0,0,0,0,0,0,0,0,11
370645,1,1,0,0,0,0,0,0,0,0,0,0
370646,1,1,18,18,18,18,18,18,18,18,18,18