ST_CASE,VEH_NO,PER_NO,P1,P2,P3,P4,P5,P6,P7,P8,P9,P10
390771,1,1,0,0,0,0,0,0,0,0,0,0
390771,2,1,0,0,0,0,0,0,0,0,0,0
390772,0,1,0,0,0,0,0,0,0,0,0,0
390772,1,1,0,0,0,0,0,0,0,0,0,0
390773,0,1,0,0,0,0,0,0,0,0,0,0
390773,1,1,10,0,0,0,0,0,0,0,0,12
390774,1,1,12,0,0,0,0,0,0,6,0,0
390774,2,1,0,0,0,0,0,0,0,0,0,0
390775,1,1,0,0,0,0,0,0,0,0,0,0
390775,2,1,0,0,0,0,0,0,0,0,0,0
390776,1,1,0,0,0,0,0,0,0,0,0,0
390777,1,1,16,16,16,16,16,16,16,16,16,16
390778,1,1,0,0,0,0,0,0,0,0,0,0
390778,2,1,0,0,0,0,0,5,0,9,18,0
390779,1,1,16,16,16,16,16,16,16,16,16,16
390780,1,1,23,23,23,23,23,23,23,23,23,23
390781,1,1,26,26,26,26,26,26,26,26,26,26
390782,1,1,17,17,17,17,17,17,17,17,17,17
390783,1,1,23,23,23,23,23,23,23,23,23,23
390784,1,1,0,0,0,0,0,0,0,0,0,0
390785,1,1,0,0,0,0,0,0,0,0,0,0
390785,2,1,0,0,0,0,0,0,0,0,0,0
390785,3,1,0,0,0,0,0,0,0,0,0,0
390786,1,1,0,0,0,0,0,0,0,0,0,0
390787,1,1,0,0,0,0,0,0,20,0,0,0
390787,2,1,0,0,0,0,0,0,0,0,0,0
390788,1,1,16,16,16,16,16,16,16,16,16,16
390789,1,1,0,0,0,0,0,0,0,0,0,0
390790,1,1,19,19,19,19,19,19,19,19,19,19
390790,2,1,0,0,0,0,0,0,0,0,0,0
390791,0,1,18,18,18,18,18,18,18,18,18,18
390791,1,1,0,0,0,0,0,0,0,0,0,0
390792,1,1,17,17,17,17,17,17,17,17,17,17
390793,1,1,0,0,0,0,0,0,0,0,0,0
390794,1,1,0,0,0,0,0,0,0,0,0,0
390794,2,1,0,0,0,0,0,0,0,0,0,0
390795,1,1,20,20,20,20,20,20,20,20,20,20
390795,2,1,0,0,0,0,0,0,0,0,0,0
390796,1,1,0,0,0,0,0,0,0,0,0,0
390796,2,1,0,0,0,0,0,0,0,0,0,0
390797,1,1,0,0,0,0,0,0,0,0,0,0
390797,2,1,0,0,0,0,0,0,0,0,0,0
390798,1,1,23,23,23,23,23,23,23,23,23,23
390798,2,1,0,0,0,0,0,0,0,0,0,0
390799,1,1,0,0,0,0,0,7,38,16,0,0
390800,1,1,0,0,0,0,0,0,0,0,0,0
390801,1,1,7,7,7,7,7,7,7,7,7,7
390802,1,1,19,19,19,19,19,19,19,19,19,19
390803,1,1,0,0,0,0,0,0,0,0,0,0
390803,2,1,0,0,0,0,0,0,0,0,0,0
390804,1,1,0,0,0,0,0,0,0,0,0,0
390804,2,1,0,0,0,0,0,0,0,0,0,0
390805,1,1,0,0,0,0,0,19,5,0,0,0
390806,0,1,14,14,14,14,14,14,14,14,14,14
390806,1,1,0,0,0,0,0,0,0,0,0,0
390807,0,1,17,17,17,17,17,17,17,17,17,17
390807,0,2,5,21,0,0,0,0,26,0,17,0
390807,1,1,0,0,0,0,6,0,0,0,0,0
390809,0,1,0,0,0,0,0,0,0,0,0,0
390809,1,1,0,0,11,0,28,11,0,11,0,0
390810,0,1,0,0,0,0,0,0,0,0,0,0
390810,1,1,0,0,0,0,0,0,20,0,0,0
390810,2,1,0,0,0,0,0,0,0,0,0,0
390811,1,1,0,0,0,0,0,0,0,0,0,0
390812,1,1,0,0,0,0,0,0,0,0,0,0
390812,2,1,0,0,0,0,0,0,0,0,0,0
390813,1,1,0,0,0,0,0,0,0,0,0,0
390814,1,1,25,25,25,25,25,25,25,25,25,25
390815,0,1,23,23,23,23,23,23,23,23,23,23
390815,1,1,0,0,0,0,0,0,0,0,0,0
390816,1,1,0,0,0,0,0,0,0,0,0,0
390816,2,1,29,0,0,0,0,0,0,0,0,0
390817,1,1,15,15,15,15,15,15,15,15,15,15
390817,2,1,0,0,0,0,0,0,0,0,0,0
390818,1,1,0,0,0,0,0,0,0,0,0,0
390820,1,1,23,20,10,5,15,14,10,17,24,9
390821,1,1,15,15,15,15,15,15,15,15,15,15
390822,1,1,0,0,0,0,0,0,17,0,0,0
390822,2,1,0,0,0,0,0,0,0,0,0,0
390823,1,1,23,0,0,0,0,0,0,23,0,0
390824,1,1,0,0,0,0,0,0,0,0,0,0
390824,2,1,0,0,0,0,0,0,0,0,0,0
390825,1,1,12,12,12,12,12,12,12,12,12,12
390826,1,1,0,0,0,0,0,0,0,0,0,0
390826,2,1,0,0,0,0,0,0,0,0,0,0
390827,0,1,0,0,0,0,0,0,0,0,0,0
390827,1,1,0,0,0,0,0,0,0,0,0,0
390828,1,1,0,0,0,0,0,0,0,0,0,0
390828,2,1,0,0,0,0,0,0,0,0,0,0
390829,0,1,0,0,0,0,0,0,0,0,0,0
390829,1,1,0,0,0,0,0,0,0,0,0,0
390830,1,1,0,0,0,0,0,0,0,0,0,0
390830,2,1,33,0,0,0,0,0,0,0,0,0
390831,1,1,21,0,0,0,0,0,25,0,0,0
390832,1,1,0,0,0,0,0,0,0,0,0,0
390833,1,1,0,0,0,0,0,0,0,0,0,0
390833,2,1,0,0,0,0,0,0,0,0,0,0
390834,1,1,0,0,0,0,0,0,16,0,0,0
390835,0,1,0,0,0,0,0,0,0,0,0,0
390835,1,1,21,21,21,21,21,21,21,21,21,21
390836,1,1,0,0,0,0,0,0,0,0,0,0
390836,2,1,0,0,0,0,0,0,0,0,0,0
390837,1,1,30,30,30,30,30,30,30,30,30,30
390838,1,1,0,0,0,26,8,0,0,0,0,0
390839,1,1,11,11,11,11,11,11,11,11,11,11
390839,2,1,0,0,0,0,0,0,0,0,0,0
390840,1,1,6,0,0,5,0,19,47,0,3,8
390840,2,1,0,0,0,0,0,13,0,0,0,0
390841,1,1,0,1,0,0,4,0,0,0,0,0
390841,2,1,0,0,0,0,0,0,0,0,0,0
390842,1,1,0,0,0,0,0,0,0,0,0,0
390842,2,1,0,0,0,0,0,0,0,0,0,0
390843,1,1,12,19,0,16,25,13,16,7,9,17
390844,1,1,0,0,0,0,0,0,0,0,0,0
390844,2,1,0,0,0,0,0,0,0,0,0,0
390845,1,1,0,0,0,0,0,0,0,0,0,0
390846,1,1,24,24,24,24,24,24,24,24,24,24
390847,0,1,0,0,0,0,41,0,0,0,0,0
390847,1,1,0,0,0,0,0,0,0,0,0,0
390848,1,1,0,0,0,0,0,0,0,0,0,0
390848,2,1,0,0,0,0,0,0,0,0,0,0
390849,1,1,0,0,0,0,0,0,0,0,0,0
390850,1,1,0,0,0,0,0,0,0,0,0,0
390850,2,1,0,0,0,0,0,0,0,0,0,0
390850,3,1,0,0,0,0,0,0,0,0,0,0
390851,1,1,21,21,21,21,21,21,21,21,21,21
390852,1,1,0,0,0,0,0,0,0,0,0,0
390852,2,1,0,0,0,0,0,0,0,0,0,0
390853,1,1,0,0,0,0,0,0,0,0,0,0
390853,2,1,0,0,0,0,0,0,0,0,0,0
390853,3,1,0,0,0,0,0,0,0,0,0,0
390854,1,1,27,27,27,27,27,27,27,27,27,27
390855,1,1,0,0,15,0,0,0,0,15,0,0
390856,1,1,0,0,0,0,0,0,0,0,0,0
390857,1,1,25,25,25,25,25,25,25,25,25,25
390858,1,1,0,0,0,0,0,0,0,0,0,0
390859,1,1,18,18,18,18,18,18,18,18,18,18
390860,1,1,0,0,0,0,0,0,0,0,0,0
390860,2,1,0,0,0,0,0,0,0,0,0,0
390861,1,1,0,0,0,0,0,0,0,0,0,0
390862,1,1,7,7,7,7,7,7,7,7,7,7
390863,1,1,0,0,0,0,0,0,0,0,0,0
390864,1,1,0,0,0,0,0,0,0,0,0,0
390865,0,1,0,0,0,0,0,0,0,0,0,0
390865,1,1,0,0,0,0,0,0,0,0,0,0
390866,1,1,0,0,0,0,0,0,0,0,0,0
390866,2,1,0,0,0,0,0,0,0,0,0,0
390866,3,1,0,0,0,0,0,0,0,0,0,0
390867,1,1,24,24,24,24,24,24,24,24,24,24
390868,0,1,0,16,0,0,0,0,0,0,0,0
390868,1,1,19,19,19,19,19,19,19,19,19,19
390869,1,1,0,0,0,0,0,0,0,0,0,0
390870,1,1,0,0,0,0,0,0,0,0,0,0
390870,2,1,0,0,0,0,0,0,0,0,17,0
390871,1,1,0,0,0,0,0,0,0,0,0,0
390871,2,1,0,0,0,0,0,0,0,0,0,0
390871,3,1,0,0,0,0,0,0,0,0,0,0
390872,1,1,0,0,0,0,0,0,0,0,0,0
390872,2,1,0,0,0,0,0,0,0,0,0,0
390873,1,1,18,18,18,18,18,18,18,18,18,18
390874,1,1,0,0,0,0,22,28,19,0,0,0
390875,1,1,0,0,0,0,0,0,0,0,0,0
390876,0,1,14,14,14,14,14,14,14,14,14,14
390876,1,1,0,0,0,0,0,0,0,0,0,0
390877,1,1,17,7,23,25,15,32,2,15,21,18
390878,1,1,10,10,10,10,10,10,10,10,10,10
390879,1,1,0,0,0,0,0,0,0,0,0,0
390880,1,1,0,0,0,0,0,0,0,0,0,0
390880,2,1,4,4,4,4,4,4,4,4,4,4
390881,1,1,0,0,0,0,0,0,0,0,0,0
390881,2,1,0,0,0,0,0,0,0,0,0,0
390882,1,1,0,0,0,0,0,0,0,0,0,0
390883,1,1,0,0,0,0,0,0,0,0,0,0
390883,2,1,0,0,0,0,0,0,0,0,0,0
390884,1,1,0,0,0,0,0,0,0,0,0,0
390885,0,1,26,26,26,26,26,26,26,26,26,26
390885,1,1,0,0,0,0,0,0,0,0,0,0
390886,1,1,0,0,0,0,0,0,0,0,0,0
390887,2,1,14,14,14,14,14,14,14,14,14,14
390888,1,1,0,0,0,0,0,0,0,0,0,0
390889,1,1,0,0,0,0,0,0,0,0,0,0
390889,2,1,2,2,2,2,2,2,2,2,2,2
390890,1,1,0,0,8,0,23,0,0,0,0,0
390890,2,1,0,0,0,0,0,0,0,0,0,0
390891,1,1,0,0,0,0,0,0,0,0,0,0
390891,2,1,0,0,0,0,0,0,0,0,0,0
390893,1,1,16,16,16,16,16,16,16,16,16,16
390894,1,1,0,0,0,0,0,0,0,0,0,0
390894,2,1,0,0,0,0,0,0,0,0,0,0
390895,1,1,0,0,0,0,0,0,0,0,0,0
390895,2,1,0,0,0,0,0,0,0,0,0,0
390896,1,1,0,0,0,0,0,0,0,0,0,0
390896,2,1,6,6,6,6,6,6,6,6,6,6
390897,1,1,0,0,0,0,0,0,0,0,0,0
390898,1,1,15,15,15,15,15,15,15,15,15,15
390899,1,1,0,0,0,0,0,0,0,0,0,0
390899,2,1,0,0,0,0,0,0,0,0,0,0
390901,1,1,0,0,0,0,0,0,0,0,0,0
390902,1,1,0,0,0,0,0,0,0,0,0,0
390902,2,1,0,0,0,0,0,0,0,0,0,0
390903,0,1,0,0,15,0,0,0,0,33,0,22
390903,1,1,0,0,0,0,0,0,0,0,0,0
390904,1,1,0,0,0,0,0,0,12,0,0,10
390904,2,1,0,0,0,0,10,0,0,0,0,0
390905,1,1,0,0,0,0,0,0,0,0,0,0
390906,1,1,0,0,0,0,0,0,0,0,0,0
390906,2,1,0,0,0,0,0,0,0,0,0,0
390907,1,1,0,0,0,0,0,0,0,0,0,0
390907,2,1,0,0,0,0,0,0,0,0,0,0
390909,1,1,0,0,0,0,0,0,0,0,0,0
390909,2,1,0,0,0,0,0,0,0,0,0,0
390910,1,1,15,0,0,0,0,0,0,0,0,0
390910,2,1,0,0,0,0,0,0,0,0,0,0
390910,3,1,0,0,0,0,0,0,0,0,0,0
390910,4,1,0,0,0,0,0,0,0,0,0,0
390911,1,1,0,0,13,0,0,0,0,0,0,0
390911,2,1,0,0,0,0,0,0,0,0,12,0
390912,1,1,0,0,0,0,0,0,0,0,0,0
390913,0,1,0,0,0,0,0,0,15,0,0,0
390913,1,1,0,0,0,0,0,0,0,0,0,0
390914,1,1,0,0,0,0,0,0,0,0,0,0
390914,2,1,6,6,6,6,6,6,6,6,6,6
390915,1,1,0,0,0,0,13,0,0,0,0,0
390916,1,1,0,0,0,0,0,0,0,0,0,0
390916,2,1,0,0,0,0,0,0,0,0,0,0
390917,1,1,27,27,27,27,27,27,27,27,27,27
390918,1,1,8,8,8,8,8,8,8,8,8,8
390919,1,1,16,11,13,9,28,10,10,14,13,7
390920,1,1,0,0,0,0,0,0,0,0,0,0
390920,2,1,0,0,0,0,0,0,0,0,0,0
390921,1,1,0,0,0,0,0,0,0,0,0,0
390921,2,1,0,0,0,0,0,0,0,0,0,0
390922,1,1,31,31,31,31,31,31,31,31,31,31
390923,1,1,8,23,13,25,18,12,18,12,0,13
390924,1,1,0,0,0,0,0,0,0,0,0,0
390925,0,1,29,29,29,29,29,29,29,29,29,29
390925,1,1,0,0,27,0,0,0,0,0,0,24
390926,0,1,0,0,0,0,0,0,0,0,0,0
390926,1,1,0,0,0,0,0,0,0,0,0,0
390927,1,1,0,0,0,0,0,0,0,0,0,0
390927,2,1,0,0,0,0,0,0,0,0,0,0
390928,1,1,0,0,0,0,0,0,0,0,0,0
390928,2,1,0,0,0,0,0,0,0,0,0,0
390929,1,1,20,20,20,20,20,20,20,20,20,20
390930,1,1,0,0,0,0,0,0,0,0,0,0
390931,0,1,0,0,0,0,0,0,0,0,0,0
390931,0,2,0,0,12,0,0,0,0,0,14,0
390931,1,1,0,0,0,0,0,0,0,0,0,0
390932,1,1,5,5,5,5,5,5,5,5,5,5
390932,2,1,0,0,0,0,0,0,0,0,0,0
390933,1,1,29,21,9,19,8,15,25,27,22,8
390934,0,1,0,0,0,0,0,0,0,0,0,0
390934,1,1,0,0,0,0,0,0,0,0,0,0
390935,1,1,12,12,12,12,12,12,12,12,12,12
390936,0,1,0,0,0,0,0,0,34,0,0,0
390936,1,1,0,0,0,0,0,0,0,0,0,0
390937,1,1,0,0,0,0,0,0,0,0,0,0
390937,2,1,0,0,0,0,0,0,0,0,0,0
390937,3,1,0,0,0,0,0,0,0,0,0,0
390937,4,1,0,0,0,0,0,0,0,0,0,0
390939,1,1,0,0,0,0,0,0,0,0,0,0
390939,2,1,0,0,0,0,0,0,0,0,0,0
390940,1,1,0,0,0,0,0,0,0,0,0,0
390941,0,1,0,0,0,0,17,0,0,0,0,0
390941,1,1,0,0,0,0,0,0,0,0,0,0
390942,0,1,0,0,0,0,0,0,0,0,0,0
390942,0,2,0,0,0,0,0,0,0,0,0,0
390942,1,1,0,0,0,0,0,0,0,0,0,0
390943,1,1,11,11,11,11,11,11,11,11,11,11
390944,1,1,0,0,0,0,0,0,0,0,0,0
390944,2,1,0,0,0,0,0,0,0,0,0,0
390945,1,1,7,0,9,0,0,14,0,34,13,27
390946,1,1,7,7,7,7,7,7,7,7,7,7
390946,2,1,0,0,0,0,0,0,0,0,0,0
390947,1,1,0,0,0,0,0,0,0,0,0,0
390948,1,1,0,0,0,0,0,0,0,0,0,0
390948,2,1,0,0,0,0,0,0,0,0,0,0
390949,1,1,0,0,0,0,0,0,0,0,0,0
390949,2,1,0,0,0,0,0,0,0,0,0,0
390950,0,1,27,27,27,27,27,27,27,27,27,27
390950,1,1,0,0,9,0,0,0,0,0,0,0
390951,0,1,0,0,0,0,0,0,0,0,0,0
390951,1,1,0,0,0,0,0,0,0,0,0,23
390952,1,1,0,0,0,0,0,0,0,0,0,0
390952,2,1,0,0,0,0,0,0,0,0,0,0
390953,0,1,0,0,0,0,0,0,0,0,0,0
390953,1,1,0,0,0,0,0,0,0,0,0,0
390954,0,1,38,38,38,38,38,38,38,38,38,38
390954,1,1,0,0,0,0,0,0,0,16,0,0
390955,1,1,0,0,0,0,0,0,0,0,0,0
390956,1,1,0,0,0,0,0,0,0,0,0,0
390956,2,1,0,0,0,0,0,0,0,0,0,0
390956,3,1,0,0,0,0,0,0,0,0,0,0
390957,1,1,0,0,0,0,14,0,0,0,0,0
390957,2,1,0,0,0,0,0,0,0,0,0,0
390958,1,1,0,0,0,0,0,0,0,0,0,0
390958,2,1,0,0,0,0,0,0,0,0,0,0
390959,1,1,31,31,31,31,31,31,31,31,31,31
390960,1,1,0,0,0,0,0,0,0,0,0,0
390961,1,1,0,0,0,0,9,0,3,0,0,0
390962,1,1,0,0,0,0,0,0,0,0,0,0
390962,2,1,0,0,0,0,0,0,0,0,0,0
390963,1,1,0,0,0,0,0,0,0,0,0,0
390963,2,1,0,0,0,0,0,0,0,0,0,0
390964,1,1,20,20,20,20,20,20,20,20,20,20
390964,2,1,0,0,0,0,0,0,0,0,0,0
390965,1,1,0,0,0,0,0,0,0,0,0,0
390965,2,1,0,0,0,0,0,0,0,0,0,0
390966,1,1,17,17,17,17,17,17,17,17,17,17
390966,2,1,0,0,0,0,0,0,0,0,0,0
390967,1,1,0,0,0,0,0,0,0,0,0,0
390967,2,1,0,0,0,0,0,0,0,0,0,0
390967,3,1,0,0,0,0,0,0,0,0,0,0
390968,1,1,0,0,0,0,0,0,0,0,0,0
390968,2,1,0,0,0,0,0,0,0,0,0,0
390969,1,1,0,0,0,0,0,0,0,0,0,0
390970,0,1,0,0,0,0,0,0,0,0,0,0
390970,0,2,0,0,0,0,0,0,0,0,0,0
390970,1,1,0,0,0,0,0,0,0,0,0,0
390971,1,1,0,0,0,0,0,0,0,0,0,0
390972,0,1,0,0,0,0,0,0,0,0,0,0
390972,1,1,0,0,9,0,0,0,0,0,0,0
390973,1,1,28,28,28,28,28,28,28,28,28,28
390973,2,1,0,0,0,0,0,0,0,16,0,0
390974,1,1,18,18,18,18,18,18,18,18,18,18
390975,1,1,3,3,3,3,3,3,3,3,3,3
390975,2,1,0,0,0,0,0,0,0,0,0,0
390976,0,1,0,0,0,0,0,0,0,0,0,0
390976,1,1,0,0,0,0,0,0,0,0,0,0
390977,1,1,12,12,12,12,12,12,12,12,12,12
390978,1,1,0,0,0,0,0,0,0,0,0,0
390978,2,1,0,0,0,0,0,0,0,0,0,0
390979,1,1,0,0,0,0,0,0,0,0,0,0
390979,2,1,0,0,0,0,0,0,0,0,0,0
390980,1,1,0,0,0,0,0,0,0,0,0,0
390981,1,1,15,15,15,15,15,15,15,15,15,15
390982,1,1,0,0,0,0,0,0,0,0,0,0
390983,1,1,0,0,0,0,0,0,0,0,0,0
390983,2,1,0,0,0,0,0,0,0,0,0,0
390984,0,1,0,0,0,0,0,0,0,0,0,0
390984,1,1,7,0,15,0,0,0,0,0,0,0
390985,0,1,28,28,28,28,28,28,28,28,28,28
390985,1,1,0,0,0,0,0,0,0,0,0,0
390986,0,1,0,0,0,0,0,0,0,0,0,0
390986,1,1,0,0,0,0,0,0,0,0,0,0
390987,1,1,0,0,0,0,0,0,0,0,0,0
390988,1,1,0,0,0,0,0,0,0,0,0,0
390988,2,1,0,0,0,0,0,0,0,0,0,0
390989,0,1,0,0,0,0,0,0,0,0,0,0
390989,1,1,0,0,0,0,0,0,0,0,0,0
390990,1,1,22,22,22,22,22,22,22,22,22,22
390991,1,1,0,0,0,0,0,0,0,0,0,0
390991,2,1,0,0,0,0,0,0,0,0,0,0
390993,1,1,19,19,19,19,19,19,19,19,19,19
390994,0,1,31,31,31,31,31,31,31,31,31,31
390994,1,1,0,0,0,0,0,0,0,0,0,0
390995,1,1,29,0,0,0,0,0,32,0,0,12
390996,1,1,6,0,14,31,0,12,31,0,0,0
390996,2,1,0,0,0,0,0,0,0,0,0,0
390997,1,1,20,20,20,20,20,20,20,20,20,20
390998,1,1,0,0,0,0,0,0,0,0,0,0
390998,2,1,0,0,0,0,0,0,0,0,0,0
390999,1,1,15,15,15,15,15,15,15,15,15,15
391000,1,1,22,22,22,22,22,22,22,22,22,22
391001,0,1,0,0,0,0,0,0,0,0,0,0
391001,1,1,0,0,0,0,0,0,0,0,0,0
391002,1,1,0,0,0,0,0,0,0,0,0,0
391003,1,1,0,0,0,0,0,0,0,0,0,0
391003,2,1,0,0,0,0,0,0,0,0,0,0
391003,3,1,0,0,0,0,0,0,0,0,0,0
391004,1,1,0,0,0,0,0,0,0,0,0,0
391004,2,1,0,0,0,0,0,0,0,0,0,0
391006,1,1,0,0,0,0,0,0,0,0,0,0
391006,2,1,0,0,0,0,0,0,0,0,0,0
391007,1,1,8,14,0,0,0,35,20,0,0,25
391007,2,1,0,0,0,0,0,0,0,0,0,0
391008,1,1,0,0,0,0,0,0,0,0,0,0
391008,2,1,0,0,0,0,21,0,0,0,0,0
391009,1,1,0,0,0,0,0,0,0,0,0,0
391009,2,1,0,0,0,0,0,0,0,0,0,0
391010,1,1,3,3,3,3,3,3,3,3,3,3
391010,2,1,0,0,0,0,0,0,0,0,0,9
391010,3,1,0,0,0,0,0,0,0,0,0,0
391011,1,1,0,0,0,0,0,0,0,0,0,0
391011,2,1,0,0,0,0,0,0,0,0,0,0
391012,0,1,0,0,0,0,0,0,0,0,0,0
391012,1,1,0,0,0,0,0,0,0,0,0,0
391013,1,1,24,24,24,24,24,24,24,24,24,24
391014,1,1,10,10,10,10,10,10,10,10,10,10
391015,1,1,27,27,27,27,27,27,27,27,27,27
391015,2,1,0,0,0,0,0,0,0,0,0,0
391016,1,1,0,0,0,0,0,0,0,0,0,0
391017,0,1,14,14,14,14,14,14,14,14,14,14
391017,1,1,0,0,0,0,0,0,0,0,0,0
391018,1,1,0,0,0,0,0,0,0,0,0,0
391019,1,1,0,0,0,0,0,0,0,0,0,0
391019,2,1,0,0,0,0,0,0,0,0,0,0
391020,1,1,0,0,0,0,0,0,0,0,0,0
391020,2,1,0,0,0,0,0,0,0,0,0,0
391021,1,1,21,21,21,21,21,21,21,21,21,21
391022,1,1,0,0,0,0,0,0,0,0,0,0
391022,2,1,0,0,0,0,0,0,0,0,0,0
391023,1,1,0,0,0,0,0,0,0,0,0,0
391023,2,1,0,0,0,0,0,0,0,0,0,0
391024,1,1,0,0,0,0,0,0,0,0,0,0
391024,2,1,0,0,0,0,0,0,0,0,0,0
391025,1,1,26,26,26,26,26,26,26,26,26,26
391026,1,1,0,0,0,0,0,0,0,0,0,0
391026,2,1,0,0,0,0,0,0,0,0,0,0
391027,0,1,31,31,31,31,31,31,31,31,31,31
391027,1,1,0,0,0,0,0,0,0,0,0,0
391028,0,1,11,11,11,11,11,11,11,11,11,11
391028,0,2,0,21,13,0,0,0,0,0,0,9
391028,1,1,0,0,0,0,0,0,0,0,0,0
391029,1,1,0,0,0,0,0,0,0,0,0,0
391029,2,1,0,0,0,0,0,0,0,0,0,0
391030,0,1,0,0,0,0,0,0,0,0,0,0
391030,1,1,0,0,0,0,0,0,18,0,0,0
391031,2,1,22,22,22,22,22,22,22,22,22,22
391032,0,1,0,0,0,0,0,0,0,0,0,0
391032,0,2,0,0,0,0,0,0,0,0,0,0
391032,0,3,0,0,0,0,0,0,0,0,0,0
391032,1,1,0,0,0,0,0,0,0,0,0,0
391033,1,1,0,0,0,28,22,0,0,0,0,0
391034,1,1,0,0,0,0,0,0,0,0,0,0
391034,2,1,0,0,24,38,4,0,9,0,0,27
391035,1,1,0,0,0,0,0,0,0,0,0,0
391035,2,1,0,0,0,0,0,0,0,0,0,17
391036,1,1,26,26,26,26,26,26,26,26,26,26
391036,2,1,0,0,0,0,0,0,0,0,0,0
391037,1,1,14,14,14,14,14,14,14,14,14,14
391037,2,1,0,0,0,0,0,0,0,0,0,0
391038,1,1,30,30,30,30,30,30,30,30,30,30
391039,1,1,2,2,2,2,2,2,2,2,2,2
391040,1,1,20,2,0,0,12,0,31,0,11,0
391041,1,1,0,0,0,0,0,0,0,0,0,0
391041,2,1,0,0,0,0,0,0,0,0,0,0
391042,1,1,0,0,0,0,0,0,0,0,0,0
391042,2,1,0,0,0,0,0,0,0,0,0,0
391043,1,1,0,0,0,0,0,0,0,0,0,0
391044,1,1,16,16,16,16,16,16,16,16,16,16
391044,2,1,0,0,0,0,0,0,0,0,0,0
391045,1,1,21,20,25,0,0,0,0,61,4,0
391045,2,1,0,0,0,0,0,0,0,0,0,0
391046,1,1,21,21,21,21,21,21,21,21,21,21
391047,1,1,0,0,0,0,0,0,0,0,0,0
391049,0,1,0,0,0,0,0,0,0,0,0,0
391049,0,2,0,0,0,0,0,0,0,0,0,0
391049,1,1,0,0,0,0,0,0,0,0,0,0
391050,0,1,26,26,26,26,26,26,26,26,26,26
391050,1,1,0,0,0,0,0,0,0,0,0,0
391050,2,1,0,0,0,0,0,0,0,0,0,0
391051,1,1,0,0,0,0,0,0,0,0,0,0
391051,2,1,0,0,0,0,0,0,0,0,0,0
391052,1,1,0,0,0,0,0,0,0,0,0,0
391052,2,1,0,0,0,0,0,0,0,0,0,0
391053,1,1,0,0,0,0,0,0,0,0,0,0
391053,2,1,4,4,4,4,4,4,4,4,4,4
391054,1,1,42,42,42,42,42,42,42,42,42,42
391054,2,1,0,0,0,0,0,0,0,0,0,0
391055,1,1,31,31,31,31,31,31,31,31,31,31
391056,1,1,0,0,0,0,0,0,0,0,0,0
391056,2,1,0,0,0,0,0,0,0,0,0,0
391057,1,1,0,0,0,0,0,0,0,0,0,0
391057,2,1,0,0,0,0,0,0,0,0,0,0
391058,1,1,20,20,20,20,20,20,20,20,20,20
391059,1,1,0,0,0,0,0,0,0,0,0,0
391059,2,1,0,0,0,0,0,0,0,0,0,0
391059,3,1,0,0,0,0,0,0,0,0,0,0
391060,1,1,10,10,10,10,10,10,10,10,10,10
391061,0,1,0,0,0,0,0,0,0,0,0,0
391061,1,1,0,0,0,0,0,0,0,0,0,0
391062,1,1,18,18,18,18,18,18,18,18,18,18
391063,1,1,0,0,0,0,0,0,0,0,0,0
391063,2,1,0,0,0,0,0,0,0,0,0,0
391064,1,1,0,0,0,0,0,0,0,0,0,0
391065,1,1,0,0,0,14,0,0,0,0,0,0
391065,2,1,0,0,0,0,0,0,0,0,0,0
391066,1,1,0,0,0,0,0,0,0,0,0,0
391066,2,1,0,0,0,0,0,0,0,0,0,0
391066,3,1,0,0,0,0,0,0,0,0,0,0
391067,0,1,28,28,28,28,28,28,28,28,28,28
391067,1,1,0,0,0,0,0,0,0,0,0,0
391068,1,1,0,0,0,0,0,0,0,0,0,0
391069,0,1,0,0,0,0,0,0,0,0,0,0
391069,0,2,0,0,0,0,0,0,0,0,0,0
391069,1,1,10,10,10,10,10,10,10,10,10,10
391070,1,1,0,0,0,0,0,0,0,0,0,0
391070,2,1,0,0,0,0,0,0,0,0,0,0
391071,0,1,0,0,0,0,0,0,0,0,0,0
391071,1,1,0,0,0,0,0,0,0,0,0,0
391071,2,1,0,0,0,0,0,0,0,0,0,0
391072,1,1,0,0,0,0,0,0,0,0,0,0
391072,2,1,0,0,0,0,0,0,0,0,0,0
391073,1,1,14,14,14,14,14,14,14,14,14,14
391073,2,1,0,0,0,0,0,0,0,0,0,0
391074,1,1,0,30,0,0,0,0,0,0,16,0
391075,1,1,24,24,24,24,24,24,24,24,24,24
400001,1,1,17,17,17,17,17,17,17,17,17,17
400002,1,1,23,23,23,23,23,23,23,23,23,23
400003,1,1,0,0,0,0,0,0,0,0,0,0
400003,2,1,0,0,0,0,0,0,0,0,0,0
400004,1,1,0,0,0,0,0,0,0,0,0,0
400005,1,1,8,8,8,8,8,8,8,8,8,8
400006,1,1,0,0,0,0,0,0,0,0,0,0
400006,2,1,0,0,0,0,0,0,0,0,0,0
400007,1,1,0,0,0,0,0,0,0,0,0,0
400008,1,1,26,26,26,26,26,26,26,26,26,26
400009,1,1,0,0,0,0,0,0,0,0,0,0
400009,2,1,9,9,9,9,9,9,9,9,9,9