ST_CASE,VEH_NO,PER_NO,P1,P2,P3,P4,P5,P6,P7,P8,P9,P10
420570,1,1,0,0,11,0,31,0,0,0,18,0
420571,1,1,8,8,8,8,8,8,8,8,8,8
420572,1,1,0,0,0,0,0,0,0,0,0,0
420572,2,1,0,0,0,0,0,0,0,0,0,0
420573,1,1,7,7,7,7,7,7,7,7,7,7
420573,2,1,0,0,0,0,0,14,0,0,0,0
420573,3,1,6,0,0,0,0,0,28,19,3,0
420574,1,1,20,20,20,20,20,20,20,20,20,20
420575,0,1,0,0,0,0,0,6,0,27,0,0
420575,1,1,0,0,0,0,0,0,0,0,0,0
420576,1,1,13,13,13,13,13,13,13,13,13,13
420577,0,1,8,22,17,0,9,15,29,6,49,13
420578,0,1,0,0,0,0,0,0,0,0,0,0
420578,1,1,0,12,0,0,4,0,0,0,0,0
420579,0,1,0,0,0,0,0,0,0,0,0,0
420579,1,1,0,0,0,18,0,0,0,0,0,0
420580,1,1,17,17,17,17,17,17,17,17,17,17
420581,1,1,0,0,0,0,0,0,0,17,0,0
420582,0,1,0,0,0,0,0,0,0,0,0,0
420582,1,1,0,0,0,0,0,0,0,0,0,7
420583,1,1,12,12,12,12,12,12,12,12,12,12
420584,1,1,23,23,23,23,23,23,23,23,23,23
420585,1,1,8,8,8,8,8,8,8,8,8,8
420586,1,1,17,17,17,17,17,17,17,17,17,17
420587,1,1,8,16,14,27,0,19,21,6,24,0
420588,1,1,6,6,6,6,6,6,6,6,6,6
420589,1,1,16,16,16,16,16,16,16,16,16,16
420590,1,1,18,18,18,18,18,18,18,18,18,18
420591,1,1,0,0,0,0,0,0,0,0,0,0
420592,1,1,0,17,0,15,0,0,0,0,13,0
420593,0,1,23,23,23,23,23,23,23,23,23,23
420593,1,1,23,23,23,23,23,23,23,23,23,23
420594,1,1,0,0,0,0,0,0,0,0,0,0
420595,1,1,0,0,0,0,0,0,0,0,0,0
420595,2,1,0,0,0,0,0,0,0,0,0,0
420596,1,1,3,3,3,3,3,3,3,3,3,3
420597,1,1,0,16,20,0,0,0,0,0,0,0
420597,2,1,0,0,0,0,0,0,0,0,0,0
420598,1,1,0,0,0,0,0,0,0,0,0,0
420598,2,1,0,0,0,0,0,0,0,0,0,0
420599,1,1,0,0,10,0,0,0,0,0,13,0
420599,2,1,0,0,0,0,0,0,0,0,0,0
420600,0,1,0,0,0,0,0,0,0,0,0,0
420600,1,1,0,0,0,0,0,0,0,0,0,0
420601,1,1,0,0,0,0,0,0,0,0,0,0
420601,2,1,0,0,0,0,0,0,0,19,0,0
420602,1,1,0,7,0,12,10,29,10,24,4,15
420603,0,1,0,0,0,0,0,0,0,0,0,0
420603,1,1,0,0,0,16,0,0,0,0,0,0
420604,1,1,16,16,16,16,16,16,16,16,16,16
420604,2,1,0,0,0,0,0,0,0,0,0,0
420605,1,1,0,0,0,0,0,0,0,0,0,0
420605,2,1,0,0,13,0,0,0,0,0,0,0
420606,1,1,20,20,20,20,20,20,20,20,20,20
420607,1,1,0,0,0,0,0,0,0,0,0,0
420607,2,1,0,0,0,0,0,0,0,0,0,0
420608,1,1,0,0,0,0,0,0,0,0,0,0
420608,2,1,0,0,0,0,0,0,0,0,0,0
420609,1,1,0,11,17,12,20,16,19,18,0,12
420610,1,1,0,0,0,0,0,0,0,0,0,0
420610,2,1,0,16,0,0,0,0,0,0,0,0
420611,1,1,1,1,1,1,1,1,1,1,1,1
420611,2,1,0,0,0,0,0,0,0,0,0,0
420612,1,1,16,11,13,12,14,20,9,8,8,13
420612,2,1,0,0,0,0,0,0,0,0,0,0
420613,1,1,13,7,0,0,0,0,0,0,11,0
420614,1,1,0,0,0,0,0,0,0,0,0,0
420615,1,1,16,16,16,16,16,16,16,16,16,16
420616,1,1,0,0,0,0,0,0,0,0,0,0
420617,1,1,0,0,0,0,0,0,0,0,0,0
420618,1,1,0,0,0,0,0,0,0,0,0,0
420619,1,1,0,0,0,0,0,0,0,0,0,0
420620,1,1,10,0,0,0,0,0,0,0,0,0
420620,2,1,0,0,0,0,0,0,0,0,0,0
420621,1,1,0,0,0,0,0,0,0,0,0,0
420621,2,1,0,0,4,0,0,0,0,0,0,0
420622,1,1,0,0,0,0,0,0,0,0,0,0
420623,1,1,16,16,16,16,16,16,16,16,16,16
420623,2,1,0,0,0,0,0,0,0,0,0,0
420624,1,1,0,0,0,0,0,0,0,0,0,0
420624,2,1,0,0,0,0,0,0,0,0,0,0
420625,1,1,0,0,0,0,0,0,0,0,0,0
420625,2,1,0,0,0,0,0,0,0,18,0,0
420626,1,1,0,0,0,0,0,0,0,0,0,0
420626,2,1,0,0,0,0,0,0,0,0,0,0
420627,1,1,0,0,0,0,0,18,0,0,0,0
420627,2,1,0,0,0,0,0,0,0,0,0,0
420628,0,1,13,0,15,49,18,0,14,20,23,16
420628,1,1,3,0,16,8,0,17,0,0,0,22
420629,1,1,21,21,21,21,21,21,21,21,21,21
420629,2,1,23,0,0,14,0,0,0,0,0,0
420630,1,1,1,1,1,1,1,1,1,1,1,1
420630,2,1,0,0,0,0,0,0,0,0,0,0
420631,1,1,15,15,15,15,15,15,15,15,15,15
420632,1,1,0,0,0,0,0,0,0,0,0,0
420632,2,1,0,0,0,0,0,0,0,14,0,0
420633,0,1,8,0,0,0,0,0,0,0,0,29
420633,1,1,0,0,0,6,0,14,0,0,0,0
420634,1,1,0,0,0,0,0,0,0,0,0,0
420635,1,1,0,0,0,0,0,0,0,0,0,0
420635,2,1,0,0,0,0,0,0,0,0,0,0
420636,1,1,23,23,23,23,23,23,23,23,23,23
420637,1,1,0,0,0,0,0,0,0,0,0,0
420637,2,1,0,0,0,0,0,0,0,0,0,0
420638,1,1,9,9,9,9,9,9,9,9,9,9
420639,1,1,22,22,22,22,22,22,22,22,22,22
420640,1,1,17,17,22,0,0,2,0,0,0,0
420640,2,1,11,13,0,0,0,20,0,0,19,18
420641,1,1,5,5,0,8,17,7,11,27,16,29
420641,2,1,0,0,0,0,0,0,0,0,0,0
420642,1,1,12,12,12,12,12,12,12,12,12,12
420643,1,1,0,4,0,16,22,0,0,11,0,10
420644,1,1,0,34,0,0,0,0,0,0,0,0
420644,2,1,12,0,0,0,0,0,0,0,0,0
420645,0,1,16,16,16,16,16,16,16,16,16,16
420645,1,1,0,0,0,0,9,25,12,36,0,0
420646,1,1,0,0,0,0,0,0,0,0,0,0
420647,1,1,39,39,39,39,39,39,39,39,39,39
420648,1,1,0,0,0,0,0,0,0,0,0,0
420648,2,1,0,0,0,0,0,0,0,0,0,0
420648,3,1,0,0,0,0,0,0,0,0,0,0
420648,4,1,0,0,0,0,0,0,0,0,0,0
420648,5,1,0,0,0,0,0,0,0,0,0,0
420649,1,1,0,0,0,0,0,0,0,0,0,0
420650,1,1,0,0,0,0,0,0,0,0,0,0
420650,2,1,11,18,0,0,0,0,0,0,14,20
420651,1,1,0,0,0,0,0,0,0,0,0,0
420651,2,1,0,0,0,0,0,0,0,0,0,0
420652,1,1,0,0,0,0,0,0,0,0,0,0
420652,2,1,0,0,0,0,0,0,0,0,0,0
420653,1,1,18,18,18,18,18,18,18,18,18,18
420653,2,1,0,0,0,0,0,0,29,22,0,0
420653,3,1,0,8,0,0,6,0,0,0,0,0
420653,4,1,0,0,0,0,0,0,0,0,0,0
420654,1,1,0,0,0,0,0,0,0,0,0,0
420654,2,1,0,0,0,0,0,0,0,0,0,0
420654,3,1,0,0,0,4,0,0,0,0,0,0
420654,4,1,0,0,0,0,0,0,0,0,0,0
420655,1,1,0,0,0,0,0,0,0,0,0,0
420656,1,1,15,15,15,15,15,15,15,15,15,15
420657,1,1,13,13,13,13,13,13,13,13,13,13
420658,1,1,18,18,18,18,18,18,18,18,18,18
420659,1,1,17,17,17,17,17,17,17,17,17,17
420660,1,1,0,0,0,0,0,13,0,0,0,0
420661,1,1,0,0,0,0,0,0,0,0,0,0
420661,2,1,0,0,0,0,0,0,0,0,0,0
420662,1,1,12,12,12,12,12,12,12,12,12,12
420663,1,1,15,15,15,15,15,15,15,15,15,15
420664,1,1,16,16,16,16,16,16,16,16,16,16
420665,1,1,26,26,26,26,26,26,26,26,26,26
420666,1,1,0,0,0,0,0,0,0,0,0,0
420667,1,1,4,4,4,4,4,4,4,4,4,4
420668,1,1,18,18,18,18,18,18,18,18,18,18
420669,1,1,0,0,0,0,0,0,0,0,0,0
420670,1,1,36,36,36,36,36,36,36,36,36,36
420671,1,1,21,21,21,21,21,21,21,21,21,21
420672,1,1,18,0,20,8,0,0,0,30,0,9
420673,1,1,0,0,0,0,0,15,0,0,0,0
420673,2,1,0,0,0,0,0,0,0,0,0,0
420674,1,1,18,18,18,18,18,18,18,18,18,18
420675,1,1,0,0,0,0,0,0,0,0,0,0
420676,1,1,25,25,25,25,25,25,25,25,25,25
420676,2,1,0,0,0,0,0,0,0,0,0,0
420677,1,1,0,0,0,0,0,0,0,0,0,0
420677,2,1,8,8,8,8,8,8,8,8,8,8
420678,1,1,0,0,6,7,0,0,0,0,0,0
420678,2,1,0,0,0,0,0,0,0,29,0,0
420679,0,1,0,0,0,0,0,0,0,0,0,0
420679,0,2,0,0,0,9,0,13,0,0,0,0
420679,1,1,16,16,16,16,16,16,16,16,16,16
420680,1,1,0,0,0,0,0,0,0,0,0,0
420680,2,1,0,0,0,0,0,0,0,0,0,0
420681,1,1,0,0,0,0,0,0,0,0,0,0
420681,2,1,0,0,0,0,0,0,0,0,0,0
420682,1,1,0,0,0,0,0,0,0,0,0,0
420682,2,1,0,0,0,0,0,0,0,0,0,0
420683,1,1,0,0,0,0,0,0,0,0,0,0
420683,2,1,0,0,0,0,0,0,0,0,0,0
420684,0,1,14,40,20,4,29,14,8,17,23,27
420684,1,1,0,19,0,0,35,0,0,15,0,0
420685,0,1,14,14,14,14,14,14,14,14,14,14
420685,1,1,0,0,0,9,0,0,0,0,0,0
420686,1,1,0,0,0,0,0,0,0,0,0,16
420686,2,1,0,0,0,0,0,0,0,0,0,0
420686,3,1,0,0,25,0,0,0,0,0,0,0
420687,0,1,0,0,0,0,0,0,0,0,0,0
420687,1,1,0,0,4,0,0,0,0,0,0,0
420688,1,1,15,23,5,15,25,34,17,16,17,0
420689,1,1,0,0,0,10,0,0,0,4,0,0
420689,2,1,0,0,0,0,0,0,0,0,0,0
420690,1,1,0,0,0,0,0,0,0,0,0,0
420691,1,1,0,0,0,0,11,0,0,16,0,0
420691,2,1,0,0,0,0,0,0,0,0,0,0
420692,1,1,0,23,0,0,15,0,11,0,0,0
420692,2,1,0,0,0,0,0,0,0,0,0,0
420693,1,1,27,27,27,27,27,27,27,27,27,27
420694,1,1,0,0,0,0,0,0,0,0,0,0
420695,1,1,0,0,0,0,0,0,16,0,0,0
420696,1,1,19,19,19,19,19,19,19,19,19,19
420697,1,1,0,0,0,0,0,0,0,0,0,0
420698,1,1,0,0,11,0,0,0,0,18,0,0
420698,2,1,0,0,0,0,0,0,0,0,0,0
420699,1,1,0,0,0,0,0,0,0,0,0,0
420699,2,1,0,0,0,0,0,0,0,0,0,0
420700,1,1,24,24,24,24,24,24,24,24,24,24
420701,1,1,0,0,0,0,0,0,0,0,0,0
420701,2,1,0,0,0,0,0,0,0,0,0,0
420702,1,1,0,0,0,0,11,0,0,0,0,0
420702,2,1,0,0,0,0,0,0,0,0,0,0
420702,3,1,0,0,0,0,0,0,0,0,0,0
420702,4,1,0,0,0,0,0,0,0,0,0,0
420702,5,1,0,0,0,0,0,0,0,0,0,0
420702,6,1,14,0,0,0,0,10,0,0,0,0
420702,7,1,0,0,0,0,0,0,0,0,0,0
420702,8,1,0,0,0,0,0,0,0,0,0,0
420702,9,1,0,0,0,11,0,0,0,0,0,14
420703,1,1,0,0,0,0,0,0,0,0,18,0
420703,2,1,0,0,0,0,0,0,0,0,0,0
420704,0,1,0,0,0,0,0,0,0,0,0,0
420704,0,2,0,0,0,0,0,0,0,0,0,25
420704,0,3,0,0,0,0,0,0,0,0,0,0
420704,0,4,0,0,0,0,0,0,0,0,0,0
420704,5,1,0,0,0,0,0,13,0,0,0,0
420704,6,1,0,25,0,0,0,0,0,10,0,0
420704,7,1,0,0,0,0,0,0,0,0,0,0
420704,8,1,0,0,0,0,0,0,0,0,0,0
420704,9,1,0,0,0,0,0,0,0,0,0,0
420704,10,1,0,0,0,0,0,0,16,0,0,0
420704,11,1,0,0,0,0,0,0,0,0,0,0
420704,12,1,0,0,0,0,0,0,14,0,0,0
420704,13,1,0,0,0,0,0,3,0,0,0,0
420704,14,1,0,0,0,0,0,0,0,0,0,0
420704,15,1,0,0,0,0,0,0,0,0,0,0
420704,16,1,0,0,0,0,0,0,0,0,0,0
420704,17,1,0,0,0,0,0,0,0,0,0,0
420704,18,1,0,0,0,0,0,0,0,0,0,0
420704,19,1,0,0,12,0,0,0,0,0,0,0
420704,20,1,0,0,0,0,0,0,0,0,0,0
420704,21,1,0,0,0,0,0,0,0,0,0,0
420704,22,1,0,0,0,0,0,0,0,0,0,0
420705,1,1,6,21,10,18,33,15,9,21,19,7
420706,1,1,0,0,0,0,0,0,0,0,0,0
420706,2,1,0,0,0,0,0,0,0,0,0,0
420707,1,1,0,0,0,17,0,0,0,0,0,0
420707,2,1,0,0,0,0,0,0,0,0,0,0
420708,1,1,0,0,0,0,0,0,0,0,0,0
420708,2,1,0,0,0,0,0,0,0,0,0,0
420709,1,1,0,0,0,0,0,0,0,0,0,0
420709,2,1,0,0,0,0,0,0,0,0,0,0
420710,1,1,0,0,0,0,0,0,0,0,0,0
420710,2,1,0,0,0,0,0,0,0,0,0,0
420710,3,1,0,0,0,0,0,0,0,0,0,0
420710,4,1,0,0,0,0,0,0,0,0,0,0
420710,5,1,0,0,0,0,0,0,0,0,0,14
420710,6,1,0,0,0,0,0,0,0,0,0,0
420711,1,1,10,10,10,10,10,10,10,10,10,10
420712,0,1,0,0,0,0,0,0,0,0,0,0
420712,1,1,0,0,0,0,0,0,28,0,0,0
420713,1,1,0,0,0,0,0,0,0,0,0,0
420713,2,1,0,0,0,0,0,0,0,0,0,0
420713,3,1,0,0,0,0,0,0,0,0,0,0
420714,1,1,0,0,0,0,0,0,0,0,0,0
420714,2,1,0,0,0,0,0,0,0,0,0,0
420715,1,1,0,0,0,0,12,0,0,0,0,0
420716,0,1,0,0,0,0,0,0,0,0,0,0
420716,1,1,0,0,0,5,0,0,0,0,0,0
420717,0,1,0,0,0,0,0,0,0,0,0,0
420717,1,1,0,0,13,0,12,0,0,0,0,0
420718,1,1,27,27,27,27,27,27,27,27,27,27
420719,1,1,22,22,22,22,22,22,22,22,22,22
420720,1,1,0,0,0,0,0,0,0,0,0,0
420721,1,1,15,15,15,15,15,15,15,15,15,15
420722,1,1,0,0,0,0,0,0,0,0,0,0
420722,2,1,0,0,0,0,0,0,0,0,0,0
420722,3,1,0,0,0,0,0,0,10,0,0,0
420722,4,1,0,0,0,0,0,0,0,18,0,0
420723,0,1,12,12,12,12,12,12,12,12,12,12
420723,1,1,0,0,0,17,0,0,0,0,0,12
420724,0,1,0,0,0,0,0,0,0,0,0,0
420724,1,1,0,0,0,0,0,0,0,0,0,0
420725,1,1,17,17,17,17,17,17,17,17,17,17
420726,0,1,0,0,0,0,0,0,0,0,0,0
420726,1,1,0,0,0,0,0,0,0,0,0,0
420727,1,1,0,0,0,0,0,0,0,0,0,0
420728,1,1,11,11,11,11,11,11,11,11,11,11
420729,1,1,19,0,9,4,13,0,11,0,0,0
420730,1,1,15,0,0,0,0,0,0,0,0,0
420731,1,1,0,0,0,0,0,0,0,0,0,0
420731,2,1,0,0,0,0,0,0,0,0,0,0
420732,1,1,0,0,0,0,0,0,0,0,0,0
420732,2,1,0,0,0,0,0,0,0,0,0,0
420733,1,1,0,0,11,0,0,0,0,0,0,0
420733,2,1,0,0,0,0,0,0,0,0,0,0
420734,1,1,0,0,0,0,0,0,0,0,0,0
420735,1,1,0,0,0,0,0,0,0,0,0,0
420736,1,1,0,0,0,0,0,0,0,0,0,0
420736,2,1,0,0,0,0,0,0,0,0,0,0
420737,1,1,12,12,12,12,12,12,12,12,12,12
420738,1,1,0,0,0,18,0,0,0,0,0,0
420738,2,1,0,0,0,0,0,0,0,0,0,0
420739,1,1,0,0,0,0,0,0,0,0,0,0
420740,0,1,41,41,41,41,41,41,41,41,41,41
420740,1,1,0,0,0,0,0,0,0,0,0,0
420740,2,1,0,21,7,6,0,0,10,0,0,7
420741,1,1,0,0,0,0,0,0,0,0,0,0
420741,2,1,0,0,0,0,0,0,0,0,0,0
420742,1,1,6,6,6,6,6,6,6,6,6,6
420742,2,1,0,0,0,0,0,0,0,0,23,0
420743,1,1,0,0,0,0,0,0,0,0,0,0
420743,2,1,0,0,12,0,0,0,0,15,0,0
420744,1,1,0,0,0,0,0,0,0,13,0,6
420744,2,1,0,0,0,0,0,0,0,0,0,0
420745,1,1,0,0,0,0,0,0,0,0,0,0
420746,1,1,0,0,0,0,0,11,0,0,0,0
420746,2,1,0,0,0,0,0,0,0,0,0,0
420747,0,1,0,0,0,0,0,0,0,0,0,0
420747,1,1,25,18,17,12,7,5,8,13,8,7
420748,1,1,0,0,0,0,0,0,0,0,0,0
420748,2,1,21,0,0,0,0,0,0,0,0,0
420749,1,1,4,4,4,4,4,4,4,4,4,4
420750,1,1,0,0,0,0,0,0,0,0,0,0
420751,1,1,0,0,0,0,0,0,0,0,0,0
420751,2,1,0,0,0,0,0,0,0,0,0,0
420751,3,1,0,0,0,0,0,0,0,0,0,0
420752,1,1,18,18,18,18,18,18,18,18,18,18
420752,2,1,0,0,0,0,21,15,19,0,19,15
420753,1,1,0,0,0,0,0,16,7,0,0,0
420753,2,1,0,0,0,0,0,0,0,0,0,0
420754,1,1,0,0,0,0,0,0,0,0,0,0
420755,1,1,0,0,0,0,0,0,0,0,0,0
420755,2,1,0,0,0,0,0,0,0,0,0,0
420756,1,1,0,0,7,0,18,0,11,0,0,0
420756,2,1,1,1,1,1,1,1,1,1,1,1
420757,1,1,20,10,0,7,23,37,9,19,17,7
420757,2,1,3,3,3,3,3,3,3,3,3,3
420758,1,1,0,0,0,0,0,0,0,0,0,0
420758,2,1,0,0,0,0,0,0,0,0,0,0
420759,1,1,0,0,0,0,0,0,0,0,0,0
420759,2,1,0,0,0,0,0,0,0,0,0,0
420760,1,1,0,0,0,0,0,0,0,0,0,0
420760,2,1,0,0,0,0,0,0,0,0,0,0
420760,3,1,0,0,0,0,0,0,0,0,0,0
420761,1,1,0,0,0,0,0,0,0,0,0,0
420762,1,1,47,47,47,47,47,47,47,47,47,47
420762,2,1,0,0,0,0,0,0,0,0,0,0
420763,1,1,0,0,0,0,0,0,0,0,0,0
420763,2,1,0,0,40,0,0,0,0,0,0,0
420764,1,1,0,0,0,0,0,0,0,0,0,0
420764,2,1,0,0,0,0,0,0,0,0,0,0
420765,1,1,0,0,0,0,19,0,0,0,0,0
420765,2,1,0,0,0,0,0,0,0,0,0,0
420766,1,1,0,0,0,0,0,0,0,0,0,0
420766,2,1,0,0,0,0,0,0,0,0,0,0
420767,1,1,22,22,22,22,22,22,22,22,22,22
420768,1,1,0,0,0,0,0,0,0,0,0,0
420768,2,1,0,0,0,0,0,0,0,0,0,0
420769,1,1,14,14,14,14,14,14,14,14,14,14
420769,2,1,0,0,0,0,0,0,0,0,13,0
420770,1,1,0,0,0,0,0,0,0,0,0,0
420770,2,1,0,0,0,0,0,0,0,0,0,0
420771,1,1,0,0,0,0,0,0,0,0,0,0
420772,1,1,0,0,0,0,0,0,0,0,0,0
420772,2,1,0,0,0,0,0,0,0,0,0,0
420772,3,1,0,0,0,0,14,0,0,0,0,0
420772,4,1,0,0,0,0,0,0,0,0,0,0
420772,5,1,0,0,0,0,0,0,0,0,0,0
420773,1,1,0,0,0,0,24,0,0,0,0,0
420773,2,1,0,0,0,0,0,0,0,0,0,0
420774,1,1,0,0,0,0,0,0,0,0,0,0
420774,2,1,0,0,0,0,0,0,0,0,0,0
420775,1,1,12,12,12,12,12,12,12,12,12,12
420776,1,1,0,0,0,0,0,0,0,0,0,0
420777,1,1,28,28,28,28,28,28,28,28,28,28
420778,0,1,0,0,0,0,0,0,0,0,0,0
420778,1,1,0,0,0,0,0,0,7,0,0,0
420779,1,1,0,0,0,0,0,0,0,0,7,0
420780,1,1,19,19,19,19,19,19,19,19,19,19
420781,1,1,0,0,0,0,0,0,0,0,0,0
420781,2,1,0,0,26,0,0,0,0,0,0,0
420781,3,1,0,0,0,0,0,0,0,0,0,0
420782,1,1,0,0,0,0,0,0,0,13,0,0
420782,2,1,0,0,0,0,0,0,0,0,0,0
420782,3,1,0,13,0,0,0,0,0,0,0,0
420782,4,1,0,0,0,0,0,0,0,0,0,0
420783,1,1,17,17,17,17,17,17,17,17,17,17
420784,0,1,0,0,0,0,0,0,0,0,0,0
420784,1,1,0,0,0,5,0,0,0,0,0,0
420784,2,1,0,0,0,0,0,0,0,0,0,0
420785,1,1,0,0,0,0,0,0,0,0,0,0
420786,1,1,0,19,18,30,0,14,17,0,0,0
420787,1,1,0,0,0,0,0,0,0,0,0,0
420788,1,1,0,0,0,0,0,0,0,0,0,0
420789,1,1,6,6,6,6,6,6,6,6,6,6
420789,2,1,0,0,0,0,15,0,0,0,0,0
420790,1,1,0,0,0,0,0,0,0,26,0,0
420790,2,1,0,0,0,0,0,0,4,13,12,0
420791,1,1,13,0,0,8,14,0,8,0,0,17
420791,2,1,0,0,0,0,0,0,0,0,0,0
420792,1,1,0,0,0,0,0,0,0,0,0,0
420792,2,1,0,0,0,0,0,0,0,0,0,0
420793,1,1,0,0,0,0,0,0,0,0,0,20
420793,2,1,0,0,0,0,3,0,0,0,0,0
420793,3,1,0,0,0,0,0,0,21,0,0,0
420794,1,1,0,0,0,0,0,0,0,0,0,0
420794,2,1,0,0,0,0,0,0,0,0,0,0
420795,1,1,0,15,29,6,29,9,0,0,20,10
420796,0,1,0,0,0,0,0,0,0,0,0,0
420796,1,1,0,0,0,0,0,0,0,0,0,0
420797,1,1,0,0,0,0,0,0,0,0,0,0
420797,2,1,0,0,0,0,0,0,0,0,0,0
420798,1,1,0,0,0,0,0,0,0,0,0,0
420798,2,1,0,0,0,0,0,0,0,0,0,0
420799,1,1,0,0,0,0,0,0,0,0,0,0
420800,1,1,0,0,0,0,0,0,0,0,0,0
420800,2,1,0,0,0,0,0,0,0,0,0,0
420801,1,1,0,0,0,0,0,0,0,0,0,0
420801,2,1,0,0,0,0,0,0,0,0,0,0
420802,1,1,0,0,0,0,0,0,0,0,0,0
420803,1,1,0,0,0,0,0,0,0,0,0,0
420804,1,1,22,22,22,22,22,22,22,22,22,22
420805,1,1,0,0,0,0,0,0,0,0,0,0
420806,1,1,0,0,0,0,0,13,0,0,19,0
420806,2,1,0,0,9,0,0,0,0,0,0,17
420807,1,1,13,24,9,0,0,18,16,13,34,28
420808,1,1,0,0,0,0,0,0,0,0,0,0
420808,2,1,0,0,0,0,0,0,0,0,0,0
420809,1,1,0,0,0,0,0,0,0,0,0,0
420809,2,1,0,17,0,24,9,26,16,18,13,0
420810,0,1,0,0,0,0,0,0,0,0,0,0
420810,1,1,0,0,0,0,0,13,0,41,18,22
420811,1,1,0,0,0,0,0,0,0,0,0,0
420811,2,1,0,0,0,0,0,0,0,0,0,0
420812,1,1,20,12,31,21,7,23,13,4,20,9
420813,1,1,0,0,13,23,16,10,0,0,11,0
420813,2,1,0,10,0,0,0,0,0,0,0,29
420813,3,1,0,0,0,0,0,0,0,0,0,0
420814,1,1,0,0,0,0,0,0,0,0,0,0
420815,1,1,0,0,0,0,0,0,0,0,0,0
420815,2,1,0,0,0,0,0,0,0,0,0,0
420815,3,1,0,0,0,0,0,0,0,0,0,0
420816,1,1,28,28,28,28,28,28,28,28,28,28
420816,2,1,11,0,15,0,0,0,0,0,0,0
420816,3,1,0,0,0,0,0,0,0,0,0,0
420817,1,1,24,24,24,24,24,24,24,24,24,24
420818,1,1,0,0,0,0,0,0,0,0,0,0
420818,2,1,6,0,0,0,0,0,0,6,0,24
420818,3,1,0,0,0,0,0,0,0,0,0,0
420819,1,1,22,22,22,22,22,22,22,22,22,22
420820,0,1,0,0,0,0,0,0,18,0,0,0
420820,1,1,0,0,0,0,0,0,0,0,0,0
420820,2,1,0,0,0,0,0,0,0,0,0,0
420821,1,1,11,11,11,11,11,11,11,11,11,11
420822,0,1,0,0,24,0,0,0,0,0,0,28
420822,1,1,0,0,0,0,0,0,0,0,0,0
420823,1,1,0,0,0,0,0,12,0,0,0,12
420824,1,1,14,0,0,0,0,0,0,0,0,0
420824,2,1,0,0,0,0,0,0,0,0,0,0
420825,1,1,15,15,15,15,15,15,15,15,15,15
420826,1,1,21,21,21,21,21,21,21,21,21,21
420827,0,1,0,0,0,0,0,0,0,0,0,0
420827,1,1,0,0,0,0,0,0,0,0,0,0
420828,1,1,0,0,0,0,0,0,0,0,0,14
420829,1,1,16,16,16,16,16,16,16,16,16,16
420829,2,1,10,0,0,0,0,0,0,0,0,0
420830,0,1,0,0,0,0,0,0,0,0,20,13
420830,1,1,0,0,0,0,0,0,0,0,0,0
420831,1,1,0,0,0,0,0,0,0,14,0,0
420832,1,1,0,0,0,0,0,13,0,0,9,0
420832,2,1,0,0,0,0,0,0,0,5,0,0
420833,0,1,25,19,0,52,15,27,22,0,9,11
420833,1,1,0,0,0,2,0,0,0,0,0,0
420834,0,1,0,0,0,0,0,0,0,0,0,0
420834,1,1,0,0,0,0,0,17,0,0,0,0
420835,0,1,0,0,0,0,0,0,0,0,0,0
420835,1,1,0,0,0,0,0,0,0,0,0,0
420836,1,1,0,0,0,0,0,0,0,0,0,0
420836,2,1,0,0,0,0,0,0,0,0,0,0
420837,1,1,26,26,26,26,26,26,26,26,26,26
420838,0,1,32,32,32,32,32,32,32,32,32,32
420838,1,1,0,0,0,0,0,0,0,0,0,0
420839,1,1,0,0,0,0,0,0,0,0,0,0
420839,2,1,0,0,0,0,0,0,0,11,0,0
420840,1,1,0,0,0,0,0,0,0,0,0,0
420841,1,1,0,0,0,0,23,0,0,0,0,0
420841,2,1,0,0,0,0,0,0,0,0,0,0
420842,1,1,14,14,14,14,14,14,14,14,14,14
420842,2,1,0,0,0,0,0,18,0,0,0,0
420843,1,1,0,0,0,0,0,0,0,0,0,0
420843,2,1,0,0,0,0,0,0,0,0,0,0
420844,1,1,0,0,0,7,0,0,0,0,15,0
420844,2,1,0,0,0,0,0,0,0,0,0,0
420845,1,1,0,0,0,0,0,0,0,0,0,0
420845,2,1,0,0,0,0,0,0,0,0,0,0
420846,1,1,0,0,0,0,0,0,0,0,0,0
420846,2,1,0,0,0,0,0,0,0,0,0,0
420847,0,1,38,19,0,32,27,7,13,23,0,22
420847,1,1,0,25,15,15,0,0,0,0,0,0
420848,1,1,0,0,0,0,0,0,0,0,0,0
420848,2,1,0,0,0,0,0,0,0,0,0,0
420849,0,1,0,0,0,0,19,0,0,0,6,0
420849,0,2,14,0,0,0,0,0,0,0,0,22
420849,0,3,0,0,0,0,0,0,0,0,0,0
420849,0,4,0,0,0,0,0,0,0,0,0,0
420849,1,1,0,0,0,0,0,0,0,0,0,0
420850,1,1,16,16,16,16,16,16,16,16,16,16
420850,2,1,0,0,0,0,0,0,0,0,0,0
420851,1,1,0,0,0,0,0,0,0,26,0,0
420851,2,1,0,0,0,0,0,0,0,0,0,0
420852,1,1,0,0,0,0,0,0,0,0,0,0
420852,2,1,0,0,0,0,0,0,0,0,0,0