ST_CASE,VEH_NO,PER_NO,P1,P2,P3,P4,P5,P6,P7,P8,P9,P10
450011,1,1,0,0,0,0,0,0,0,0,0,0
450012,1,1,39,0,0,5,0,0,0,0,0,8
450013,1,1,0,0,0,0,0,0,0,0,0,0
450013,2,1,0,0,0,0,0,0,0,16,0,0
450014,0,1,0,0,0,0,0,0,0,0,0,0
450014,1,1,0,0,0,0,0,0,0,0,0,0
450015,1,1,0,0,0,0,0,0,0,0,0,0
450015,2,1,0,0,0,0,0,0,0,0,0,0
450016,1,1,0,0,0,0,0,0,0,0,0,0
450016,2,1,0,0,13,0,0,0,0,0,0,0
450017,1,1,0,0,0,0,0,0,0,0,0,0
450018,0,1,0,0,0,0,0,0,0,0,0,0
450018,1,1,0,0,0,0,0,0,0,0,8,0
450019,1,1,0,0,0,0,0,0,0,0,0,0
450020,1,1,31,31,31,31,31,31,31,31,31,31
450021,1,1,0,0,0,0,0,0,0,0,0,0
450021,2,1,0,7,0,0,0,0,0,0,0,0
450021,3,1,0,0,0,0,0,0,0,0,0,0
450022,1,1,13,13,13,13,13,13,13,13,13,13
450023,0,1,0,0,0,37,0,17,0,19,0,0
450023,1,1,0,0,0,0,0,0,0,0,0,10
450023,2,1,0,0,0,0,0,0,0,0,0,0
450023,3,1,0,0,0,11,0,10,0,0,0,0
450024,1,1,0,0,14,0,0,0,0,0,0,18
450025,1,1,0,0,13,0,0,0,0,0,0,0
450025,2,1,0,0,0,0,0,0,0,0,0,0
450026,1,1,0,0,0,0,0,0,0,0,0,0
450026,2,1,0,0,0,0,0,0,0,0,0,21
450027,0,1,13,13,13,13,13,13,13,13,13,13
450027,1,1,0,0,0,0,26,0,0,0,0,0
450028,1,1,0,0,0,0,0,0,0,0,0,0
450028,2,1,0,0,0,0,0,0,0,0,0,0
450029,1,1,0,0,0,0,0,0,0,0,0,0
450029,2,1,0,0,0,0,0,0,0,0,0,0
450030,1,1,16,16,16,16,16,16,16,16,16,16
450031,1,1,10,10,10,10,10,10,10,10,10,10
450032,1,1,23,23,23,23,23,23,23,23,23,23
450033,0,1,20,20,20,20,20,20,20,20,20,20
450033,1,1,0,0,0,0,0,0,0,0,0,0
450034,1,1,0,0,0,0,0,0,0,0,0,0
450034,2,1,0,0,0,0,0,0,0,0,0,0
450035,1,1,17,17,17,17,17,17,17,17,17,17
450035,2,1,0,0,0,30,0,0,0,0,0,0
450036,1,1,21,21,21,21,21,21,21,21,21,21
450036,2,1,0,0,0,0,0,0,9,0,0,0
450036,3,1,0,0,0,0,0,0,0,0,0,0
450036,4,1,0,0,0,0,0,0,0,0,0,0
450037,1,1,0,0,0,0,0,0,0,0,0,0
450038,1,1,0,0,0,0,0,0,0,0,0,0
450039,0,1,0,0,0,0,0,0,0,0,0,0
450039,1,1,0,0,0,0,0,0,0,0,0,0
450040,1,1,0,0,0,0,0,0,0,0,0,0
450040,2,1,7,7,7,7,7,7,7,7,7,7
450041,1,1,7,7,7,7,7,7,7,7,7,7
450042,1,1,0,0,0,34,0,0,0,0,0,0
450043,1,1,0,0,0,0,0,0,0,0,0,0
450043,2,1,0,0,0,0,0,0,0,0,0,0
450044,1,1,0,0,0,0,0,0,0,0,0,0
450044,2,1,0,0,0,0,0,0,0,0,0,0
450044,3,1,0,0,0,0,0,0,0,0,0,0
450045,1,1,0,0,0,0,0,0,0,0,0,0
450045,2,1,0,0,0,0,0,0,0,0,0,0
450046,1,1,0,0,0,0,3,0,0,0,21,0
450046,2,1,0,0,0,0,0,0,0,0,0,0
450047,1,1,8,8,8,8,8,8,8,8,8,8
450048,1,1,0,0,0,0,0,0,0,0,0,0
450049,1,1,0,0,0,0,0,0,0,0,0,0
450049,2,1,0,0,0,0,0,0,0,0,0,0
450050,1,1,16,16,16,16,16,16,16,16,16,16
450051,0,1,0,0,0,0,0,0,0,0,0,0
450051,1,1,0,0,7,0,0,0,0,0,0,0
450052,1,1,0,0,0,0,0,0,0,0,0,0
450053,1,1,0,0,0,0,0,0,0,0,0,0
450053,2,1,0,0,0,0,0,0,0,0,0,0
450054,1,1,12,12,12,12,12,12,12,12,12,12
450055,1,1,0,0,0,0,0,0,0,0,0,0
450056,1,1,27,27,27,27,27,27,27,27,27,27
450057,1,1,23,23,23,23,23,23,23,23,23,23
450058,1,1,17,17,17,17,17,17,17,17,17,17
450058,2,1,0,0,0,0,31,0,11,0,0,0
450059,0,1,0,0,0,0,0,0,0,0,0,0
450059,1,1,0,0,0,0,0,17,14,0,0,0
450060,1,1,0,0,0,0,0,0,0,0,0,0
450061,1,1,29,0,0,0,0,0,0,0,0,0
450061,2,1,0,0,0,0,0,0,0,0,0,0
450062,1,1,0,0,0,0,0,0,0,0,0,0
450062,2,1,0,0,0,0,0,0,0,0,0,0
450063,1,1,0,0,0,0,0,0,0,0,0,0
450063,2,1,0,0,0,0,0,0,0,0,0,0
450064,1,1,0,0,0,0,0,0,0,0,0,0
450064,2,1,25,25,25,25,25,25,25,25,25,25
450065,0,1,0,0,0,0,0,0,0,0,0,0
450065,1,1,0,0,0,0,0,0,0,0,0,0
450066,1,1,0,0,0,0,0,0,0,0,0,0
450066,2,1,0,0,0,0,0,0,0,0,0,0
450067,1,1,0,0,0,0,0,0,0,88,0,0
450068,1,1,0,0,0,0,0,0,0,0,0,0
450068,2,1,0,0,0,0,0,0,0,0,0,0
450069,1,1,18,18,18,18,18,18,18,18,18,18
450070,0,1,0,0,0,0,0,0,0,0,0,0
450070,1,1,0,0,0,0,0,0,0,0,0,0
450071,1,1,0,0,0,0,0,0,0,0,0,0
450071,2,1,0,0,0,0,0,0,0,0,0,0
450072,1,1,0,0,0,0,0,0,0,0,0,0
450072,2,1,0,0,0,0,0,0,0,0,0,0
450073,1,1,0,0,0,0,0,0,0,0,0,0
450074,1,1,0,0,0,0,0,0,0,0,0,0
450075,1,1,0,0,0,0,0,0,0,0,0,0
450076,0,1,0,0,0,0,0,0,0,0,0,0
450076,1,1,0,0,0,0,0,0,0,0,0,0
450077,0,1,1,1,1,1,1,1,1,1,1,1
450077,1,1,0,0,17,0,0,0,0,0,0,0
450078,1,1,19,19,19,19,19,19,19,19,19,19
450079,1,1,0,0,0,0,0,0,0,0,0,0
450079,2,1,0,0,0,0,0,0,0,0,0,0
450080,1,1,0,0,0,0,0,0,0,0,0,0
450081,1,1,13,13,13,13,13,13,13,13,13,13
450082,1,1,17,17,17,17,17,17,17,17,17,17
450083,1,1,25,25,25,25,25,25,25,25,25,25
450084,1,1,0,0,0,0,0,0,0,0,0,0
450085,1,1,16,16,16,16,16,16,16,16,16,16
450086,1,1,1,1,1,1,1,1,1,1,1,1
450087,1,1,0,0,0,0,0,0,0,0,0,0
450087,2,1,0,0,0,0,0,0,0,0,0,22
450087,3,1,0,0,0,0,0,0,0,0,0,0
450088,1,1,0,0,0,0,0,0,0,0,0,0
450088,2,1,0,0,0,0,0,0,0,0,0,0
450089,1,1,0,0,0,0,0,0,0,0,0,0
450090,0,1,24,24,24,24,24,24,24,24,24,24
450090,1,1,14,0,0,0,10,0,0,0,0,0
450090,2,1,0,0,0,0,0,0,0,0,0,0
450091,2,1,0,0,0,0,0,0,0,0,0,0
450091,3,1,21,21,21,21,21,21,21,21,21,21
450092,1,1,0,0,0,0,0,0,0,0,0,0
450092,2,1,0,0,0,0,0,0,0,0,0,0
450093,1,1,0,3,19,18,0,20,14,0,17,9
450093,2,1,0,0,0,0,0,0,0,0,0,0
450094,1,1,0,0,0,0,0,14,0,0,0,0
450094,2,1,1,1,1,1,1,1,1,1,1,1
450095,0,1,26,26,26,26,26,26,26,26,26,26
450095,1,1,0,0,0,0,0,0,0,0,0,18
450096,1,1,0,0,0,0,0,0,0,0,0,0
450096,2,1,0,0,0,0,0,0,0,7,0,0
450097,1,1,19,0,0,0,0,0,0,24,0,0
450098,1,1,0,0,0,0,0,0,0,0,0,0
450099,1,1,0,0,0,0,0,0,0,0,0,0
450099,2,1,0,0,0,0,0,0,0,0,0,0
450100,1,1,0,0,0,0,0,0,0,0,0,0
450101,1,1,0,0,0,0,0,0,0,0,0,0
450102,1,1,0,17,22,14,10,24,0,10,15,24
450102,2,1,0,0,0,0,0,0,0,0,0,0
450103,1,1,15,15,15,15,15,15,15,15,15,15
450104,1,1,9,9,9,9,9,9,9,9,9,9
450105,1,1,0,0,0,5,0,0,0,0,0,0
450105,2,1,0,0,0,0,0,0,0,0,0,0
450105,3,1,0,0,0,0,0,0,0,2,0,10
450107,1,1,0,0,0,0,0,0,0,0,0,0
450107,2,1,0,0,0,0,0,0,0,0,10,19
450108,1,1,0,0,0,0,0,0,0,0,0,0
450109,1,1,0,0,0,0,0,0,0,0,0,0
450109,2,1,0,0,0,0,0,0,0,13,0,0
450110,1,1,0,0,0,0,0,0,0,0,0,0
450110,2,1,0,0,0,0,51,0,0,0,0,0
450111,1,1,23,23,23,23,23,23,23,23,23,23
450112,1,1,14,0,0,0,0,0,0,0,0,0
450112,2,1,0,0,0,0,0,0,0,0,0,0
450113,0,1,0,0,0,0,0,0,0,0,14,0
450113,1,1,0,0,0,0,0,21,0,0,0,0
450114,1,1,0,0,0,0,0,0,0,0,0,0
450114,2,1,0,0,0,0,0,0,0,16,0,0
450114,3,1,0,0,0,0,0,0,20,0,0,0
450114,4,1,0,0,0,0,0,0,0,0,0,0
450114,5,1,20,14,15,19,23,13,13,14,9,19
450114,6,1,0,0,0,0,0,0,0,0,0,0
450115,0,1,27,27,27,27,27,27,27,27,27,27
450115,0,2,21,0,0,0,0,0,0,25,0,0
450115,1,1,0,0,0,0,0,23,0,0,0,0
450115,2,1,0,0,0,0,0,0,0,0,0,0
450116,0,1,0,0,0,0,0,0,0,0,0,0
450116,1,1,11,11,11,11,11,11,11,11,11,11
450117,1,1,17,17,17,17,17,17,17,17,17,17
450118,0,1,22,22,22,22,22,22,22,22,22,22
450118,1,1,0,0,0,0,0,0,0,0,0,0
450118,2,1,0,0,0,0,0,0,0,0,0,25
450119,1,1,0,0,0,0,0,0,0,0,0,0
450120,1,1,13,13,13,13,13,13,13,13,13,13
450120,2,1,15,15,15,15,15,15,15,15,15,15
450120,3,1,0,0,0,0,0,0,0,0,0,0
450121,1,1,0,0,0,0,0,0,0,0,0,0
450121,2,1,8,8,8,8,8,8,8,8,8,8
450122,1,1,0,0,0,0,0,0,0,0,0,0
450122,2,1,0,0,0,0,0,0,0,0,22,13
450123,0,1,0,0,0,0,0,0,0,0,0,0
450123,2,1,0,0,0,0,0,0,0,0,0,0
450124,1,1,0,0,0,0,0,0,0,0,0,0
450125,1,1,0,0,0,0,0,0,0,0,0,0
450126,1,1,0,0,0,0,0,0,0,0,0,0
450126,2,1,0,0,0,0,0,0,0,0,0,0
450127,0,1,13,0,0,0,0,12,0,0,0,0
450127,1,1,0,0,0,0,0,0,0,0,0,0
450128,0,1,31,31,31,31,31,31,31,31,31,31
450128,1,1,0,0,0,0,0,0,0,0,0,0
450129,1,1,0,0,0,0,0,0,0,0,0,0
450130,1,1,16,16,16,16,16,16,16,16,16,16
450131,1,1,0,0,0,16,0,0,0,0,0,0
450131,2,1,19,19,19,19,19,19,19,19,19,19
450132,1,1,25,25,25,25,25,25,25,25,25,25
450133,1,1,3,0,0,0,0,0,0,0,0,0
450133,2,1,0,0,0,0,0,0,0,0,0,0
450134,1,1,21,21,21,21,21,21,21,21,21,21
450135,1,1,0,0,0,0,0,0,0,0,0,0
450136,1,1,0,0,0,0,0,0,0,0,0,0
450137,1,1,0,0,18,0,0,0,0,0,0,0
450137,2,1,29,29,29,29,29,29,29,29,29,29
450138,1,1,0,0,0,0,0,0,0,0,0,0
450139,1,1,23,23,23,23,23,23,23,23,23,23
450140,0,1,32,32,32,32,32,32,32,32,32,32
450140,1,1,14,20,3,0,0,0,11,0,0,0
450141,1,1,0,0,0,0,0,0,0,0,0,0
450141,2,1,0,3,0,0,0,0,0,0,0,0
450142,1,1,0,0,0,0,0,0,0,0,0,0
450142,2,1,0,0,0,0,0,0,0,0,0,0
450142,3,1,0,0,0,0,14,0,0,0,0,0
450143,1,1,17,17,17,17,17,17,17,17,17,17
450144,1,1,0,18,0,0,0,0,0,30,0,16
450145,1,1,0,0,0,0,0,0,0,0,0,0
450145,2,1,0,0,0,0,0,0,0,0,0,0
450145,3,1,3,0,0,0,0,0,0,0,0,0
450145,4,1,26,26,26,26,26,26,26,26,26,26
450146,1,1,0,0,0,0,0,0,0,0,0,0
450146,2,1,0,0,0,0,0,0,0,0,0,0
450146,3,1,0,0,0,0,0,0,0,0,0,0
450146,4,1,0,0,0,0,0,0,0,0,0,0
450147,1,1,0,0,0,0,0,0,0,0,0,0
450149,0,1,0,0,0,0,0,0,0,0,0,0
450149,1,1,0,0,0,0,0,0,0,0,0,0
450149,2,1,0,0,0,0,0,0,0,0,22,0
450150,1,1,0,0,0,0,0,0,0,0,0,0
450150,2,1,0,0,0,0,0,0,0,0,0,0
450150,3,1,0,0,0,0,0,0,0,0,0,0
450151,1,1,0,0,0,0,0,0,0,0,0,0
450151,2,1,13,0,0,0,0,0,0,0,0,0
450152,1,1,0,0,0,0,0,0,12,0,0,0
450152,2,1,0,0,0,0,0,0,0,0,0,0
450153,1,1,0,0,0,0,2,0,0,0,0,0
450153,2,1,8,0,0,0,0,0,0,0,0,0
450154,1,1,7,0,12,0,0,0,0,0,0,0
450154,2,1,14,15,20,18,18,20,36,28,13,49
450154,3,1,0,21,17,0,23,18,0,0,0,27
450154,4,1,17,0,0,0,0,19,0,0,0,0
450155,1,1,0,0,0,0,0,0,0,0,0,0
450155,2,1,0,0,0,0,0,0,0,0,0,0
450155,3,1,0,0,0,0,0,0,0,0,0,0
450155,4,1,0,0,0,0,0,0,0,0,0,0
450155,5,1,11,0,0,0,0,0,0,0,0,0
450156,1,1,8,8,8,8,8,8,8,8,8,8
450157,1,1,0,0,0,0,0,0,0,0,0,0
450158,1,1,0,0,0,0,0,0,0,0,0,0
450159,1,1,0,0,0,0,0,0,0,0,0,16
450160,0,1,0,15,32,29,18,53,0,37,11,10
450160,1,1,17,0,0,0,18,0,0,0,3,0
450161,1,1,0,0,0,0,0,0,0,0,0,0
450162,1,1,0,0,0,0,0,0,0,0,0,0
450162,2,1,0,0,0,0,0,0,0,0,0,0
450163,1,1,0,0,0,0,0,0,0,0,0,0
450163,2,1,15,15,15,15,15,15,15,15,15,15
450164,1,1,14,14,14,14,14,14,14,14,14,14
450165,1,1,19,0,26,24,26,13,25,40,24,4
450166,1,1,14,14,14,14,14,14,14,14,14,14
450167,0,1,0,0,0,18,0,0,0,0,33,0
450167,1,1,0,0,0,0,0,0,0,0,0,0
450168,1,1,0,17,0,8,0,0,0,0,0,15
450169,1,1,14,0,0,0,0,0,0,26,38,0
450170,1,1,0,0,0,0,0,0,0,0,0,0
450171,1,1,25,25,25,25,25,25,25,25,25,25
450172,1,1,0,0,0,0,0,0,0,0,0,0
450173,0,1,0,0,0,0,0,0,0,0,0,0
450173,1,1,0,0,0,0,0,0,0,0,0,0
450174,1,1,0,0,0,0,0,0,0,0,0,0
450174,2,1,0,0,0,0,0,0,0,0,0,0
450175,1,1,0,0,0,0,0,0,0,0,0,0
450175,2,1,0,0,0,0,0,0,0,0,0,0
450176,1,1,0,0,0,0,0,0,0,0,0,0
450176,2,1,0,0,0,0,0,0,0,0,0,0
450177,1,1,0,0,0,0,0,0,0,0,0,0
450177,2,1,0,0,0,0,0,0,0,0,0,0
450177,3,1,0,0,0,0,0,0,0,0,0,0
450177,4,1,0,0,0,0,0,0,0,0,0,0
450178,1,1,0,0,0,0,0,0,0,0,0,0
450178,2,1,0,0,0,0,0,0,0,0,0,0
450179,1,1,0,0,0,0,0,0,0,0,0,0
450179,2,1,0,0,0,0,0,0,0,0,0,0
450180,0,1,30,30,30,30,30,30,30,30,30,30
450180,1,1,0,0,15,0,23,0,58,0,0,27
450181,1,1,38,0,8,15,34,21,19,0,14,22
450182,1,1,0,0,0,0,0,0,0,0,0,0
450183,1,1,0,0,0,0,0,0,0,0,0,0
450183,2,1,0,0,0,0,0,0,0,0,0,0
450183,3,1,0,0,0,0,0,0,0,0,0,0
450184,1,1,0,0,0,0,0,0,0,0,0,0
450184,2,1,23,16,0,20,10,9,7,0,15,20
450185,1,1,0,0,0,0,0,0,0,0,0,0
450185,2,1,0,0,0,0,0,0,0,0,0,0
450186,1,1,0,0,0,0,0,0,0,0,0,0
450186,2,1,0,0,0,0,0,0,0,0,0,0
450187,1,1,15,15,15,15,15,15,15,15,15,15
450188,1,1,0,0,0,0,0,0,0,0,0,0
450188,2,1,0,0,0,0,0,0,0,0,0,0
450189,1,1,0,0,0,0,0,0,0,0,0,0
450190,1,1,4,4,4,4,4,4,4,4,4,4
450191,0,1,0,0,0,0,0,0,0,0,0,0
450191,1,1,0,0,0,0,0,0,0,0,0,0
450192,1,1,0,0,0,0,0,0,0,0,0,0
450193,1,1,0,0,0,0,0,0,0,0,0,0
450193,2,1,0,0,0,0,0,0,0,0,0,0
450194,1,1,9,0,0,0,13,0,0,16,0,0
450195,1,1,0,0,0,0,0,0,0,0,0,0
450195,2,1,0,0,0,49,0,0,0,0,0,0
450196,1,1,0,0,0,0,0,0,0,0,0,0
450196,2,1,0,0,0,0,0,0,0,0,0,0
450197,1,1,16,16,16,16,16,16,16,16,16,16
450198,1,1,14,14,14,14,14,14,14,14,14,14
450199,1,1,0,0,0,0,0,0,0,0,0,0
450199,2,1,0,0,0,0,0,0,0,21,0,0
450200,1,1,0,0,27,0,0,0,0,0,0,0
450200,2,1,0,0,0,6,0,0,0,0,0,0
450201,1,1,18,18,18,18,18,18,18,18,18,18
450202,1,1,22,22,22,22,22,22,22,22,22,22
450203,0,1,21,16,15,27,7,27,11,20,17,26
450203,1,1,0,0,0,0,0,0,0,11,0,0
450204,1,1,0,0,6,5,0,0,0,0,0,0
450204,2,1,13,13,13,13,13,13,13,13,13,13
450205,2,1,0,0,0,0,0,0,0,0,0,0
450206,1,1,0,0,0,0,0,0,0,0,0,0
450206,2,1,18,18,18,18,18,18,18,18,18,18
450207,1,1,0,12,0,0,10,0,0,0,0,0
450208,0,1,0,0,0,0,0,0,0,0,0,0
450208,2,1,25,25,25,25,25,25,25,25,25,25
450209,1,1,28,9,0,0,0,0,0,0,0,0
450209,2,1,0,0,0,0,0,0,0,0,0,0
450210,1,1,0,0,0,0,0,0,0,0,0,0
450210,2,1,0,0,0,0,0,0,0,0,0,0
450210,3,1,16,9,16,15,16,12,18,18,3,0
450211,1,1,0,0,0,0,0,0,0,0,0,0
450211,2,1,0,0,0,0,0,0,0,0,0,0
450212,1,1,0,0,15,0,0,0,0,0,8,0
450212,2,1,0,0,0,0,0,11,0,0,0,0
450213,1,1,8,0,0,0,0,0,0,0,0,5
450214,1,1,0,0,0,0,0,0,0,0,0,0
450214,2,1,0,0,0,0,0,0,0,0,0,0
450215,1,1,0,0,0,0,0,0,0,0,0,0
450215,2,1,0,0,0,0,0,0,0,0,0,0
450216,1,1,0,0,0,0,0,0,0,0,0,0
450217,1,1,0,0,0,0,0,0,0,0,0,0
450218,1,1,0,0,0,0,0,0,0,0,0,0
450218,2,1,18,18,18,18,18,18,18,18,18,18
450219,0,1,0,0,0,0,0,0,0,0,0,0
450219,1,1,0,0,0,0,0,0,0,0,0,0
450220,1,1,17,17,17,17,17,17,17,17,17,17
450221,1,1,0,0,0,0,0,0,0,0,17,0
450221,2,1,10,10,10,10,10,10,10,10,10,10
450222,1,1,6,0,0,0,0,0,8,0,0,0
450223,1,1,0,0,0,0,0,0,0,0,0,0
450223,2,1,2,17,6,11,7,14,15,20,15,7
450224,1,1,21,21,21,21,21,21,21,21,21,21
450225,0,1,0,0,0,0,0,0,0,0,0,0
450225,1,1,0,0,0,0,0,0,0,0,23,0
450226,1,1,0,0,0,0,0,0,0,0,0,0
450227,1,1,3,3,3,3,3,3,3,3,3,3
450228,1,1,0,0,0,0,13,0,0,0,0,0
450229,0,1,0,0,0,0,0,0,0,0,0,0
450229,1,1,0,0,0,0,0,0,0,0,0,0
450230,1,1,0,0,0,0,2,0,0,0,0,0
450230,2,1,9,9,9,9,9,9,9,9,9,9
450231,0,1,21,21,21,21,21,21,21,21,21,21
450231,1,1,0,0,19,0,0,0,0,0,0,16
450232,1,1,0,0,0,0,0,0,0,0,0,0
450232,2,1,0,0,0,0,0,0,0,0,13,12
450232,3,1,0,0,0,0,0,13,25,0,0,0
450232,4,1,0,0,0,0,0,0,15,0,0,0
450233,1,1,0,0,0,0,0,0,0,0,0,0
450233,2,1,0,0,0,0,0,0,0,15,0,0
450234,1,1,0,0,0,0,0,0,0,0,0,0
450235,1,1,17,17,17,17,17,17,17,17,17,17
450236,1,1,0,0,10,0,0,0,0,0,11,0
450236,2,1,0,0,0,0,26,0,0,0,0,0
450237,1,1,6,6,6,6,6,6,6,6,6,6
450238,1,1,0,0,0,0,0,0,0,0,0,0
450238,2,1,0,0,0,0,0,0,0,0,0,0
450239,1,1,0,0,0,0,0,0,0,0,0,0
450240,1,1,34,34,34,34,34,34,34,34,34,34
450241,1,1,0,0,0,0,0,0,0,0,0,0
450241,2,1,0,19,21,0,0,0,0,0,0,0
450242,1,1,0,24,0,0,0,0,0,0,0,0
450242,2,1,0,0,0,0,0,0,0,0,0,0
450243,1,1,0,0,0,0,0,0,0,0,0,0
450243,2,1,0,0,0,0,0,0,0,0,0,0
450244,0,1,18,0,0,0,0,0,0,0,0,0
450244,1,1,0,0,0,0,0,0,0,0,0,0
450245,1,1,0,0,0,0,0,0,0,0,0,0
450246,1,1,0,0,0,0,0,0,0,0,0,0
450246,2,1,11,11,11,11,11,11,11,11,11,11
450247,1,1,0,0,0,0,0,0,0,0,0,0
450247,2,1,17,17,17,17,17,17,17,17,17,17
450248,0,1,39,39,39,39,39,39,39,39,39,39
450248,1,1,0,0,0,0,0,0,0,0,0,16
450249,1,1,0,0,0,0,0,0,0,0,0,0
450249,2,1,0,0,0,0,0,0,0,0,0,0
450250,1,1,13,13,13,13,13,13,13,13,13,13
450250,2,1,0,11,0,0,16,0,0,0,0,0
450251,1,1,0,0,0,0,0,0,0,0,0,0
450251,2,1,0,0,0,0,0,0,0,0,0,0
450252,1,1,0,0,0,0,0,0,0,0,0,0
450253,1,1,0,0,0,0,0,0,0,0,0,0
450254,1,1,25,25,25,25,25,25,25,25,25,25
450255,1,1,9,9,9,9,9,9,9,9,9,9
450256,1,1,14,9,19,10,24,4,10,13,7,10
450257,1,1,22,0,0,9,0,14,0,15,0,18
450258,1,1,25,25,25,25,25,25,25,25,25,25
450259,1,1,0,0,0,0,0,0,0,0,0,0
450259,2,1,0,0,0,0,0,0,0,0,0,0
450259,3,1,0,0,0,0,0,0,0,0,0,0
450260,1,1,7,7,7,7,7,7,7,7,7,7
450260,2,1,9,12,0,13,0,12,2,14,0,11
450261,1,1,8,8,8,8,8,8,8,8,8,8
450262,1,1,0,0,0,0,0,0,0,0,0,0
450262,2,1,0,0,0,0,0,0,0,0,0,0
450263,0,1,0,0,0,0,0,0,0,0,0,0
450263,1,1,6,6,6,6,6,6,6,6,6,6
450264,1,1,13,13,13,13,13,13,13,13,13,13
450265,1,1,2,2,2,2,2,2,2,2,2,2
450265,2,1,14,14,14,14,14,14,14,14,14,14
450266,1,1,0,0,0,0,0,0,0,0,0,0
450266,2,1,0,0,0,0,0,0,0,0,0,0
450267,1,1,0,0,0,0,0,0,0,0,0,0
450267,2,1,0,0,0,0,0,0,0,0,0,0
450268,1,1,0,0,0,0,0,0,0,0,0,0
450268,2,1,0,0,0,0,0,0,0,0,0,0
450268,3,1,0,0,0,0,0,0,0,0,0,0
450269,1,1,18,18,18,18,18,18,18,18,18,18
450270,1,1,0,0,16,0,0,0,0,0,0,13
450270,2,1,0,13,0,0,0,0,0,0,0,0
450271,1,1,3,12,0,8,22,19,24,5,7,10
450271,2,1,7,7,7,7,7,7,7,7,7,7
450272,2,1,0,0,0,0,0,5,0,0,5,25
450272,3,1,0,0,0,0,0,0,0,16,0,0
450273,1,1,15,15,15,15,15,15,15,15,15,15
450274,1,1,0,0,0,0,0,0,0,0,0,0
450275,1,1,13,13,13,13,13,13,13,13,13,13
450276,1,1,0,0,0,0,0,0,0,0,0,0
450276,2,1,0,0,0,0,0,0,0,0,0,0
450277,1,1,0,0,10,11,0,21,0,15,0,0
450278,1,1,17,17,17,17,17,17,17,17,17,17
450279,1,1,0,0,0,0,0,0,0,0,0,0
450279,2,1,0,0,0,0,0,0,0,0,0,0
450280,1,1,23,23,23,23,23,23,23,23,23,23
450281,1,1,0,0,0,0,0,0,0,0,0,0
450281,2,1,15,15,15,15,15,15,15,15,15,15
450282,1,1,0,0,0,0,0,0,0,0,0,0
450283,1,1,0,0,0,27,0,0,10,7,0,0
450284,1,1,0,0,0,0,15,0,0,0,7,0
450284,2,1,0,0,0,0,0,0,0,0,0,0
450285,1,1,0,0,0,0,0,0,0,0,0,0
450286,0,1,0,0,0,0,0,0,0,0,0,0
450286,3,1,0,0,0,0,0,0,0,0,0,0
450287,0,1,0,0,0,0,0,0,0,0,0,0
450287,1,1,0,0,0,0,0,0,0,0,0,0
450288,1,1,0,0,0,0,0,0,0,0,0,0
450288,2,1,0,0,0,0,0,0,0,0,0,0
450289,1,1,0,0,0,0,0,0,0,0,0,0
450289,2,1,0,0,0,0,0,0,0,0,0,0
450290,1,1,21,21,21,21,21,21,21,21,21,21
450291,1,1,0,0,0,0,15,0,0,20,0,0
450292,1,1,17,17,17,17,17,17,17,17,17,17
450293,1,1,19,19,19,19,19,19,19,19,19,19
450294,1,1,0,0,0,0,0,0,0,0,0,0
450294,2,1,0,0,0,0,0,0,0,0,0,0
450295,1,1,13,13,13,13,13,13,13,13,13,13
450295,2,1,0,0,0,0,0,0,0,0,0,0
450296,1,1,0,0,0,0,0,0,0,0,0,0
450296,2,1,0,0,0,0,0,0,0,0,0,0
450297,0,1,0,0,0,0,0,0,0,0,0,0
450297,1,1,0,0,0,0,0,0,0,0,0,0
450298,1,1,0,0,0,14,0,0,17,0,0,0
450298,2,1,30,30,30,30,30,30,30,30,30,30
450299,1,1,0,0,0,0,0,0,0,0,0,0
450300,1,1,0,0,0,0,12,0,0,22,0,0
450301,0,1,0,0,0,52,0,0,0,34,16,10
450301,1,1,0,0,0,0,0,0,0,8,0,0
450302,1,1,0,0,0,0,0,0,0,0,0,0
450302,2,1,0,0,0,0,4,0,0,0,0,0
450303,0,1,0,0,0,0,0,0,0,0,0,0
450303,1,1,0,5,0,0,0,0,0,0,0,0
450304,1,1,0,0,0,0,0,0,0,0,0,0
450305,1,1,0,0,0,0,0,0,0,0,0,0
450306,1,1,0,0,0,0,0,0,0,0,0,0
450307,1,1,0,0,0,0,0,0,0,0,0,0
450307,2,1,13,0,0,0,0,0,0,0,0,0
450308,1,1,0,21,0,0,14,0,19,0,0,18
450309,1,1,0,0,0,0,0,0,0,0,0,0
450310,1,1,0,0,0,0,0,0,0,0,0,0
450310,2,1,0,0,0,0,0,0,0,0,0,0
450311,1,1,0,0,0,0,0,0,0,0,0,0
450311,2,1,0,0,0,0,0,0,0,0,0,0
450312,1,1,0,0,0,0,0,0,0,0,0,0
450312,2,1,0,0,0,0,0,0,0,0,0,0
450313,1,1,17,17,17,17,17,17,17,17,17,17
450313,2,1,14,0,0,15,22,0,0,0,4,0