ST_CASE,VEH_NO,PER_NO,P1,P2,P3,P4,P5,P6,P7,P8,P9,P10
470207,1,1,0,0,0,0,0,0,0,0,0,21
470207,2,1,0,0,0,0,0,0,0,0,0,0
470208,1,1,0,0,0,0,0,0,0,0,0,0
470208,2,1,0,0,0,0,0,0,0,0,0,0
470209,1,1,0,0,0,0,0,0,0,0,0,0
470210,1,1,0,0,0,0,0,0,0,0,0,0
470211,1,1,0,0,0,0,0,0,0,0,0,0
470211,2,1,0,0,0,0,0,0,0,0,0,0
470212,1,1,0,0,0,0,0,0,0,0,0,0
470212,2,1,0,0,0,0,0,0,0,0,0,0
470213,1,1,0,0,0,0,0,0,0,0,0,0
470213,2,1,0,0,0,0,0,0,0,0,0,0
470214,1,1,10,10,10,10,10,10,10,10,10,10
470215,0,1,0,0,0,0,0,0,0,0,0,0
470215,1,1,10,10,10,10,10,10,10,10,10,10
470216,1,1,0,9,0,0,0,0,0,0,0,0
470216,2,1,0,0,0,0,0,0,0,0,0,0
470217,1,1,20,20,20,20,20,20,20,20,20,20
470217,2,1,7,7,7,7,7,7,7,7,7,7
470218,1,1,0,0,0,0,0,0,0,0,0,21
470219,0,1,0,0,0,0,0,0,0,0,0,0
470219,1,1,12,0,0,0,0,0,18,0,0,36
470220,1,1,0,0,0,0,0,0,0,0,0,0
470221,1,1,7,0,0,0,0,0,0,0,0,18
470222,1,1,0,0,0,0,0,0,0,0,0,0
470223,1,1,9,9,9,9,9,9,9,9,9,9
470224,1,1,0,0,0,0,0,0,0,0,0,0
470224,2,1,0,0,0,0,0,0,0,0,0,0
470225,1,1,0,0,0,27,0,0,0,15,0,0
470226,1,1,0,0,0,0,0,0,0,0,0,0
470226,2,1,0,0,0,0,0,0,0,0,0,0
470227,1,1,0,0,0,0,0,0,0,0,0,0
470227,2,1,0,0,0,0,0,0,0,0,0,0
470227,3,1,0,0,0,0,0,0,0,0,0,0
470228,1,1,0,0,0,0,0,0,0,0,0,0
470228,2,1,0,0,0,0,0,0,0,0,0,0
470229,0,1,0,24,0,0,6,0,0,0,0,14
470229,1,1,0,0,0,0,5,0,0,0,0,0
470230,1,1,0,0,0,0,0,0,0,0,0,0
470230,2,1,0,0,18,0,0,0,0,0,0,0
470231,1,1,0,0,0,0,0,0,0,0,0,0
470231,2,1,0,0,0,0,0,0,0,0,0,0
470232,1,1,0,0,0,0,0,0,0,0,0,0
470232,2,1,0,0,0,0,0,0,0,0,0,0
470233,1,1,0,0,0,0,0,0,0,0,0,0
470233,2,1,0,0,0,0,0,0,0,0,0,0
470234,1,1,0,0,0,0,0,0,0,0,0,0
470234,2,1,5,5,5,5,5,5,5,5,5,5
470235,1,1,0,0,0,0,0,0,0,0,0,0
470235,2,1,0,0,0,0,0,0,0,0,0,0
470235,3,1,0,0,0,0,0,0,0,0,0,0
470236,1,1,0,0,0,0,0,0,0,0,0,0
470236,2,1,4,4,4,4,4,4,4,4,4,4
470237,1,1,0,0,0,0,0,0,0,0,0,0
470238,1,1,0,0,0,0,0,0,0,0,0,0
470238,2,1,0,0,0,0,0,0,0,0,0,0
470239,0,1,0,0,0,0,0,0,0,0,0,0
470239,1,1,0,0,18,0,0,0,0,0,0,14
470240,1,1,0,0,17,35,0,0,0,0,0,0
470241,1,1,0,0,0,0,0,0,0,0,0,0
470241,2,1,0,0,0,0,0,0,0,0,0,0
470242,1,1,0,0,0,0,0,0,0,0,0,0
470242,2,1,0,0,0,0,0,0,0,0,0,0
470243,1,1,0,0,0,0,0,0,0,0,0,0
470243,2,1,0,0,0,0,32,0,0,0,0,0
470244,1,1,0,0,0,0,0,0,0,0,0,0
470244,2,1,0,0,0,0,0,0,0,0,0,0
470244,3,1,0,0,0,0,0,0,0,0,0,0
470245,1,1,15,0,7,0,0,0,0,0,13,0
470245,2,1,0,0,0,0,0,0,0,0,0,0
470246,1,1,0,0,0,0,0,0,0,0,0,24
470246,2,1,20,20,20,20,20,20,20,20,20,20
470247,1,1,0,0,0,0,0,0,0,16,0,0
470248,1,1,25,25,25,25,25,25,25,25,25,25
470248,2,1,0,0,0,0,0,0,0,0,0,0
470249,1,1,0,25,0,9,0,0,0,0,6,0
470249,2,1,0,0,0,0,0,0,0,0,0,0
470250,1,1,0,0,0,0,0,20,0,0,0,0
470251,1,1,0,0,0,0,0,0,0,0,0,0
470252,1,1,0,0,0,0,0,0,0,0,0,0
470252,2,1,0,0,0,0,0,0,0,0,0,0
470253,1,1,23,23,23,23,23,23,23,23,23,23
470254,0,1,31,0,0,8,0,0,0,0,0,0
470254,1,1,0,0,0,8,0,0,0,0,0,0
470255,1,1,0,0,0,0,0,0,0,0,0,0
470255,2,1,0,0,0,0,0,0,0,0,0,0
470255,3,1,0,0,0,0,0,0,0,0,0,0
470256,0,1,0,0,0,0,0,0,0,0,0,0
470256,1,1,0,0,0,0,0,0,0,0,0,0
470257,1,1,0,0,0,0,0,0,0,0,0,0
470257,2,1,0,0,0,0,0,0,0,0,0,0
470258,1,1,0,0,0,0,0,0,0,0,0,0
470259,1,1,0,0,0,0,0,0,0,0,0,0
470259,2,1,0,0,0,0,0,0,0,0,0,0
470260,1,1,0,0,7,0,0,0,0,0,0,0
470260,2,1,0,0,0,0,0,0,0,0,0,0
470261,1,1,12,27,0,0,15,0,0,0,2,1
470261,2,1,0,0,0,0,0,0,0,0,0,0
470261,3,1,0,0,0,0,0,0,0,0,0,0
470261,4,1,0,0,0,0,0,0,0,0,0,0
470262,1,1,25,25,25,25,25,25,25,25,25,25
470263,1,1,0,0,0,0,0,0,0,0,0,0
470263,2,1,0,0,0,0,8,0,0,0,0,0
470264,1,1,0,0,0,0,0,0,0,0,0,0
470264,2,1,0,0,0,0,0,0,0,0,0,0
470264,3,1,0,0,0,0,0,0,0,0,0,0
470265,1,1,0,0,0,9,7,13,0,0,0,0
470265,2,1,0,0,0,0,0,0,0,0,0,0
470266,0,1,32,32,32,32,32,32,32,32,32,32
470266,1,1,0,0,0,0,0,18,0,0,0,0
470267,1,1,0,20,0,0,0,0,0,0,0,0
470268,0,1,0,0,0,0,0,9,0,0,0,0
470268,0,2,8,8,8,8,8,8,8,8,8,8
470268,1,1,0,0,0,0,0,0,0,0,0,0
470269,1,1,21,21,21,21,21,21,21,21,21,21
470270,1,1,0,0,0,19,18,0,0,0,0,0
470271,1,1,0,0,0,0,0,0,0,0,0,0
470271,2,1,0,0,0,0,0,0,0,0,0,0
470271,3,1,0,0,0,0,0,0,0,0,0,0
470271,4,1,0,0,0,0,0,0,0,0,10,0
470272,1,1,0,0,0,0,0,0,0,0,0,0
470272,2,1,0,0,0,0,0,0,0,0,0,0
470273,1,1,18,18,18,18,18,18,18,18,18,18
470273,2,1,5,5,5,5,5,5,5,5,5,5
470273,3,1,0,0,0,0,0,0,0,0,0,0
470274,1,1,18,18,18,18,18,18,18,18,18,18
470276,1,1,0,0,0,0,0,0,0,24,0,0
470276,2,1,0,0,7,0,0,0,0,0,0,0
470278,1,1,0,0,0,0,0,0,0,0,0,0
470279,1,1,2,2,2,2,2,2,2,2,2,2
470280,1,1,22,15,0,36,0,23,14,22,16,15
470281,1,1,0,0,0,0,0,0,0,0,0,10
470281,2,1,0,0,0,0,0,0,0,0,0,0
470282,1,1,0,0,0,0,0,0,0,0,0,0
470282,2,1,0,0,0,0,0,0,0,0,0,0
470283,1,1,0,0,0,0,0,0,0,0,0,0
470283,2,1,0,0,0,0,0,0,0,0,0,0
470284,0,1,17,0,15,0,27,0,27,26,6,5
470284,1,1,0,26,0,0,0,0,0,0,0,0
470285,1,1,0,0,0,0,0,0,0,0,0,0
470285,2,1,0,0,0,0,0,0,0,0,0,0
470285,3,1,0,0,0,0,0,0,0,0,0,0
470286,0,1,8,8,8,8,8,8,8,8,8,8
470286,1,1,0,10,0,0,0,25,0,0,0,24
470286,2,1,0,0,0,0,0,0,10,0,0,8
470287,1,1,0,0,0,0,0,0,0,0,0,0
470288,1,1,0,0,0,0,0,0,0,0,0,0
470289,1,1,0,0,0,0,0,0,0,0,0,0
470289,2,1,0,0,0,0,0,0,0,0,0,0
470290,1,1,0,0,0,0,25,0,0,7,10,0
470291,1,1,0,0,0,0,0,0,0,0,0,0
470291,2,1,0,0,0,0,0,0,0,0,0,0
470293,1,1,11,11,11,11,11,11,11,11,11,11
470293,2,1,0,0,0,0,11,0,0,0,0,0
470294,1,1,0,0,0,0,0,0,0,0,0,0
470294,2,1,0,0,0,0,0,0,0,0,0,0
470294,3,1,0,0,0,0,0,0,0,0,0,0
470295,0,1,15,4,21,25,10,29,0,0,0,0
470295,2,1,0,0,0,0,0,0,0,0,0,0
470296,1,1,0,0,0,0,0,0,0,0,0,0
470296,3,1,0,0,0,0,0,2,0,0,0,0
470296,4,1,0,0,0,31,0,0,0,0,0,0
470296,6,1,0,0,0,0,0,0,0,0,0,0
470297,1,1,0,0,0,0,0,0,0,0,0,0
470297,2,1,0,0,0,0,0,0,0,0,0,0
470298,1,1,0,0,0,0,0,0,0,0,0,0
470298,2,1,0,0,0,0,0,0,0,0,0,0
470299,1,1,0,0,0,0,0,0,0,0,0,0
470300,1,1,39,39,39,39,39,39,39,39,39,39
470301,1,1,0,0,0,0,0,0,0,0,0,0
470301,2,1,0,0,0,0,0,0,0,0,0,0
470302,1,1,0,0,0,0,0,0,0,0,0,0
470303,1,1,0,0,0,0,0,0,0,0,0,0
470304,1,1,22,22,22,22,22,22,22,22,22,22
470305,1,1,0,0,19,0,0,0,0,0,0,0
470306,1,1,0,0,0,0,0,0,0,0,0,0
470307,1,1,0,0,0,0,0,0,0,0,0,0
470307,2,1,0,0,0,0,0,0,0,0,0,0
470308,1,1,0,0,0,0,0,0,0,0,0,0
470308,2,1,0,0,0,0,0,0,0,0,0,0
470309,1,1,17,17,17,17,17,17,17,17,17,17
470310,1,1,0,0,0,0,0,0,8,0,0,0
470311,1,1,0,0,0,0,0,0,0,0,0,0
470312,1,1,15,15,15,15,15,15,15,15,15,15
470313,1,1,22,22,22,22,22,22,22,22,22,22
470314,1,1,0,0,0,0,0,0,0,0,0,0
470315,1,1,0,0,0,0,38,0,0,0,0,0
470315,2,1,0,0,0,0,0,0,0,0,0,0
470315,3,1,0,0,0,0,0,0,0,0,0,0
470316,1,1,0,0,0,0,0,0,0,0,0,0
470316,2,1,0,0,0,0,0,0,0,14,0,0
470316,3,1,0,0,0,0,0,0,0,0,0,0
470316,4,1,0,0,0,5,0,0,0,0,0,0
470316,5,1,0,0,0,0,0,10,0,0,0,0
470317,1,1,0,0,0,0,0,0,0,0,0,0
470318,1,1,0,0,0,0,0,0,0,0,0,0
470318,2,1,0,0,0,0,0,0,0,0,0,0
470319,1,1,27,27,27,27,27,27,27,27,27,27
470319,2,1,0,0,0,0,0,0,0,0,0,0
470320,1,1,0,0,0,0,19,0,30,0,0,0
470321,1,1,0,0,0,0,0,0,0,0,0,0
470321,2,1,0,0,0,0,0,0,0,0,0,0
470321,3,1,0,0,0,0,0,0,0,0,0,0
470322,1,1,0,0,0,0,0,0,0,0,0,0
470322,2,1,0,0,0,0,0,0,0,0,0,0
470323,0,1,0,0,0,0,0,0,0,0,0,0
470323,1,1,0,0,0,0,0,0,0,0,0,0
470324,1,1,33,33,33,33,33,33,33,33,33,33
470325,1,1,0,31,14,16,7,20,19,14,27,0
470326,1,1,0,0,0,0,0,0,0,0,0,0
470327,1,1,0,0,0,0,0,0,0,0,0,0
470327,2,1,0,0,0,0,0,0,0,0,0,0
470328,1,1,11,11,11,11,11,11,11,11,11,11
470329,1,1,0,0,0,0,0,0,0,0,0,0
470330,1,1,0,0,0,0,0,0,0,0,0,0
470331,1,1,0,0,0,0,0,0,0,0,0,11
470332,1,1,0,0,0,0,0,0,0,0,0,0
470333,1,1,0,0,0,0,0,0,0,0,0,0
470333,2,1,0,0,0,0,0,0,0,0,0,0
470334,0,1,0,0,0,0,0,0,0,0,0,0
470334,1,1,0,0,0,0,0,0,0,0,0,0
470335,0,1,0,0,0,0,0,0,0,0,0,0
470335,1,1,0,0,0,0,0,0,0,0,0,0
470335,2,1,0,0,17,0,9,0,0,25,7,22
470336,1,1,0,0,0,0,0,0,0,0,0,0
470336,2,1,0,0,0,0,0,0,0,0,0,0
470337,1,1,0,0,0,0,0,0,0,0,0,0
470338,1,1,19,19,19,19,19,19,19,19,19,19
470339,0,1,0,0,0,0,0,0,0,0,0,0
470339,1,1,0,0,0,0,0,0,0,0,0,0
470340,0,1,0,0,0,0,0,0,0,0,0,0
470340,1,1,0,0,0,0,0,0,0,0,0,0
470341,1,1,0,0,0,0,0,0,0,0,0,0
470342,1,1,29,29,29,29,29,29,29,29,29,29
470343,1,1,0,0,0,0,0,0,0,0,0,9
470343,2,1,26,26,26,26,26,26,26,26,26,26
470344,1,1,0,0,0,0,0,0,0,0,0,0
470344,2,1,0,0,0,0,0,0,0,0,0,0
470344,3,1,0,0,0,0,0,0,0,0,0,0
470345,1,1,0,0,0,0,0,0,0,0,0,0
470345,2,1,0,0,0,0,0,0,0,0,0,0
470345,3,1,0,0,0,0,0,0,0,0,0,0
470346,1,1,0,0,0,38,24,0,0,0,0,0
470347,1,1,8,8,8,8,8,8,8,8,8,8
470348,1,1,0,0,0,0,0,0,0,0,0,0
470349,1,1,0,0,0,0,0,0,0,0,0,0
470349,2,1,0,0,0,0,0,0,0,0,0,0
470350,1,1,0,0,0,0,0,0,0,0,0,0
470350,2,1,0,0,0,0,0,0,0,0,0,0
470351,1,1,13,13,13,13,13,13,13,13,13,13
470352,1,1,0,0,0,0,0,0,0,0,0,0
470352,2,1,0,0,0,0,0,0,0,0,0,0
470353,1,1,27,27,27,27,27,27,27,27,27,27
470354,1,1,0,0,0,0,0,0,0,0,0,0
470354,2,1,0,0,0,0,0,0,0,0,0,0
470355,1,1,0,0,0,0,0,0,0,0,0,0
470356,1,1,3,3,3,3,3,3,3,3,3,3
470356,2,1,26,0,0,13,0,0,0,5,0,0
470357,0,1,20,20,20,20,20,20,20,20,20,20
470357,1,1,0,0,0,0,0,12,0,0,0,0
470357,2,1,39,0,0,46,8,0,0,0,0,12
470358,1,1,28,28,28,28,28,28,28,28,28,28
470359,1,1,0,0,0,0,0,0,0,0,0,0
470360,1,1,0,0,0,0,0,0,0,0,0,0
470361,1,1,0,0,0,0,0,0,0,0,0,2
470362,1,1,0,0,0,0,0,0,0,0,0,0
470363,1,1,0,0,0,0,0,0,0,0,0,0
470364,1,1,0,0,0,0,0,0,0,0,0,0
470364,2,1,0,0,0,0,0,0,0,0,0,0
470364,3,1,0,0,0,0,0,0,0,0,0,0
470365,1,1,0,0,0,0,0,0,0,0,0,0
470366,0,1,16,16,16,16,16,16,16,16,16,16
470366,1,1,0,0,0,0,0,0,0,0,0,0
470368,1,1,0,0,0,0,0,0,0,0,0,0
470369,1,1,11,11,11,11,11,11,11,11,11,11
470370,1,1,22,35,21,25,18,0,10,4,11,23
470371,0,1,12,0,17,44,15,0,36,0,0,10
470371,1,1,13,26,17,0,0,0,24,31,19,9
470372,1,1,0,0,0,0,0,0,0,0,0,0
470373,1,1,0,0,0,0,0,0,0,0,0,0
470373,2,1,0,0,0,0,0,0,0,0,0,0
470374,1,1,13,13,13,13,13,13,13,13,13,13
470374,2,1,0,0,0,0,0,0,0,0,0,12
470375,0,1,0,0,0,0,0,0,0,0,0,0
470375,1,1,0,0,0,0,0,0,0,0,0,0
470376,1,1,0,8,0,0,0,0,0,0,0,0
470376,2,1,13,0,3,0,0,0,0,0,0,7
470377,1,1,0,0,0,0,0,0,0,0,0,0
470377,2,1,0,0,0,0,0,0,0,0,0,0
470378,1,1,0,0,0,0,0,0,0,0,0,0
470378,2,1,0,0,0,0,0,0,0,0,0,0
470378,3,1,0,0,0,23,0,0,0,17,0,0
470378,4,1,0,0,0,0,0,0,0,0,0,0
470379,1,1,0,0,0,0,0,0,0,0,0,0
470379,2,1,0,0,0,0,0,0,0,0,0,0
470380,1,1,14,14,14,14,14,14,14,14,14,14
470382,1,1,0,0,0,11,24,0,0,0,27,0
470383,1,1,0,0,0,0,0,0,0,0,0,0
470383,2,1,0,0,0,0,0,0,0,0,0,0
470384,1,1,0,0,0,0,0,0,0,0,0,0
470385,1,1,0,0,0,0,0,0,0,0,0,0
470385,2,1,0,0,0,0,0,0,0,0,0,0
470386,1,1,0,0,0,0,0,0,0,0,0,0
470387,1,1,0,0,0,0,0,0,0,0,0,0
470387,2,1,0,0,0,0,0,0,0,0,0,0
470388,1,1,0,7,0,39,8,0,0,0,0,0
470388,2,1,0,0,0,0,0,23,0,0,0,0
470389,1,1,0,0,0,0,0,0,0,0,0,0
470389,2,1,0,0,0,0,0,0,0,0,0,0
470389,3,1,0,0,0,0,0,0,0,0,0,0
470389,4,1,0,0,0,0,0,0,0,0,0,0
470389,5,1,0,0,0,0,0,0,0,0,0,0
470389,6,1,17,0,0,0,0,0,0,0,0,0
470389,7,1,0,0,0,0,0,0,0,0,0,0
470389,8,1,0,0,0,0,0,0,0,0,0,0
470389,9,1,0,0,0,0,0,0,0,0,0,0
470390,1,1,25,25,25,25,25,25,25,25,25,25
470391,1,1,2,2,2,2,2,2,2,2,2,2
470391,2,1,0,0,0,0,0,0,0,0,0,0
470392,1,1,29,29,29,29,29,29,29,29,29,29
470393,1,1,9,0,0,3,0,0,0,13,0,6
470393,2,1,0,0,0,0,0,0,0,0,0,0
470394,1,1,19,19,19,19,19,19,19,19,19,19
470395,1,1,20,20,20,20,20,20,20,20,20,20
470395,2,1,7,7,7,7,7,7,7,7,7,7
470396,1,1,0,0,0,0,0,0,0,0,0,0
470397,1,1,0,12,0,9,0,0,0,0,0,0
470397,2,1,0,0,0,0,0,0,0,0,0,0
470398,1,1,0,0,0,0,0,0,0,0,0,0
470399,1,1,20,20,20,20,20,20,20,20,20,20
470400,1,1,0,0,0,0,0,0,0,0,0,0
470401,1,1,0,12,15,25,24,18,31,0,8,27
470402,1,1,18,18,18,18,18,18,18,18,18,18
470403,1,1,0,0,0,0,0,0,0,0,0,0
470404,1,1,0,0,0,0,0,0,0,0,0,0
470405,1,1,0,0,0,0,0,0,0,0,0,0
470406,1,1,14,14,14,14,14,14,14,14,14,14
470407,1,1,0,0,0,0,0,0,0,0,0,0
470408,1,1,0,0,0,0,0,0,0,0,0,0
470409,1,1,0,0,0,0,0,0,0,0,0,0
470409,2,1,0,0,0,0,0,0,0,0,0,0
470409,3,1,0,0,0,0,0,0,0,0,0,0
470410,1,1,0,0,18,0,0,0,0,7,0,0
470411,1,1,0,0,0,0,0,0,0,0,0,0
470411,2,1,0,0,0,0,0,0,0,0,0,0
470412,1,1,13,13,13,13,13,13,13,13,13,13
470413,1,1,24,24,24,24,24,24,24,24,24,24
470414,1,1,15,15,15,15,15,15,15,15,15,15
470414,2,1,0,0,0,0,0,0,0,0,0,0
470414,3,1,0,0,0,0,0,0,0,0,0,0
470415,1,1,1,1,1,1,1,1,1,1,1,1
470415,2,1,0,0,0,0,0,0,0,0,0,0
470416,1,1,0,0,0,0,0,0,0,0,0,0
470417,1,1,0,0,0,0,0,0,0,0,0,0
470418,1,1,0,0,0,0,0,0,0,0,0,0
470421,0,1,0,0,0,0,0,0,0,0,0,0
470421,0,2,0,0,0,0,0,0,0,0,0,0
470421,1,1,0,0,0,0,0,0,0,0,0,0
470422,1,1,16,16,16,16,16,16,16,16,16,16
470422,2,1,0,0,0,0,0,0,0,0,0,0
470423,1,1,0,0,0,0,0,0,0,0,0,0
470424,1,1,4,4,4,4,4,4,4,4,4,4
470425,1,1,4,4,4,4,4,4,4,4,4,4
470425,2,1,0,0,0,9,0,0,0,0,0,0
470426,1,1,0,0,0,0,0,0,0,0,0,0
470426,2,1,0,0,0,0,0,0,0,0,0,0
470427,1,1,0,0,0,0,0,0,0,0,0,0
470428,1,1,22,22,22,22,22,22,22,22,22,22
470429,1,1,0,0,0,0,0,0,0,0,0,0
470430,1,1,0,0,0,0,0,0,0,0,0,0
470431,1,1,22,31,0,0,0,0,0,0,0,0
470431,2,1,0,0,0,0,30,0,0,0,0,0
470432,1,1,0,0,0,0,0,0,0,0,0,0
470432,2,1,0,0,0,0,0,0,0,0,0,0
470432,3,1,0,0,0,0,0,0,0,0,0,0
470432,4,1,0,0,0,0,0,0,0,0,0,0
470433,0,1,0,0,0,0,0,0,0,0,0,0
470433,1,1,0,0,0,0,0,0,0,0,0,0
470433,2,1,0,0,0,0,0,0,0,0,0,0
470434,0,1,22,22,22,22,22,22,22,22,22,22
470434,1,1,0,0,0,0,0,0,0,0,0,0
470435,1,1,0,0,0,0,0,0,0,0,0,0
470435,2,1,0,0,8,0,0,0,0,0,0,0
470435,3,1,0,0,5,0,17,0,0,18,0,0
470437,1,1,0,0,0,0,0,0,0,0,0,0
470437,2,1,0,0,0,10,0,0,0,0,0,0
470438,1,1,0,8,0,0,0,0,0,16,0,0
470439,1,1,0,0,0,0,0,0,0,0,0,0
470439,2,1,0,0,0,0,0,0,0,0,0,0
470440,1,1,0,0,0,0,0,0,0,0,0,0
470441,0,1,9,9,9,9,9,9,9,9,9,9
470441,1,1,0,37,19,13,2,0,0,0,9,20
470442,1,1,0,0,0,0,0,0,0,0,0,0
470442,2,1,0,0,0,0,0,0,0,0,0,0
470443,1,1,0,0,0,0,0,0,0,0,0,0
470443,2,1,12,0,0,0,0,0,0,0,0,0
470445,1,1,0,0,0,0,0,0,0,0,0,0
470447,1,1,20,20,20,20,20,20,20,20,20,20
470448,1,1,0,0,0,0,0,0,0,0,26,0
470448,2,1,0,0,0,0,0,0,0,0,0,0
470450,1,1,0,0,0,0,0,0,0,0,0,0
470450,2,1,0,0,0,0,0,0,0,0,0,0
470451,1,1,0,0,0,0,0,0,0,0,0,0
470453,1,1,10,10,10,10,10,10,10,10,10,10
470454,1,1,28,28,28,28,28,28,28,28,28,28
470455,1,1,0,0,0,0,0,0,0,0,0,0
470455,2,1,0,0,0,0,0,0,0,0,0,0
470456,0,1,29,29,29,29,29,29,29,29,29,29
470456,1,1,0,0,0,0,0,0,14,0,0,0
470457,1,1,0,0,0,0,0,0,0,0,0,0
470457,2,1,0,0,0,0,0,0,0,0,0,0
470458,1,1,0,0,0,0,0,0,0,0,0,0
470459,1,1,6,6,6,6,6,6,6,6,6,6
470461,0,1,0,0,0,0,0,0,0,0,0,0
470461,1,1,0,0,0,0,0,0,0,0,0,0
470462,1,1,0,6,0,0,0,0,0,0,0,0
470463,1,1,0,0,0,0,0,0,0,0,0,0
470463,2,1,0,0,0,0,0,0,0,0,0,0
470464,1,1,0,0,0,0,0,0,0,0,0,0
470465,1,1,14,13,18,17,15,24,7,10,8,30
470466,1,1,22,22,22,22,22,22,22,22,22,22
470467,0,1,19,19,19,19,19,19,19,19,19,19
470467,1,1,0,0,0,0,0,0,0,0,20,0
470468,1,1,3,3,3,3,3,3,3,3,3,3
470468,2,1,0,0,0,0,0,0,0,0,0,0
470469,1,1,0,0,0,0,0,0,0,0,0,0
470469,2,1,0,0,0,0,0,0,0,0,0,0
470469,3,1,0,0,0,0,0,0,0,0,0,0
470469,4,1,0,0,0,0,0,0,0,0,0,0
470470,0,1,0,0,0,0,0,0,0,0,0,0
470470,0,2,0,0,0,0,0,0,0,0,0,0
470470,1,1,0,0,0,0,0,0,0,0,0,0
470471,1,1,26,26,26,26,26,26,26,26,26,26
470472,1,1,20,0,25,35,0,0,0,0,0,0
470473,1,1,0,0,0,0,0,0,0,0,0,0
470473,2,1,0,0,0,0,0,0,0,0,0,0
470473,3,1,0,0,0,0,0,0,0,0,0,0
470474,1,1,0,0,0,0,0,0,0,0,0,0
470474,2,1,0,0,0,0,0,0,0,0,0,0
470474,3,1,0,0,0,0,0,0,0,0,0,0
470475,0,1,13,13,13,13,13,13,13,13,13,13
470475,1,1,0,0,0,0,0,0,0,0,0,0
470476,1,1,0,0,0,0,0,0,0,0,0,0
470476,2,1,1,1,1,1,1,1,1,1,1,1
470477,1,1,0,0,0,0,0,0,0,0,0,0
470477,2,1,0,0,0,0,0,0,0,0,0,0
470478,1,1,0,0,0,0,0,0,0,0,0,0
470478,2,1,0,0,0,0,0,0,0,0,0,0
470479,1,1,0,0,0,0,0,0,0,0,0,0
470480,1,1,0,0,0,0,0,0,0,0,0,0
470480,2,1,0,0,0,0,0,0,0,0,0,0
470481,1,1,0,0,0,0,14,29,0,0,0,0
470482,1,1,0,0,14,14,19,26,7,26,15,0
470483,1,1,19,19,19,19,19,19,19,19,19,19
470484,1,1,19,19,19,19,19,19,19,19,19,19
470484,2,1,0,0,0,0,0,0,0,0,0,0
470485,1,1,9,0,0,0,0,0,0,0,0,15
470485,2,1,0,0,0,0,0,0,0,0,0,0
470486,1,1,0,0,0,0,0,0,0,0,0,0
470487,1,1,13,13,13,13,13,13,13,13,13,13
470488,1,1,0,0,0,0,0,0,0,0,0,0
470488,2,1,0,0,0,0,0,0,0,0,0,0
470489,1,1,11,11,11,11,11,11,11,11,11,11
470490,1,1,0,0,0,0,0,0,0,0,5,0
470491,1,1,19,0,17,12,8,8,21,30,28,18
470492,1,1,2,2,2,2,2,2,2,2,2,2
470493,1,1,27,27,27,27,27,27,27,27,27,27
470494,1,1,0,0,0,0,0,0,0,0,0,0
470494,2,1,0,0,0,0,0,0,0,0,0,0
470495,1,1,0,0,0,0,0,0,0,0,0,0
470496,1,1,0,0,0,0,0,0,0,0,0,0
470496,2,1,0,0,0,0,0,0,0,0,0,0
470496,3,1,0,18,0,0,0,0,0,0,0,0
470497,0,1,14,15,31,26,23,20,20,17,31,18
470497,1,1,0,0,0,0,0,0,0,0,0,0
470498,1,1,0,0,0,0,0,0,0,0,0,0
470499,1,1,6,6,6,6,6,6,6,6,6,6
470499,2,1,0,0,0,0,0,0,0,0,0,0
470500,1,1,0,0,17,0,0,0,0,0,0,0
470500,2,1,40,0,0,0,0,0,0,8,0,0
470501,1,1,6,6,6,6,6,6,6,6,6,6
470501,2,1,0,0,0,0,0,0,0,0,0,0
470502,1,1,0,0,0,0,0,0,0,0,0,0
470503,1,1,0,0,0,0,0,0,0,0,0,0
470504,1,1,0,0,0,0,0,0,0,0,0,0
470505,1,1,13,17,12,22,4,13,27,10,34,8
470506,1,1,0,0,0,0,0,0,0,0,0,0
470506,2,1,0,0,0,0,0,0,0,0,0,0
470507,1,1,0,0,0,0,0,0,27,0,0,0
470507,2,1,0,0,0,0,0,0,0,0,0,0
470508,1,1,0,0,0,0,0,0,0,0,0,0
470509,1,1,19,19,19,19,19,19,19,19,19,19
470510,1,1,0,0,0,0,0,0,0,0,0,0
470510,2,1,0,0,0,0,0,0,0,0,0,0
470511,1,1,0,0,0,0,0,0,0,0,0,0
470511,2,1,0,0,0,0,0,0,0,0,0,0
470512,1,1,10,10,10,10,10,10,10,10,10,10
470513,1,1,16,16,16,16,16,16,16,16,16,16
470514,1,1,0,0,0,0,0,0,0,0,0,0
470514,2,1,0,0,0,0,0,0,0,0,0,0
470515,1,1,20,20,20,20,20,20,20,20,20,20
470516,1,1,5,5,5,5,5,5,5,5,5,5
470517,1,1,0,0,0,0,0,0,0,0,0,0
470517,2,1,0,0,0,0,0,0,0,0,0,0
470518,1,1,0,7,0,0,0,0,9,0,0,0
470519,1,1,0,0,0,0,0,0,0,0,0,0
470519,2,1,0,0,0,0,0,0,0,0,0,0
470520,1,1,0,0,0,0,0,0,0,0,0,0
470521,1,1,0,0,0,0,0,0,0,0,0,0
470521,2,1,0,0,0,0,0,0,0,0,0,0
470522,0,1,16,16,16,16,16,16,16,16,16,16
470522,1,1,0,0,0,0,0,0,0,0,0,0
470524,1,1,0,0,0,0,0,0,0,0,0,0
470525,1,1,0,0,0,0,0,0,0,0,0,0
470525,2,1,0,0,0,0,0,0,0,0,0,0
470526,1,1,13,13,13,13,13,13,13,13,13,13