ST_CASE,VEH_NO,PER_NO,P1,P2,P3,P4,P5,P6,P7,P8,P9,P10
470848,1,1,0,0,0,0,0,0,0,0,0,0
470848,2,1,0,0,0,0,0,0,0,0,0,0
470849,1,1,0,0,0,0,0,0,0,0,0,0
470849,2,1,0,0,0,0,0,0,0,0,0,0
470850,1,1,18,25,0,6,0,0,0,0,0,12
470851,0,1,22,22,22,22,22,22,22,22,22,22
470851,1,1,0,0,0,0,0,0,0,0,0,0
470852,1,1,0,0,0,0,0,0,0,0,0,0
470852,2,1,0,0,0,0,0,0,0,0,0,0
470853,1,1,0,0,0,0,0,0,0,0,0,0
470853,2,1,0,0,0,0,0,0,0,0,0,0
470853,3,1,0,0,0,0,0,0,0,0,0,0
470854,1,1,0,0,0,0,0,0,0,0,0,0
470854,2,1,0,0,0,0,0,0,0,0,0,0
470855,1,1,0,0,0,0,0,0,0,0,0,0
470855,2,1,0,0,0,0,0,0,0,0,16,0
470856,1,1,0,0,0,0,0,0,0,30,0,0
470856,2,1,0,0,0,0,0,0,0,0,0,0
470857,1,1,0,0,0,0,0,0,0,0,0,0
470857,2,1,0,0,0,0,0,0,0,0,0,0
470858,0,1,0,0,0,0,0,0,0,0,0,0
470858,1,1,17,0,2,0,0,21,0,0,0,0
470859,1,1,0,0,0,0,0,0,0,0,0,0
470859,2,1,0,0,0,0,0,0,0,0,0,0
470860,1,1,0,0,0,0,0,0,0,0,0,0
470861,1,1,0,0,0,0,0,0,0,0,0,0
470861,2,1,0,0,0,0,0,0,0,0,0,0
470862,1,1,10,10,10,10,10,10,10,10,10,10
470862,2,1,0,0,0,0,0,0,0,0,0,0
470863,1,1,0,0,0,0,0,0,0,0,0,0
470864,1,1,0,0,0,0,0,0,0,0,0,0
470865,0,1,0,0,0,0,0,0,0,14,19,0
470865,1,1,0,0,0,0,0,0,0,0,0,0
470866,1,1,10,10,10,10,10,10,10,10,10,10
470867,0,1,26,26,26,26,26,26,26,26,26,26
470867,1,1,0,0,0,10,0,0,0,0,0,0
470868,1,1,0,0,0,0,0,0,0,0,0,0
470869,1,1,0,0,0,0,0,0,0,0,0,0
470869,2,1,0,0,0,0,0,0,0,0,0,0
470870,1,1,0,0,0,0,0,0,0,0,0,0
470871,1,1,0,13,0,17,17,0,17,0,0,8
470872,1,3,0,17,0,12,0,0,10,0,27,23
470873,1,1,0,0,0,0,0,0,0,0,0,0
470874,1,1,0,0,0,0,0,0,0,0,0,0
470874,2,1,0,0,0,0,0,0,0,0,0,0
470875,0,1,0,0,0,0,0,19,0,0,0,0
470875,1,1,0,10,0,0,15,4,0,0,0,0
470876,1,1,26,26,26,26,26,26,26,26,26,26
470877,1,1,0,0,0,24,7,0,24,14,0,0
470878,1,1,0,0,0,0,0,0,0,0,0,0
470879,1,1,0,0,0,0,0,0,0,0,0,0
470879,2,1,0,0,0,0,0,0,0,0,0,0
470880,1,1,0,0,0,0,0,0,0,0,0,0
470880,2,1,0,0,0,0,0,0,0,0,0,9
470881,0,1,0,0,0,0,0,0,0,0,0,0
470881,1,1,16,21,7,0,14,0,0,7,17,0
470882,1,1,0,0,0,0,0,0,0,0,0,0
470882,2,1,0,0,0,0,0,0,0,0,0,0
470883,1,1,0,0,0,0,0,0,0,0,0,0
470883,2,1,0,0,11,11,0,0,0,0,0,0
470884,1,1,0,0,0,0,0,0,0,0,0,0
470884,2,1,0,0,0,0,0,0,0,0,0,0
470884,3,1,0,0,0,0,0,0,0,0,0,0
470884,4,1,0,0,0,0,0,0,0,0,0,0
470885,1,1,0,0,0,0,0,0,0,0,0,0
470886,1,1,0,0,0,0,0,0,0,0,0,0
470886,2,1,0,0,0,0,0,0,0,0,0,0
470887,1,1,0,0,0,0,0,0,0,0,0,0
470888,1,1,31,31,31,31,31,31,31,31,31,31
470889,0,1,0,0,0,0,0,0,0,0,0,0
470889,1,1,0,0,0,0,0,0,0,0,0,0
470890,1,1,20,20,20,20,20,20,20,20,20,20
470890,2,1,0,0,0,0,11,0,0,0,0,0
470891,1,1,0,0,0,0,0,0,0,0,0,0
470891,2,1,0,0,0,0,0,27,0,0,0,0
470892,1,1,12,12,12,12,12,12,12,12,12,12
470892,2,1,0,0,0,0,0,0,0,0,0,0
470893,1,1,0,0,0,0,0,0,0,0,0,0
470893,2,1,0,0,0,0,0,0,0,0,0,0
470894,1,1,0,0,0,0,0,0,0,0,0,0
470894,2,1,0,0,0,0,0,0,0,0,0,0
470895,1,1,0,0,0,0,0,0,0,0,0,0
470895,2,1,0,0,0,0,0,0,0,0,0,0
470895,3,1,0,0,0,0,0,0,0,0,0,0
470896,1,1,0,0,0,0,0,0,0,0,0,0
470897,1,1,25,25,25,25,25,25,25,25,25,25
470897,2,1,0,0,0,0,0,0,0,0,0,0
470898,1,1,0,0,0,0,0,0,0,0,0,0
470899,1,1,0,0,0,0,0,0,0,0,0,0
470900,1,1,0,0,0,0,0,0,0,0,0,0
470900,2,1,0,0,0,0,0,0,0,0,0,0
470901,1,1,15,15,15,15,15,15,15,15,15,15
470902,1,1,20,20,20,20,20,20,20,20,20,20
470903,1,1,0,0,0,0,0,0,0,0,0,0
470904,0,1,0,0,0,0,0,0,0,0,0,0
470904,1,1,0,0,0,0,0,0,0,0,0,0
470905,1,1,0,0,0,0,0,0,0,0,0,0
470906,1,1,20,20,20,20,20,20,20,20,20,20
470907,1,1,0,0,0,0,0,0,0,0,0,0
470907,2,1,0,0,0,0,0,0,0,0,0,0
470908,1,1,0,0,0,22,0,10,17,0,0,0
470908,2,1,0,0,0,0,0,0,0,0,0,0
470909,1,1,0,0,0,0,0,0,0,0,0,0
470909,2,1,0,0,0,0,15,0,0,0,0,0
470910,1,1,0,0,0,0,0,0,0,0,0,0
470911,1,1,0,0,0,0,0,0,0,0,0,0
470912,1,1,8,8,8,8,8,8,8,8,8,8
470913,1,1,0,0,0,0,0,0,0,0,0,0
470914,1,1,0,0,0,0,0,0,0,0,0,0
470915,1,1,0,0,0,0,0,0,0,0,0,0
470915,2,1,0,0,0,0,0,0,0,0,0,0
470916,1,1,0,0,0,0,0,9,0,0,0,0
470917,1,1,0,0,0,0,0,0,0,0,0,0
470917,2,1,0,0,0,0,0,0,0,0,0,9
470918,1,1,15,15,15,15,15,15,15,15,15,15
470919,1,1,0,0,0,0,0,0,0,0,0,0
470919,2,1,0,0,0,0,0,0,0,0,0,0
470920,1,1,0,0,0,0,0,0,0,0,0,0
480001,1,1,0,0,0,0,0,0,0,37,0,0
480001,2,1,0,0,21,0,0,8,0,0,0,0
480002,1,1,10,10,10,10,10,10,10,10,10,10
480003,1,1,22,22,22,22,22,22,22,22,22,22
480004,1,1,20,20,20,20,20,20,20,20,20,20
480005,0,1,0,0,0,0,35,0,24,10,0,0
480005,2,1,0,14,0,13,15,0,0,37,0,17
480006,1,1,0,0,0,0,0,0,0,0,0,0
480007,0,1,0,0,8,0,0,0,0,0,0,23
480007,1,1,0,0,7,0,0,0,7,0,0,10
480008,1,1,9,9,9,9,9,9,9,9,9,9
480009,1,1,21,21,21,21,21,21,21,21,21,21
480010,0,1,19,19,19,19,19,19,19,19,19,19
480010,1,1,0,0,0,0,0,0,0,0,4,0
480011,1,1,17,17,17,17,17,17,17,17,17,17
480012,1,1,0,0,0,0,0,0,0,11,0,0
480013,1,1,0,0,20,0,0,0,0,0,0,0
480013,2,1,9,0,0,0,0,0,0,0,0,15
480014,1,1,0,0,0,0,0,0,0,0,0,0
480014,2,1,0,0,0,0,0,0,0,0,0,0
480015,1,1,15,15,15,15,15,15,15,15,15,15
480016,1,1,0,13,21,0,0,0,0,0,0,0
480017,1,1,0,0,0,0,0,0,0,0,0,0
480017,2,1,0,0,0,0,0,0,0,0,0,0
480018,1,1,0,0,0,21,9,30,0,0,0,28
480019,0,1,23,27,0,22,0,24,6,29,0,35
480019,1,1,24,0,0,0,12,0,0,0,16,0
480020,1,1,14,20,3,18,10,8,25,5,15,6
480020,2,1,0,0,0,0,0,0,0,0,0,0
480021,0,1,30,30,30,30,30,30,30,30,30,30
480021,1,1,11,0,17,0,0,18,0,0,0,0
480022,1,1,0,0,0,0,0,0,0,0,0,0
480022,2,1,0,18,0,0,0,0,0,0,0,0
480023,0,1,0,22,0,0,0,24,17,0,0,0
480023,0,2,0,0,25,0,0,37,0,0,0,0
480023,1,1,0,0,35,8,9,0,0,8,15,0
480024,0,1,0,0,0,0,0,0,0,0,0,0
480024,1,1,13,17,2,0,0,0,13,31,43,0
480025,1,1,26,26,26,26,26,26,26,26,26,26
480026,1,1,12,12,12,12,12,12,12,12,12,12
480027,1,1,21,21,21,21,21,21,21,21,21,21
480027,2,1,0,27,0,0,0,43,0,0,16,0
480028,1,1,18,18,18,18,18,18,18,18,18,18
480029,1,1,5,5,5,5,5,5,5,5,5,5
480030,1,1,0,0,0,0,0,0,0,0,0,0
480030,2,1,0,0,0,0,0,0,0,25,0,0
480030,3,1,0,21,0,0,16,0,0,0,0,0
480031,1,1,0,0,0,0,0,0,0,0,0,0
480031,2,1,0,0,0,0,0,0,0,0,0,0
480032,0,1,0,9,0,0,0,0,13,0,7,0
480032,0,2,0,0,0,0,0,0,0,0,0,0
480032,0,3,0,36,0,0,0,0,0,0,0,2
480032,1,1,0,0,0,0,0,14,17,10,0,0
480033,0,1,0,0,36,0,0,0,0,0,0,0
480033,1,1,0,0,0,0,0,0,0,0,0,0
480034,1,1,0,0,0,0,0,0,0,0,18,0
480034,2,1,0,0,0,0,0,0,0,0,0,0
480035,1,1,22,22,22,22,22,22,22,22,22,22
480036,1,1,14,14,14,14,14,14,14,14,14,14
480037,1,1,0,0,0,0,0,0,0,0,0,0
480038,1,1,0,0,0,0,0,0,0,0,0,0
480038,2,1,0,0,9,0,0,7,0,0,0,0
480038,3,1,0,0,0,0,6,0,0,0,0,0
480038,4,1,0,0,19,0,18,0,0,0,0,0
480039,1,1,19,19,19,19,19,19,19,19,19,19
480039,2,1,0,0,0,0,0,0,0,0,17,0
480040,1,1,0,0,0,0,0,0,17,0,0,0
480040,2,1,20,6,16,19,0,0,0,0,0,0
480041,1,1,0,0,0,0,0,0,0,0,0,0
480042,1,1,0,0,0,0,0,0,0,0,0,0
480042,2,1,0,0,0,0,0,0,0,0,0,28
480044,1,1,0,0,18,0,32,0,0,0,20,0
480045,1,1,13,13,13,13,13,13,13,13,13,13
480045,2,1,9,0,6,16,15,10,40,34,7,11
480046,1,1,0,0,0,0,0,26,0,20,0,0
480047,0,1,0,13,0,0,0,0,20,0,0,25
480047,1,1,0,0,0,0,0,0,13,0,0,0
480048,1,1,0,0,0,0,0,0,0,0,0,0
480048,2,1,0,0,0,0,0,0,0,0,0,0
480049,1,1,22,40,18,13,36,20,5,19,24,21
480050,0,1,0,10,0,0,0,15,0,0,0,0
480050,1,1,10,0,0,0,9,0,14,0,0,0
480051,1,1,0,0,0,0,0,0,0,0,0,0
480051,2,1,0,17,0,0,0,0,0,0,0,0
480052,1,1,0,0,0,0,0,0,0,0,0,0
480052,2,1,0,0,0,0,0,0,0,0,0,0
480053,1,1,0,0,0,0,0,0,0,0,0,0
480054,1,1,22,22,22,22,22,22,22,22,22,22
480054,2,1,0,0,0,0,0,0,0,0,0,0
480055,1,1,12,16,0,0,10,5,0,0,0,3
480055,2,1,2,2,2,2,2,2,2,2,2,2
480056,1,1,9,9,9,9,9,9,9,9,9,9
480057,1,1,7,21,16,0,9,26,18,23,0,0
480058,1,1,17,17,17,17,17,17,17,17,17,17
480058,2,1,20,0,0,0,0,0,12,0,0,0
480059,1,1,0,0,16,0,0,0,0,0,0,0
480059,2,1,0,0,0,0,0,0,11,0,0,15
480060,1,1,0,0,0,0,0,8,25,21,0,0
480060,2,1,0,0,0,0,6,0,10,0,0,0
480061,1,1,18,18,18,18,18,18,18,18,18,18
480062,1,1,0,0,0,0,0,0,0,0,0,0
480063,1,1,23,11,0,26,28,0,28,0,24,0
480064,0,1,0,0,0,0,0,0,0,0,0,0
480064,1,1,0,0,0,0,14,10,0,0,12,0
480065,1,1,0,0,0,0,0,26,0,0,4,11
480065,2,1,0,0,0,21,0,7,0,0,14,0
480066,1,1,21,21,21,21,21,21,21,21,21,21
480067,1,1,0,23,18,0,0,0,4,15,0,14
480068,1,1,17,0,0,17,0,0,0,14,16,20
480069,1,1,0,0,0,0,0,0,0,0,0,0
480069,2,1,0,0,0,0,0,0,0,0,0,0
480070,0,1,0,17,0,23,0,13,0,0,0,0
480070,1,1,0,0,0,0,0,0,0,0,0,0
480071,1,1,17,0,0,0,0,0,0,0,0,0
480071,2,1,13,0,0,0,0,12,0,19,0,0
480072,1,1,0,0,0,0,0,0,0,0,0,0
480073,1,1,12,12,12,12,12,12,12,12,12,12
480074,0,1,12,0,0,17,0,0,13,5,19,4
480074,1,1,0,0,11,0,24,0,31,12,3,15
480075,1,1,22,22,22,22,22,22,22,22,22,22
480076,1,1,0,0,0,0,0,0,0,0,0,0
480077,1,1,0,19,0,14,19,13,0,0,11,0
480078,1,1,28,28,28,28,28,28,28,28,28,28
480079,1,1,0,0,0,17,0,0,0,0,0,0
480079,2,1,0,16,17,7,0,0,18,0,0,0
480079,3,1,14,0,16,0,17,0,0,0,0,9
480079,4,1,0,0,0,0,0,0,0,0,0,0
480080,1,1,0,0,0,0,0,0,16,28,0,0
480080,2,1,0,0,0,0,0,0,0,0,12,0
480081,0,1,0,9,0,0,9,0,0,0,0,19
480081,1,1,0,0,0,0,0,0,0,19,11,0
480082,1,1,12,12,12,12,12,12,12,12,12,12
480082,2,1,0,0,0,0,0,0,0,0,7,0
480083,1,1,0,0,0,0,0,0,0,0,0,0
480083,2,1,0,0,0,0,0,0,0,0,0,0
480084,1,1,0,0,0,14,0,0,23,0,16,0
480085,1,1,0,0,0,0,0,0,4,0,0,0
480086,1,1,19,0,0,0,0,15,19,0,21,0
480087,1,1,0,0,0,0,14,0,0,0,0,0
480088,1,1,0,27,19,0,30,0,0,8,0,11
480089,1,1,0,0,4,9,0,0,0,0,20,0
480089,2,1,23,20,24,5,0,10,27,19,28,12
480090,1,1,18,17,0,0,0,0,0,30,23,12
480090,2,1,0,0,0,0,0,0,0,24,0,0
480091,1,1,0,0,0,0,0,0,0,0,0,0
480091,2,1,26,20,18,0,41,10,0,20,9,42
480092,1,1,0,0,28,0,30,0,21,0,28,0
480092,2,1,0,19,0,0,0,0,0,10,0,0
480092,3,1,0,0,9,9,0,0,0,0,0,0
480093,1,1,0,0,0,0,0,0,0,0,21,0
480093,2,1,0,0,0,0,0,0,0,0,0,0
480094,1,1,0,0,0,0,0,6,0,0,0,0
480094,2,1,0,0,0,0,0,0,18,0,0,8
480096,0,1,17,17,17,17,17,17,17,17,17,17
480096,1,1,0,0,0,11,0,22,0,0,16,22
480097,1,1,0,0,0,0,0,0,9,0,0,0
480098,1,1,0,0,0,0,0,0,0,0,0,0
480098,2,1,0,0,0,0,0,0,0,0,0,0
480099,1,1,0,13,0,0,0,0,0,0,0,11
480100,1,1,0,0,0,0,0,0,0,0,0,0
480101,1,1,15,15,15,15,15,15,15,15,15,15
480102,1,1,0,0,0,0,0,0,0,0,0,0
480102,2,1,0,0,0,0,0,0,0,0,0,0
480103,1,1,2,2,2,2,2,2,2,2,2,2
480103,2,1,17,0,0,0,23,23,0,10,27,18
480104,1,1,19,19,19,19,19,19,19,19,19,19
480104,2,1,0,0,24,0,14,0,16,0,0,0
480105,1,1,27,27,27,27,27,27,27,27,27,27
480105,2,1,0,14,0,0,0,0,0,0,0,0
480106,1,1,0,0,0,0,0,0,0,0,0,0
480106,2,1,0,0,0,0,0,0,0,0,0,0
480107,0,1,0,15,0,0,0,0,0,0,0,0
480107,1,1,7,0,0,0,18,0,17,0,0,20
480108,0,1,0,0,21,0,17,0,0,0,0,0
480108,1,1,0,19,0,0,0,0,0,0,0,0
480109,1,1,0,0,0,0,0,0,0,0,0,0
480110,1,1,8,8,8,8,8,8,8,8,8,8
480111,1,1,6,0,0,0,26,14,0,0,0,11
480111,2,1,0,0,0,0,30,0,0,0,0,0
480112,1,1,0,0,0,0,0,0,0,0,0,0
480113,1,1,0,0,0,0,0,0,0,0,0,0
480114,1,1,0,0,0,0,13,0,0,12,0,0
480114,2,1,0,0,0,0,0,0,0,0,0,0
480115,1,1,0,0,0,0,0,0,0,0,0,0
480116,1,1,1,1,1,1,1,1,1,1,1,1
480116,2,1,0,0,0,30,0,0,0,0,17,0
480117,1,1,24,24,24,24,24,24,24,24,24,24
480117,2,1,8,0,9,0,14,0,0,10,0,0
480118,1,1,0,0,0,0,0,0,0,0,0,0
480119,0,1,0,11,0,12,0,0,7,3,0,11
480119,1,1,0,24,21,0,0,0,0,0,0,42
480120,0,1,0,0,18,0,7,0,0,0,18,0
480121,1,1,0,0,15,21,0,34,11,28,0,0
480122,1,1,25,25,25,25,25,25,25,25,25,25
480124,1,1,0,21,16,0,0,28,0,0,0,0
480125,0,1,23,23,23,23,23,23,23,23,23,23
480125,1,1,0,15,0,0,0,0,0,0,0,0
480126,0,1,0,0,0,0,20,0,0,0,50,15
480126,0,2,11,0,0,0,0,0,42,0,0,0
480126,1,1,0,5,20,0,0,0,4,0,0,0
480127,1,1,0,8,0,0,11,0,0,0,0,0
480127,2,1,2,5,0,15,0,0,0,0,12,12
480128,1,1,12,12,12,12,12,12,12,12,12,12
480128,2,1,0,0,0,0,0,0,0,0,0,0
480129,1,1,0,0,0,0,0,0,0,0,0,0
480129,2,1,22,18,22,0,5,0,9,11,20,0
480130,0,1,0,0,0,0,0,0,0,0,0,0
480130,1,1,0,0,0,0,0,0,0,10,0,0
480131,1,1,28,0,24,0,0,0,8,0,0,0
480132,1,1,19,19,19,19,19,19,19,19,19,19
480133,1,1,0,29,0,0,0,6,0,0,0,0
480134,1,1,0,0,0,0,11,0,0,0,0,0
480134,2,1,0,27,10,0,0,0,0,9,0,0
480135,1,1,13,22,26,0,20,35,19,0,29,5
480136,0,1,21,0,0,0,0,12,0,25,0,0
480136,1,1,0,0,0,23,0,0,0,0,0,0
480137,1,1,13,13,13,13,13,13,13,13,13,13
480137,2,1,0,0,0,5,0,0,0,0,0,19
480138,1,1,0,0,0,0,0,0,0,0,0,0
480140,0,1,0,0,0,0,0,0,0,0,0,0
480140,1,1,0,0,0,0,0,0,0,0,0,0
480141,1,1,0,0,0,0,0,0,0,0,0,0
480141,2,1,0,0,0,0,0,0,0,0,0,0
480142,1,1,0,0,0,0,0,7,0,0,0,0
480143,0,1,26,26,26,26,26,26,26,26,26,26
480143,1,1,18,0,0,18,18,0,0,0,0,0
480144,1,1,0,0,0,24,0,0,0,0,0,0
480144,2,1,12,0,14,14,9,0,0,0,0,0
480145,0,1,0,0,0,0,0,0,0,11,0,0
480145,1,1,0,0,0,0,0,0,0,0,0,0
480146,0,1,0,0,0,0,0,0,0,0,0,0
480146,0,2,10,26,0,44,0,0,20,0,0,25
480146,1,1,0,0,0,0,0,0,0,0,0,0
480147,1,1,0,0,0,0,0,0,0,0,0,0
480147,2,1,22,0,0,10,0,11,0,0,0,20
480148,1,1,0,0,0,15,0,0,0,0,22,28
480149,1,1,17,17,17,17,17,17,17,17,17,17
480149,2,1,5,5,5,5,5,5,5,5,5,5
480150,1,1,0,0,0,21,0,0,0,0,0,0
480150,2,1,5,0,0,0,0,0,0,17,14,0
480151,1,1,19,19,19,19,19,19,19,19,19,19
480152,1,1,20,0,17,0,10,15,18,20,0,0
480152,2,1,0,0,0,0,0,12,0,0,11,1
480153,1,1,11,18,17,14,4,17,19,6,5,10
480153,2,1,11,8,18,17,9,23,23,5,21,18
480154,0,1,24,0,0,0,19,17,0,13,0,0
480154,1,1,0,0,0,0,0,0,0,0,0,0
480155,1,1,0,0,13,0,0,0,0,0,0,0
480155,2,1,0,0,0,0,0,0,0,0,0,7
480156,1,1,11,11,11,11,11,11,11,11,11,11
480156,2,1,0,0,0,0,0,0,0,0,0,0
480157,0,1,0,0,0,0,0,0,0,0,0,0
480157,1,1,10,0,0,16,43,39,13,16,0,0
480158,0,1,28,28,28,28,28,28,28,28,28,28
480158,1,1,0,0,0,0,0,0,0,0,0,0
480159,1,1,15,10,0,17,0,0,10,0,0,0
480160,1,1,0,0,0,0,0,0,0,0,0,0
480161,1,1,0,0,0,0,0,0,0,0,0,0
480162,1,1,0,0,0,14,0,10,24,25,0,13
480163,1,1,0,0,0,12,0,0,12,0,0,0
480163,2,1,0,0,0,0,0,0,0,0,7,0
480164,0,1,9,32,21,23,7,0,24,0,42,21
480164,1,1,21,19,0,0,0,0,13,0,0,0
480165,1,1,0,0,0,0,0,0,0,0,0,0
480165,2,1,0,0,0,0,0,0,0,0,0,0
480166,1,1,0,0,0,16,6,0,25,22,0,22
480166,2,1,27,0,0,0,0,0,24,0,15,20
480167,1,1,0,0,0,0,0,0,0,0,0,0
480168,1,1,0,0,16,0,0,16,0,0,0,0
480168,2,1,0,0,0,0,0,0,0,0,0,0
480169,1,1,24,24,24,24,24,24,24,24,24,24
480170,1,1,0,0,0,0,0,0,0,0,0,0
480171,0,1,19,0,0,0,0,0,0,0,16,0
480171,1,1,0,6,7,9,42,13,31,26,12,0
480172,1,1,17,0,0,16,13,0,27,9,14,0
480173,1,1,23,23,23,23,23,23,23,23,23,23
480174,1,1,13,0,18,15,14,8,15,26,9,5
480174,2,1,0,0,0,0,0,0,0,0,0,0
480175,1,1,0,0,0,0,0,0,0,0,0,0
480175,2,1,0,0,0,0,0,0,0,0,0,0
480176,1,1,0,0,0,0,0,0,0,0,0,0
480176,2,1,0,0,0,0,0,0,0,0,0,0
480177,0,1,0,0,10,0,0,0,0,0,0,15
480177,1,1,0,0,0,0,0,0,0,0,0,0
480178,1,1,17,13,23,23,0,23,19,8,0,21
480179,1,1,28,28,28,28,28,28,28,28,28,28
480179,2,1,23,7,0,0,0,0,0,0,0,0
480179,3,1,0,0,0,0,0,0,0,0,0,0
480180,1,1,17,0,0,0,0,22,0,0,0,34
480181,1,1,0,0,0,0,0,8,0,0,0,0
480182,1,1,24,17,0,22,0,12,0,16,0,0
480183,1,1,0,0,0,24,11,0,0,0,0,0
480184,0,1,0,0,0,0,0,0,8,0,14,0
480184,1,1,0,0,0,0,0,0,0,10,0,0
480185,1,1,0,0,0,0,0,0,0,0,0,0
480185,2,1,0,0,0,0,0,0,7,0,0,0
480185,3,1,0,0,0,0,0,0,6,0,0,0
480186,1,1,0,0,0,0,0,0,0,0,0,0
480186,2,1,0,0,0,0,9,0,0,0,0,0
480187,1,1,12,0,0,0,0,0,0,0,0,0
480187,2,1,0,0,0,0,0,0,0,0,0,0
480187,3,1,0,0,0,7,19,0,0,0,4,21
480188,1,1,0,0,0,8,0,14,0,0,28,0
480188,2,1,0,0,0,0,0,0,0,0,0,0
480189,1,1,0,0,0,0,0,0,0,0,0,0
480190,0,1,39,39,39,39,39,39,39,39,39,39
480190,1,1,0,0,0,16,0,6,0,15,17,0
480191,0,1,0,13,0,0,14,0,0,0,0,15
480191,1,1,3,0,42,0,14,0,3,0,18,7
480193,1,1,0,0,0,0,0,0,0,0,0,0
480193,2,1,18,19,0,0,3,0,23,0,0,0
480194,1,1,0,0,0,10,0,0,0,0,0,0
480194,2,1,0,0,0,0,25,0,0,0,33,21
480195,1,1,0,0,0,0,0,0,0,0,0,0
480196,0,1,0,0,0,0,0,0,0,0,0,0
480196,1,1,0,0,0,0,0,0,0,0,0,0
480198,1,1,0,0,22,0,0,0,2,0,0,15
480198,2,1,0,0,9,0,0,0,0,0,0,0
480199,1,1,4,4,4,4,4,4,4,4,4,4
480200,1,1,20,20,20,20,20,20,20,20,20,20
480201,1,1,15,0,0,0,0,0,0,0,0,0
480201,2,1,0,0,0,0,0,0,0,0,0,0
480202,1,1,18,18,18,18,18,18,18,18,18,18
480203,1,1,21,21,21,21,21,21,21,21,21,21
480204,1,1,29,29,29,29,29,29,29,29,29,29
480204,2,1,0,0,10,0,0,0,0,22,0,19
480205,0,1,0,0,0,0,0,0,0,0,0,0
480205,1,1,0,0,0,0,0,0,0,0,0,0
480206,0,1,0,0,0,0,0,0,0,0,0,0
480206,1,1,0,0,0,0,0,0,0,7,0,0
480207,1,1,18,18,18,18,18,18,18,18,18,18
480208,1,1,0,0,0,0,11,0,0,0,0,0
480208,2,1,0,0,0,0,0,0,0,0,0,0
480209,1,1,0,0,0,14,15,0,5,16,0,10
480209,3,1,9,0,7,0,0,0,0,0,0,0
480210,1,1,0,0,17,0,0,0,10,0,13,0
480211,1,1,15,15,15,15,15,15,15,15,15,15
480212,1,1,16,16,16,16,16,16,16,16,16,16
480213,1,1,0,0,7,0,13,0,12,0,18,0
480213,2,1,0,16,0,7,0,0,0,0,0,0
480213,3,1,0,0,0,0,0,0,0,0,10,4
480214,1,1,0,0,0,0,0,0,0,0,0,0
480215,1,1,0,0,0,0,0,0,0,0,0,0
480216,1,1,0,0,0,0,0,0,0,0,0,0
480216,2,1,0,0,0,0,0,0,0,0,0,0
480217,1,1,0,0,0,0,0,0,0,0,0,0
480217,2,1,0,11,0,0,0,0,16,0,0,0
480218,0,1,13,0,0,0,0,0,22,0,0,0
480218,0,2,9,32,0,0,0,0,5,0,9,10
480218,1,1,9,9,9,9,9,9,9,9,9,9
480219,0,1,13,13,13,13,13,13,13,13,13,13
480219,1,1,0,0,0,0,0,0,0,0,0,0
480219,2,1,0,11,0,0,19,20,8,19,18,0
480220,1,1,24,24,24,24,24,24,24,24,24,24
480221,1,1,0,0,0,0,0,0,0,0,0,0
480222,1,1,0,0,0,0,0,0,0,0,0,0
480222,2,1,0,0,0,0,0,0,0,0,0,0
480223,0,1,23,23,23,23,23,23,23,23,23,23
480223,1,1,0,9,0,12,0,0,0,0,0,9
480224,0,1,29,29,29,29,29,29,29,29,29,29
480224,1,1,35,0,10,0,0,0,0,23,0,0
480225,1,1,0,0,0,0,0,0,0,0,0,0
480225,2,1,0,0,0,15,0,0,0,40,16,0
480226,1,1,22,22,22,22,22,22,22,22,22,22
480226,2,1,0,0,0,0,0,0,0,0,0,0
480227,1,1,22,0,0,0,0,0,0,0,0,0
480227,2,1,0,22,0,0,0,0,0,0,0,0
480228,1,1,12,12,12,12,12,12,12,12,12,12
480228,2,1,0,0,0,0,0,0,0,0,0,0
480229,1,1,22,22,22,22,22,22,22,22,22,22
480230,1,1,0,0,0,0,0,0,0,0,0,0
480231,1,1,0,0,0,14,18,0,0,0,0,19
480232,1,1,22,17,0,0,0,12,0,7,16,13
480233,1,1,21,21,21,21,21,21,21,21,21,21
480234,1,1,13,20,0,0,0,0,0,0,0,0
480234,2,1,0,0,0,0,0,0,0,0,0,0
480235,1,1,0,0,0,0,0,0,0,0,0,0
480236,1,1,0,0,0,0,0,24,0,0,0,0
480237,1,1,6,0,0,0,0,0,5,0,0,0
480238,1,1,0,0,0,0,0,0,0,0,0,0
480238,2,1,0,0,0,0,0,0,0,0,0,0
480239,0,1,16,16,16,16,16,16,16,16,16,16
480239,1,1,0,0,0,0,0,0,0,0,0,0
480240,1,1,0,0,0,0,21,0,10,0,0,0