ST_CASE,VEH_NO,PER_NO,P1,P2,P3,P4,P5,P6,P7,P8,P9,P10
480836,1,1,0,0,29,31,0,26,0,0,0,0
480837,1,1,0,0,0,0,0,0,0,0,0,0
480837,2,1,10,0,0,0,0,0,29,0,0,0
480838,1,1,0,0,0,0,0,0,0,15,0,27
480838,2,1,0,11,0,17,0,35,0,16,0,11
480839,0,1,0,20,0,27,0,0,0,0,0,0
480839,1,1,0,0,0,0,0,0,0,0,0,0
480840,0,1,30,30,30,30,30,30,30,30,30,30
480840,1,1,0,0,0,6,12,11,6,13,0,0
480841,1,1,15,26,2,0,13,26,27,12,9,8
480842,1,1,0,0,0,0,0,0,0,0,0,0
480842,2,1,34,34,34,34,34,34,34,34,34,34
480842,3,1,0,0,0,0,0,0,0,18,0,0
480843,1,1,0,0,0,0,0,0,0,0,0,0
480843,2,1,13,13,13,13,13,13,13,13,13,13
480844,1,1,0,0,0,14,0,0,0,0,0,0
480844,2,1,2,2,2,2,2,2,2,2,2,2
480845,1,1,0,0,0,0,0,0,0,0,0,0
480846,0,1,45,0,25,0,15,0,0,16,0,0
480846,1,1,0,0,12,0,0,0,21,0,16,0
480847,0,1,0,0,0,0,0,0,0,0,0,0
480847,0,2,0,0,0,0,0,0,0,0,0,0
480847,1,1,5,9,0,13,0,0,25,31,0,0
480848,1,1,20,20,20,20,20,20,20,20,20,20
480848,2,1,0,20,4,0,0,4,0,0,19,9
480849,1,1,0,0,0,0,0,0,32,0,0,51
480849,2,1,0,0,0,26,18,0,0,9,0,0
480850,0,1,0,0,0,0,8,0,0,0,0,0
480850,1,1,0,0,0,0,0,0,0,15,0,0
480851,1,1,0,0,0,0,0,0,0,0,0,0
480851,2,1,7,0,0,18,0,16,25,0,0,23
480852,0,1,0,0,12,0,0,8,23,0,0,0
480852,1,1,17,17,17,17,17,17,17,17,17,17
480853,1,1,0,7,0,0,0,0,0,14,0,0
480853,2,1,0,0,0,0,0,0,19,0,31,6
480854,1,1,7,0,0,0,0,0,0,0,15,0
480854,2,1,0,0,0,12,0,0,0,0,8,0
480856,0,1,0,0,5,28,12,0,13,0,0,25
480856,1,1,0,0,0,0,0,0,0,0,0,0
480857,1,1,0,0,0,0,0,0,0,0,0,0
480858,1,1,4,4,4,4,4,4,4,4,4,4
480858,2,1,0,0,0,0,0,0,0,0,44,0
480859,1,1,0,0,0,0,0,0,0,0,0,0
480859,2,1,0,0,0,0,0,21,0,0,0,0
480859,3,1,0,0,0,0,0,0,0,29,0,0
480860,1,1,17,0,0,0,0,0,0,0,0,0
480861,1,1,0,0,0,0,0,0,0,0,0,0
480861,2,1,0,0,0,0,0,0,0,0,20,0
480862,1,1,21,0,25,14,19,0,0,6,0,31
480863,1,1,26,10,22,6,4,20,4,16,12,20
480863,2,1,0,0,0,0,0,0,0,0,0,0
480864,0,1,0,0,0,0,0,8,0,0,0,0
480864,0,2,0,12,19,34,15,23,15,9,26,11
480864,1,1,0,0,0,0,0,0,0,0,0,0
480864,2,1,20,15,7,4,0,8,0,0,6,6
480865,1,1,13,13,13,13,13,13,13,13,13,13
480866,0,1,0,0,0,0,0,0,0,0,0,0
480866,1,1,0,0,0,0,0,0,0,0,0,0
480867,0,1,0,43,0,9,0,0,0,0,0,0
480867,1,1,0,0,0,0,0,0,0,0,0,0
480868,1,1,25,0,0,8,10,0,13,0,23,32
480869,1,1,0,11,0,0,10,0,0,0,25,0
480869,2,1,0,14,17,5,10,9,22,15,18,7
480870,1,1,0,0,0,0,0,0,0,0,0,0
480870,2,1,0,0,0,0,0,0,0,0,0,0
480871,1,1,0,0,0,0,0,0,0,0,0,0
480872,1,1,0,0,0,0,0,0,0,0,0,0
480872,2,1,0,0,8,0,0,0,0,0,0,0
480873,1,1,0,0,0,0,0,0,0,0,0,0
480874,1,1,0,0,0,0,6,13,0,0,0,11
480875,1,1,0,0,0,0,0,11,0,0,19,0
480875,2,1,0,17,0,0,0,0,0,0,0,18
480876,0,1,0,0,0,0,0,0,0,0,0,0
480876,1,1,22,0,0,0,24,0,0,0,0,0
480877,1,1,9,13,0,0,16,6,0,14,0,18
480878,0,1,0,0,0,0,0,0,0,0,0,0
480878,1,1,28,18,0,0,0,0,0,0,0,0
480879,1,1,0,0,0,0,0,0,0,0,0,0
480879,2,1,0,0,0,0,0,0,0,0,0,0
480879,3,1,0,0,0,0,0,0,0,22,0,0
480879,4,1,2,2,2,2,2,2,2,2,2,2
480879,5,1,0,0,0,0,0,0,0,0,0,0
480880,1,1,0,9,0,0,0,0,0,0,0,0
480880,2,1,0,0,0,0,0,0,0,0,0,0
480881,1,1,0,0,0,0,0,0,0,0,0,0
480881,2,1,0,0,20,0,0,40,0,0,0,0
480882,1,1,0,0,0,0,0,0,0,0,0,0
480883,1,1,0,0,0,0,0,0,0,0,0,0
480883,2,1,0,14,0,0,0,0,0,0,0,0
480884,1,1,39,39,39,39,39,39,39,39,39,39
480884,2,1,0,0,0,0,0,0,0,0,0,0
480885,0,1,13,13,13,13,13,13,13,13,13,13
480885,1,1,0,0,0,0,0,0,0,0,0,0
480886,1,1,14,14,14,14,14,14,14,14,14,14
480886,2,1,7,6,0,0,0,20,15,13,19,19
480887,1,1,0,0,0,0,0,14,0,0,18,0
480887,2,1,0,0,0,0,0,0,0,0,0,0
480887,3,1,13,0,0,0,0,0,0,0,0,0
480888,1,1,10,0,0,0,0,21,0,0,28,0
480888,2,1,0,0,0,0,0,0,0,0,0,0
480889,1,1,10,10,10,10,10,10,10,10,10,10
480889,2,1,23,0,0,12,0,9,7,11,3,0
480890,1,1,11,6,12,14,16,24,19,2,10,17
480890,2,1,19,19,19,19,19,19,19,19,19,19
480891,0,1,24,24,24,24,24,24,24,24,24,24
480891,1,1,0,0,0,0,18,20,0,16,18,0
480892,1,1,0,0,0,0,0,0,0,0,0,0
480892,2,1,0,0,0,0,0,0,0,0,0,0
480893,1,1,0,0,0,0,0,0,0,0,0,0
480894,1,1,0,0,10,0,0,0,0,0,0,4
480894,2,1,0,0,23,0,0,0,0,0,0,0
480895,1,1,0,0,0,5,0,0,0,0,0,0
480895,2,1,0,0,0,0,0,0,0,0,0,0
480895,3,1,12,0,0,0,0,0,0,18,0,22
480895,4,1,0,0,0,0,0,0,0,0,0,0
480896,1,1,0,0,0,0,0,0,0,0,0,0
480898,1,1,0,0,12,0,0,9,0,0,0,0
480898,2,1,0,0,0,0,0,0,0,0,0,0
480898,3,1,21,0,0,0,0,0,0,0,0,0
480899,1,1,0,0,0,0,0,0,0,0,0,0
480899,2,1,0,8,0,0,0,18,0,0,0,0
480900,1,1,19,19,19,19,19,19,19,19,19,19
480901,0,1,27,27,27,27,27,27,27,27,27,27
480901,1,1,0,21,0,4,0,0,10,0,0,0
480902,1,1,0,9,0,0,0,0,0,0,8,0
480903,1,1,0,0,0,0,0,0,0,0,0,0
480903,2,1,0,0,0,0,0,0,0,0,0,0
480904,1,1,0,19,4,0,0,0,0,0,23,0
480904,2,1,0,0,0,0,0,0,0,0,0,0
480905,0,1,0,0,0,0,0,0,0,0,0,0
480905,1,1,0,10,0,0,18,0,0,0,0,0
480906,1,1,0,0,0,0,0,0,0,0,0,0
480906,2,1,0,0,0,0,0,0,0,25,0,0
480907,1,1,0,0,0,0,0,0,0,5,0,0
480908,1,1,40,40,40,40,40,40,40,40,40,40
480908,2,1,0,0,2,15,9,0,0,0,0,0
480909,1,1,0,0,0,0,0,0,0,0,0,0
480910,1,1,19,38,13,13,0,18,5,3,24,30
480911,1,1,25,25,25,25,25,25,25,25,25,25
480911,2,1,0,0,0,0,0,0,0,0,0,0
480912,0,1,20,20,20,20,20,20,20,20,20,20
480912,1,1,0,0,14,0,0,13,0,0,0,13
480913,1,1,24,24,24,24,24,24,24,24,24,24
480913,2,1,31,9,27,0,8,0,0,9,0,0
480914,0,1,9,9,9,9,9,9,9,9,9,9
480914,1,1,0,0,0,0,0,0,0,0,0,0
480915,1,1,0,0,0,0,0,0,0,0,0,0
480916,1,1,0,0,0,7,0,0,0,0,13,0
480916,2,1,0,0,0,0,22,0,0,0,0,0
480917,1,1,9,9,9,9,9,9,9,9,9,9
480918,1,1,7,7,7,7,7,7,7,7,7,7
480919,1,1,18,0,0,0,14,0,48,0,14,0
480920,1,1,0,0,0,0,0,0,0,0,0,0
480921,1,1,0,0,0,0,0,0,0,0,0,0
480921,2,1,3,25,21,17,29,18,9,19,19,19
480922,1,1,24,24,24,24,24,24,24,24,24,24
480923,1,1,0,0,0,0,0,0,0,0,0,0
480923,2,1,0,1,0,0,0,0,0,0,8,0
480924,1,1,0,0,0,0,0,0,0,0,0,0
480924,2,1,0,0,0,0,0,0,0,0,0,0
480925,0,1,0,0,0,0,0,0,0,0,0,0
480925,1,1,0,15,0,0,0,0,0,0,9,18
480926,0,1,6,6,6,6,6,6,6,6,6,6
480926,1,1,0,0,0,0,18,0,0,0,5,0
480926,2,1,0,0,0,0,0,0,0,0,0,25
480927,1,1,0,0,0,0,0,0,0,0,0,0
480927,2,1,0,0,0,0,0,0,0,0,0,0
480928,1,1,28,28,28,28,28,28,28,28,28,28
480928,2,1,0,0,25,0,0,0,0,0,0,0
480929,1,1,0,0,0,0,0,0,0,0,0,0
480929,2,1,0,0,0,0,0,0,0,0,0,7
480929,3,1,0,0,0,0,0,0,0,0,0,0
480929,4,1,0,0,0,0,0,0,0,0,0,0
480930,1,1,16,21,13,18,5,11,40,15,0,0
480931,1,1,30,30,30,30,30,30,30,30,30,30
480932,1,1,16,16,16,16,16,16,16,16,16,16
480933,1,1,0,0,0,0,0,8,0,0,0,9
480933,2,1,0,0,0,0,0,0,0,0,0,0
480934,1,1,0,0,0,0,0,0,0,0,0,0
480935,1,1,0,13,0,0,27,0,0,0,0,0
480936,1,1,0,0,0,0,0,0,0,0,0,0
480937,1,1,0,0,0,0,8,22,0,0,28,11
480937,2,1,0,0,24,15,0,12,0,7,0,0
480937,3,1,0,0,0,0,0,0,0,0,0,0
480938,1,1,4,4,4,4,4,4,4,4,4,4
480938,2,1,0,0,0,0,0,0,0,14,0,8
480939,1,1,21,26,0,0,10,0,0,17,24,0
480939,2,1,0,0,0,0,0,0,0,0,0,0
480940,1,1,0,0,0,0,0,0,0,0,0,23
480941,1,1,0,0,0,0,0,0,0,0,0,0
480942,0,1,0,25,11,18,0,0,21,22,28,35
480942,1,1,0,0,0,0,16,19,0,0,0,0
480943,1,1,22,22,22,22,22,22,22,22,22,22
480944,1,1,0,24,0,18,0,12,18,0,0,0
480944,2,1,0,0,0,0,0,0,0,0,0,0
480945,1,1,11,19,17,13,0,28,0,7,15,19
480946,1,1,7,0,45,11,0,18,0,0,0,0
480946,2,1,10,15,18,0,0,12,0,0,0,0
480947,1,1,8,8,8,8,8,8,8,8,8,8
480948,1,1,23,19,0,0,10,11,8,0,10,0
480949,1,1,20,20,20,20,20,20,20,20,20,20
480949,2,1,0,0,0,0,0,0,0,0,0,0
480950,0,1,30,30,30,30,30,30,30,30,30,30
480950,1,1,0,0,0,0,0,0,0,0,0,0
480951,1,1,0,0,0,0,0,0,0,0,0,0
480951,2,1,0,0,0,0,0,0,0,0,0,0
480953,1,1,12,12,12,12,12,12,12,12,12,12
480953,2,1,0,27,12,0,0,0,0,0,0,0
480953,3,1,0,0,0,0,0,0,0,0,0,10
480953,4,1,0,0,18,0,9,0,0,0,0,16
480954,1,1,19,19,19,19,19,19,19,19,19,19
480954,2,1,0,0,0,0,0,0,0,0,0,0
480955,1,1,0,0,0,0,0,0,0,18,0,26
480955,2,1,0,0,0,0,0,0,0,0,0,0
480956,1,1,0,17,46,9,22,14,19,16,0,14
480957,0,1,15,40,23,0,25,0,0,0,0,0
480957,1,1,0,0,0,0,9,10,20,0,0,6
480958,1,1,0,0,0,0,0,0,0,0,0,0
480959,1,1,16,16,16,16,16,16,16,16,16,16
480960,1,1,0,0,0,0,0,0,0,0,0,0
480960,2,1,0,0,0,0,0,0,0,0,0,0
480961,1,1,0,0,0,0,0,0,0,11,0,0
480961,2,1,0,36,0,0,15,17,0,0,0,0
480962,0,1,16,19,24,24,21,0,23,8,0,0
480962,1,1,0,0,0,0,0,0,0,0,0,0
480963,1,1,16,16,16,16,16,16,16,16,16,16
480964,1,1,19,0,0,0,0,0,0,0,0,0
480964,2,1,19,19,19,19,19,19,19,19,19,19
480965,1,1,0,0,0,0,0,0,0,0,0,0
480965,2,1,1,0,0,0,0,0,0,0,0,0
480966,1,1,13,0,18,0,12,0,0,0,0,0
480966,2,1,0,0,0,0,0,0,0,0,0,0
480967,1,1,12,12,12,12,12,12,12,12,12,12
480968,1,1,0,8,22,0,0,21,0,9,19,0
480969,1,1,18,0,0,0,0,0,0,0,0,0
480969,2,1,0,0,0,0,0,0,0,31,0,0
480969,3,1,0,0,0,0,0,0,0,0,0,10
480970,1,1,0,16,0,9,5,0,23,0,0,0
480970,2,1,0,0,16,0,0,0,0,16,0,8
480971,1,1,15,15,15,15,15,15,15,15,15,15
480972,0,1,26,26,26,26,26,26,26,26,26,26
480972,1,1,0,0,0,10,12,0,0,0,0,0
480973,0,1,6,6,6,6,6,6,6,6,6,6
480973,1,1,0,0,0,0,0,0,0,0,18,0
480974,1,1,12,12,12,12,12,12,12,12,12,12
480974,2,1,0,0,0,0,0,0,0,0,0,0
480975,1,1,24,24,16,14,12,8,13,0,19,19
480976,1,1,18,0,0,0,15,0,0,0,0,16
480977,1,1,0,0,0,27,0,0,0,0,0,0
480977,2,1,0,29,0,0,0,0,0,0,0,13
480978,1,1,0,0,0,0,0,0,0,0,0,0
480978,2,1,0,0,0,0,0,0,0,0,0,0
480979,1,1,7,0,0,0,0,0,9,0,0,10
480979,2,1,8,8,8,8,8,8,8,8,8,8
480980,0,1,19,0,0,0,0,15,0,0,0,24
480980,1,1,13,0,0,0,0,0,0,0,24,0
480981,0,1,0,0,0,0,0,0,0,0,0,0
480981,1,1,0,0,0,0,0,0,0,0,0,0
480983,1,1,0,0,0,0,0,0,0,7,0,19
480983,2,1,0,0,0,0,0,21,0,13,19,0
480984,1,1,0,0,0,0,13,7,10,3,0,0
480985,1,1,0,28,0,0,29,15,13,32,0,21
480986,1,1,18,19,8,21,0,2,0,0,17,27
480987,1,1,0,0,0,0,0,0,0,0,0,0
480987,2,1,0,8,15,10,0,0,0,0,0,0
480988,0,1,14,25,0,17,0,0,32,14,0,27
480988,1,1,0,0,22,4,12,28,0,0,0,0
480989,1,1,22,0,0,10,0,9,17,0,0,28
480990,0,1,27,27,0,21,0,12,0,14,14,19
480990,0,2,44,22,5,0,0,48,0,18,20,7
480990,1,1,4,7,13,14,15,6,5,14,8,15
480992,1,1,0,0,0,0,0,0,0,0,0,0
480993,1,1,0,0,0,0,0,0,0,0,0,0
480993,2,1,0,0,18,0,16,0,0,0,0,0
480994,1,1,0,0,0,11,0,0,11,0,0,0
480994,2,1,0,0,20,0,0,0,0,0,0,0
480994,3,1,0,0,0,0,0,0,13,16,0,0
480995,1,1,8,8,8,8,8,8,8,8,8,8
480995,2,1,0,0,0,0,18,0,0,0,21,6
480995,3,1,0,0,0,34,0,0,0,0,0,8
480996,1,1,4,12,0,11,10,23,0,7,21,0
480997,1,1,0,14,0,0,0,0,0,0,0,8
480997,2,1,0,0,10,0,0,5,0,0,0,0
480998,1,1,0,20,24,13,2,0,0,0,24,22
480999,1,1,0,0,0,0,0,0,0,0,0,0
481000,1,1,28,28,28,28,28,28,28,28,28,28
481001,1,1,15,0,0,4,0,18,0,0,12,12
481001,2,1,0,0,0,0,0,0,0,0,0,0
481001,3,1,12,0,4,16,16,0,0,19,8,0
481002,0,1,0,0,0,0,0,0,0,0,0,0
481002,1,1,0,8,0,0,16,0,0,0,18,0
481003,1,1,0,0,0,2,14,0,8,0,0,0
481004,1,1,17,17,17,17,17,17,17,17,17,17
481004,2,1,0,15,0,27,0,0,0,0,0,19
481005,1,1,0,0,0,0,0,0,0,0,0,15
481005,2,1,10,0,0,0,0,0,0,0,0,0
481006,1,1,0,0,0,0,0,0,0,0,0,0
481007,1,1,7,28,15,13,0,42,0,0,17,0
481008,1,1,0,0,0,4,0,0,0,0,0,0
481009,0,1,0,0,0,0,0,0,0,0,0,0
481009,1,1,9,9,9,9,9,9,9,9,9,9
481010,1,1,0,0,0,0,0,0,0,0,0,0
481011,1,1,16,15,12,25,16,38,5,16,22,4
481011,2,1,4,0,0,0,28,0,0,0,0,0
481011,3,1,0,0,0,0,0,0,0,0,0,0
481011,4,1,0,0,0,7,0,0,0,0,11,0
481012,1,1,0,0,0,0,0,0,0,0,0,0
481013,1,1,0,0,0,0,0,0,0,0,0,0
481013,2,1,0,0,0,0,0,0,0,0,0,0
481014,1,1,0,0,0,0,0,0,0,0,4,0
481014,2,1,0,0,0,0,0,0,0,0,0,0
481015,0,1,0,0,0,0,0,0,0,0,0,0
481015,0,2,0,0,21,27,18,0,34,0,11,11
481015,0,3,29,0,46,15,0,0,0,17,59,26
481015,0,4,0,0,0,41,6,10,0,0,17,0
481015,1,1,20,0,0,0,7,12,0,0,0,13
481016,1,1,19,19,19,19,19,19,19,19,19,19
481016,2,1,18,10,16,0,24,13,0,18,0,0
481017,1,1,0,5,0,0,0,13,5,0,0,0
481017,2,1,17,17,17,17,17,17,17,17,17,17
481018,0,1,0,0,0,0,0,0,0,0,0,0
481018,1,1,0,0,0,0,0,0,0,0,0,0
481019,1,1,7,8,0,0,16,0,0,0,0,0
481019,2,1,0,0,0,0,0,3,0,0,8,0
481020,1,1,23,0,10,0,0,0,0,0,0,0
481020,2,1,0,0,0,0,0,0,0,7,0,0
481021,0,1,0,0,0,0,0,0,0,0,0,0
481021,1,1,17,17,17,17,17,17,17,17,17,17
481022,1,1,14,9,15,0,24,15,11,0,15,13
481022,2,1,0,0,0,10,0,0,20,0,0,0
481023,1,1,10,0,0,23,0,0,0,0,0,0
481023,2,1,0,0,0,0,0,0,0,0,0,0
481024,1,1,0,0,7,20,0,0,0,0,0,0
481025,0,1,29,16,14,18,38,11,0,11,0,0
481025,1,1,7,0,0,0,10,7,0,0,0,0
481025,2,1,21,2,0,0,0,0,0,11,12,0
481026,1,1,0,0,0,0,0,0,0,0,0,0
481027,1,1,0,0,0,0,0,0,0,19,0,0
481027,2,1,0,0,0,0,0,0,0,0,18,12
481028,1,1,9,9,9,9,9,9,9,9,9,9
481028,2,1,0,7,20,0,5,0,13,0,15,0
481029,1,1,0,15,9,0,0,16,0,0,24,0
481030,0,1,0,0,0,0,0,0,0,0,0,0
481030,1,1,17,0,0,0,0,0,0,0,0,0
481031,0,1,16,16,16,16,16,16,16,16,16,16
481031,1,1,0,0,0,0,0,0,22,0,0,0
481032,1,1,3,3,3,3,3,3,3,3,3,3
481033,1,1,0,0,0,0,0,0,0,0,0,0
481034,1,1,0,0,0,0,0,0,0,0,0,0
481035,0,1,31,15,0,27,0,0,0,18,0,14
481035,1,1,12,0,0,0,5,0,40,0,16,22
481036,1,1,0,0,0,0,0,0,0,0,0,0
481037,1,1,0,0,0,0,0,0,0,0,0,29
481037,2,1,0,15,0,5,0,0,0,0,7,16
481038,1,1,0,0,0,0,0,0,0,0,0,0
481038,2,1,0,0,0,0,0,0,0,0,0,0
481038,3,1,0,24,0,0,0,0,10,29,0,0
481038,4,1,11,0,0,0,28,0,0,0,0,7
481039,1,1,0,0,0,0,0,0,0,0,0,0
481039,2,1,0,0,0,10,0,0,0,19,0,11
481040,1,1,0,0,0,0,0,0,0,0,0,0
481040,2,1,0,0,0,9,0,0,0,0,0,27
481041,1,1,0,0,0,0,0,0,0,0,0,0
481041,2,1,12,12,12,12,12,12,12,12,12,12
481042,0,1,3,3,3,3,3,3,3,3,3,3
481042,1,1,0,0,0,0,18,0,0,0,35,0
481043,1,1,0,0,0,0,0,0,0,0,0,0
481043,2,1,0,0,0,0,0,0,0,0,0,0
481043,3,1,0,0,8,0,5,0,0,0,0,0
481044,1,1,0,0,0,12,0,0,0,0,0,0
481044,2,1,0,0,0,0,0,23,8,0,0,0
481045,1,1,0,0,0,0,0,6,0,0,0,0
481046,1,1,20,5,10,11,19,20,26,14,0,26
481047,1,1,21,21,21,21,21,21,21,21,21,21
481048,1,1,17,0,0,0,0,20,0,0,0,0
481049,0,1,16,16,16,16,16,16,16,16,16,16
481049,1,1,0,9,17,0,27,0,0,13,0,0
481050,1,1,0,0,0,0,0,0,0,0,0,0
481051,1,1,0,0,0,0,0,0,0,0,0,0
481052,1,1,14,20,12,27,34,12,16,12,13,9
481053,1,1,0,0,0,0,0,0,0,0,0,0
481053,2,1,0,0,0,0,0,0,0,0,0,0
481054,0,1,17,0,17,0,11,0,0,0,0,34
481054,1,1,0,6,0,18,0,0,0,11,0,19
481054,2,1,0,0,28,0,0,0,11,5,11,0
481055,1,1,14,14,14,14,14,14,14,14,14,14
481055,2,1,10,10,10,10,10,10,10,10,10,10
481057,0,1,2,2,2,2,2,2,2,2,2,2
481057,1,1,0,15,16,0,19,0,10,0,39,0
481058,1,1,0,0,0,0,0,0,0,0,0,0
481059,0,1,17,12,14,0,21,19,28,10,15,21
481059,1,1,0,0,0,0,0,0,0,0,0,0
481060,1,1,0,26,0,17,9,8,15,0,0,0
481061,0,1,6,0,22,17,22,0,3,0,22,0
481061,1,1,0,0,0,0,0,0,0,0,0,0
481062,0,1,11,21,23,25,46,14,14,43,19,39
481062,1,1,0,0,0,0,15,0,7,0,0,17
481063,0,1,17,0,24,0,9,22,12,29,19,12
481063,1,1,0,0,15,0,16,0,0,0,0,0
481063,2,1,0,0,0,0,0,0,0,0,0,0
481064,1,1,0,0,0,0,0,0,0,0,0,0
481065,1,1,0,13,0,21,0,0,0,0,0,0
481065,2,1,0,0,0,0,0,0,0,0,0,0
481066,0,1,0,17,14,25,0,24,0,0,0,0
481066,1,1,0,36,30,0,0,0,0,0,10,0
481067,1,1,0,0,0,0,0,0,0,0,0,0
481067,2,1,0,0,0,0,0,0,0,0,0,0
481068,1,1,0,0,0,0,0,0,0,0,0,0
481068,2,1,0,0,0,0,0,0,0,0,0,0
481069,1,1,25,25,25,25,25,25,25,25,25,25
481070,1,1,0,0,0,0,0,0,0,0,30,0
481070,2,1,0,0,0,0,0,0,0,0,0,0
481071,1,1,0,0,28,0,0,0,0,15,0,0
481071,2,1,0,0,0,0,0,0,0,0,0,0
481072,0,1,0,0,27,0,0,0,24,18,0,0
481072,1,1,0,17,20,0,6,12,0,0,0,0
481073,1,1,0,0,0,0,0,25,0,0,0,0
481073,2,1,0,0,0,0,0,0,20,0,0,0
481074,1,1,10,0,20,0,0,0,10,13,15,0
481074,2,1,9,0,0,0,0,3,0,15,0,0
481075,1,1,0,0,0,0,0,0,0,0,0,0
481075,2,1,10,10,10,10,10,10,10,10,10,10
481076,1,1,17,17,17,17,17,17,17,17,17,17
481076,2,1,14,15,5,0,9,8,0,8,2,0
481077,1,1,6,6,6,6,6,6,6,6,6,6
481078,1,1,14,14,14,14,14,14,14,14,14,14
481078,2,1,8,7,0,10,8,7,8,5,8,27
481079,1,1,11,31,27,0,0,0,0,0,7,25
481080,1,1,25,25,6,17,28,12,13,13,11,21
481081,0,1,0,0,0,0,0,0,0,0,0,0
481081,1,1,14,0,0,0,0,15,0,7,0,5
481082,1,1,0,0,0,0,0,0,0,0,0,0
481082,2,1,0,0,0,0,0,0,25,0,0,0
481083,1,1,0,0,0,0,0,0,0,0,0,0
481083,2,1,0,0,0,0,8,0,0,0,0,0
481084,1,1,0,11,0,0,0,0,7,0,14,0
481084,2,1,0,0,0,20,0,20,0,0,0,0
481085,1,1,6,6,6,6,6,6,6,6,6,6
481086,1,1,0,0,0,23,0,0,0,0,0,0
481086,2,1,0,0,0,0,0,0,0,0,0,0
481087,2,1,0,0,0,0,0,16,0,10,0,0
481088,1,1,0,0,0,0,0,0,0,0,8,0
481088,2,1,0,0,0,0,0,0,0,0,0,0
481089,1,1,0,0,0,0,0,0,0,0,8,0
481089,2,1,0,0,0,13,0,0,0,0,0,0
481090,1,1,0,0,0,0,0,0,0,0,0,0
481090,2,1,0,0,0,0,0,0,0,0,0,0
481091,0,1,0,0,0,0,0,0,0,0,0,0
481091,1,1,14,0,0,0,0,0,14,19,0,0
481092,1,1,0,0,0,0,0,0,0,0,0,0
481092,2,1,0,0,0,0,0,0,0,0,0,0
481092,3,1,0,0,0,0,0,0,0,0,0,0
481093,1,1,14,17,22,9,6,19,15,14,0,6
481093,2,1,18,3,9,0,14,0,12,48,5,15
481094,1,1,0,0,0,0,0,0,0,0,0,0
481095,1,1,0,0,0,0,0,0,0,0,0,0
481095,2,1,0,0,0,0,0,0,0,0,0,0
481096,1,1,0,12,5,29,10,0,0,0,0,0
481096,2,1,0,0,0,0,0,0,17,0,32,10
481097,1,1,11,11,11,11,11,11,11,11,11,11
481097,2,1,0,0,0,0,0,0,0,0,0,0
481097,3,1,7,0,0,0,11,7,23,0,0,0
481098,1,1,32,32,32,32,32,32,32,32,32,32
481098,2,1,0,0,9,0,0,0,0,0,0,0
481099,1,1,0,16,0,0,0,0,0,0,0,0
481100,1,1,0,0,0,0,0,0,0,0,0,13
481100,2,1,0,0,0,0,0,22,0,0,12,22
481101,1,1,9,0,0,27,0,0,0,9,19,9
481101,2,1,6,0,0,0,0,0,23,0,0,5
481102,1,1,21,21,21,21,21,21,21,21,21,21
481102,2,1,24,0,0,13,0,6,14,0,0,12
481103,1,1,17,17,17,17,17,17,17,17,17,17
481104,1,1,0,0,0,0,0,0,0,0,0,9
481105,1,1,0,0,0,10,0,0,0,0,13,0
481106,1,1,0,0,0,0,6,0,0,0,13,0
481106,2,1,0,0,0,0,11,0,7,0,4,0
481107,1,1,0,17,0,0,0,0,0,0,0,0
481107,2,1,0,0,23,27,0,47,0,0,0,0
481108,1,1,0,18,0,26,21,6,15,19,36,17
481109,1,1,27,15,18,29,33,30,24,20,50,7
481110,1,1,0,0,0,0,6,0,0,0,0,0
481110,2,1,0,0,20,0,0,0,0,0,0,4
481111,1,1,0,0,0,0,0,0,0,0,16,24
481111,2,1,0,0,8,0,0,0,0,0,0,0
481112,1,1,0,0,0,0,0,0,0,0,0,0
481113,1,1,0,0,0,0,30,0,0,0,0,0
481114,1,1,0,0,0,0,0,0,0,0,0,0
481114,2,1,0,0,0,0,0,0,12,0,0,0
481115,1,1,19,0,0,14,0,11,0,15,19,0
481116,0,1,24,0,22,0,3,13,15,0,21,0
481116,1,1,0,0,21,0,0,19,17,19,22,0
481117,1,1,0,0,0,14,0,0,0,0,0,0
481117,2,1,0,0,0,0,0,0,0,0,0,0
481118,0,1,0,0,24,28,14,0,0,0,0,0
481118,1,1,0,16,0,10,13,0,5,0,0,16
481119,1,1,4,23,0,0,24,0,0,9,0,9
481120,1,1,0,0,0,0,0,0,0,0,0,0
481120,2,1,0,24,0,0,0,0,0,0,0,0
481121,1,1,0,0,0,0,0,0,0,17,0,0
481122,1,1,21,11,0,0,9,0,0,0,0,9
481123,1,1,0,0,0,0,0,0,0,0,0,0
481123,2,1,0,0,0,0,0,0,0,0,0,0