ST_CASE,VEH_NO,PER_NO,P1,P2,P3,P4,P5,P6,P7,P8,P9,P10
481124,1,1,10,10,10,10,10,10,10,10,10,10
481125,1,1,22,36,0,0,0,0,0,0,0,0
481125,2,1,0,0,0,0,0,0,0,0,0,0
481126,1,1,0,0,0,0,0,0,12,0,0,20
481126,2,1,22,14,13,0,15,0,22,17,0,27
481127,1,1,0,0,0,0,25,0,0,0,0,0
481127,2,1,0,0,0,0,11,0,0,0,0,0
481127,3,1,0,0,0,0,13,0,0,30,0,11
481127,4,1,0,8,0,0,0,0,16,0,0,0
481128,1,1,30,30,30,30,30,30,30,30,30,30
481129,1,1,24,24,24,24,24,24,24,24,24,24
481129,2,1,0,0,0,0,0,0,0,0,0,0
481130,1,1,0,0,0,0,0,0,8,0,0,0
481130,2,1,11,0,0,12,9,0,0,0,0,0
481131,1,1,0,29,0,0,0,17,0,18,0,29
481131,2,1,0,0,0,18,0,18,0,0,0,6
481132,1,1,21,0,0,0,0,0,0,14,4,0
481132,2,1,0,0,0,0,0,19,13,0,0,0
481133,1,1,0,0,0,0,0,0,0,0,0,0
481134,1,1,0,0,0,0,9,0,0,0,0,0
481134,2,1,1,1,1,1,1,1,1,1,1,1
481135,1,1,0,0,0,0,0,0,0,0,0,0
481136,1,1,0,0,0,0,0,0,0,0,0,0
481136,2,1,0,0,0,0,0,0,0,0,0,0
481137,1,1,13,13,13,13,13,13,13,13,13,13
481137,2,1,10,0,26,6,0,18,12,0,0,0
481138,1,1,0,0,0,0,0,0,0,0,0,0
481139,1,1,0,0,0,0,0,0,0,0,19,0
481139,2,1,0,0,0,0,0,0,0,0,0,0
481140,0,1,0,0,0,0,0,0,0,0,0,0
481140,1,1,0,0,0,0,0,0,6,8,8,0
481140,2,1,21,0,21,0,9,0,0,0,0,0
481141,1,1,18,18,18,18,18,18,18,18,18,18
481141,2,1,0,0,25,10,0,0,17,0,0,0
481142,1,1,0,0,0,0,0,0,0,0,0,0
481142,2,1,0,0,0,0,0,0,0,0,0,4
481143,0,1,25,0,0,0,0,0,0,0,0,30
481143,1,1,9,9,0,0,0,3,16,28,13,14
481144,1,1,15,18,32,11,14,13,37,24,15,9
481144,2,1,11,11,11,11,11,11,11,11,11,11
481145,2,1,21,21,21,21,21,21,21,21,21,21
481146,1,1,0,0,0,0,0,0,0,0,0,0
481147,1,1,14,14,14,14,14,14,14,14,14,14
481148,1,1,22,0,0,0,15,0,12,0,0,0
481148,2,1,0,0,0,0,0,0,0,0,0,11
481149,1,1,0,0,0,0,0,0,0,0,0,0
481149,2,1,0,0,0,0,0,0,0,0,0,0
481149,3,1,0,0,0,0,0,0,0,0,0,0
481149,4,1,0,0,0,0,0,0,0,0,0,0
481149,5,1,0,0,0,9,0,0,0,0,0,0
481150,1,1,21,21,21,21,21,21,21,21,21,21
481152,0,1,28,28,28,28,28,28,28,28,28,28
481152,1,1,0,0,14,12,0,0,0,6,0,0
481153,1,1,0,0,0,0,0,0,0,0,0,0
481153,2,1,0,0,0,12,0,0,9,0,0,2
481154,0,1,0,0,31,17,0,23,0,0,5,23
481154,1,1,0,0,0,0,0,0,0,0,0,0
481155,1,1,13,15,28,34,0,0,34,0,0,0
481156,1,1,0,0,0,0,0,0,0,0,0,0
481156,2,1,0,0,0,0,0,0,0,21,11,0
481156,3,1,0,0,0,0,0,0,7,0,0,0
481157,0,1,28,28,28,28,28,28,28,28,28,28
481157,1,1,0,0,6,0,5,0,0,0,14,0
481158,1,1,13,13,13,13,13,13,13,13,13,13
481158,2,1,0,0,0,17,0,0,0,0,6,0
481159,1,1,0,0,0,0,0,0,0,0,0,0
481159,2,1,21,21,21,21,21,21,21,21,21,21
481160,1,1,0,14,0,0,0,0,0,0,0,0
481161,1,1,26,26,26,26,26,26,26,26,26,26
481161,2,1,0,0,0,0,0,0,0,0,0,0
481162,1,1,22,22,22,22,22,22,22,22,22,22
481163,1,1,15,28,0,0,13,0,0,0,0,12
481164,1,1,1,0,0,0,0,0,0,0,0,0
481164,2,1,0,0,0,0,0,0,0,4,0,0
481165,1,1,15,15,15,15,15,15,15,15,15,15
481166,0,1,0,0,0,0,0,0,0,0,0,0
481166,1,1,0,0,0,0,0,0,0,0,0,0
481167,0,1,20,20,20,20,20,20,20,20,20,20
481167,1,1,22,22,22,22,22,22,22,22,22,22
481168,1,1,0,0,0,0,0,0,0,0,0,0
481168,2,1,0,0,0,0,0,0,0,0,0,16
481168,3,1,0,0,16,21,0,0,0,0,0,0
481169,1,1,0,0,0,0,0,0,0,0,0,0
481169,2,1,19,19,19,19,19,19,19,19,19,19
481170,1,1,12,12,12,12,12,12,12,12,12,12
481171,1,1,15,15,15,15,15,15,15,15,15,15
481171,2,1,0,0,0,0,0,0,0,0,0,0
481172,0,1,0,0,0,0,17,0,25,0,0,0
481172,1,1,7,0,0,0,0,0,0,0,7,0
481173,1,1,0,0,0,0,0,0,0,0,0,0
481174,1,1,0,0,0,0,0,0,0,0,0,0
481174,2,1,0,0,0,0,0,0,1,0,0,0
481174,3,1,0,0,2,0,0,0,0,0,0,0
481175,1,1,16,16,16,16,16,16,16,16,16,16
481175,2,1,8,0,0,14,0,0,0,0,0,0
481176,1,1,19,0,0,24,0,13,0,17,15,13
481177,1,1,0,0,0,20,0,34,37,7,0,0
481177,2,1,8,0,0,0,0,0,0,0,0,0
481178,1,1,0,0,10,0,16,15,16,13,11,0
481179,1,1,19,16,18,28,14,8,25,0,14,10
481179,2,1,0,0,0,0,0,0,0,0,0,0
481180,1,1,20,9,19,19,0,0,0,38,39,27
481180,2,1,0,0,0,0,0,0,12,11,0,0
481181,1,1,0,0,0,0,0,0,0,0,0,0
481182,1,1,25,25,25,25,25,25,25,25,25,25
481182,2,1,0,0,0,0,0,0,0,0,18,0
481183,1,1,0,0,0,0,0,0,0,0,0,22
481184,1,1,0,0,0,0,0,0,0,0,0,0
481184,2,1,0,0,0,0,0,0,0,0,0,0
481184,3,1,0,0,0,0,0,0,0,0,0,0
481184,4,1,0,0,0,0,0,0,0,0,0,0
481184,5,1,0,0,0,0,0,0,0,0,0,0
481185,1,1,0,0,0,0,0,0,0,0,0,0
481185,2,1,12,12,12,12,12,12,12,12,12,12
481186,1,1,10,0,0,13,21,25,16,22,0,15
481187,1,1,13,16,0,0,0,0,6,14,0,13
481187,2,1,0,18,0,0,37,14,35,0,20,0
481188,1,1,0,0,0,0,0,0,0,0,0,0
481188,2,1,0,0,0,0,0,0,0,0,0,0
481189,1,1,12,12,12,12,12,12,12,12,12,12
481190,0,1,0,0,0,0,0,0,0,0,0,0
481190,1,1,0,0,0,0,0,0,0,0,0,0
481191,1,1,9,0,0,0,0,0,18,6,0,5
481191,2,1,0,0,0,0,5,0,17,14,0,0
481192,1,1,22,0,0,0,0,0,0,0,9,0
481193,1,1,16,30,0,0,13,4,27,16,0,0
481193,2,1,0,0,5,0,17,0,0,16,24,11
481194,0,1,0,0,0,0,23,9,16,24,0,0
481194,1,1,0,0,0,0,0,0,0,0,19,0
481195,1,1,0,0,0,0,0,0,0,0,0,0
481195,2,1,0,0,0,0,0,0,0,0,0,0
481196,1,1,0,0,9,0,0,0,0,0,0,2
481197,1,1,34,28,0,0,15,0,0,0,0,7
481198,1,1,35,21,25,14,36,8,7,0,0,0
481199,1,1,14,14,14,14,14,14,14,14,14,14
481199,2,1,0,0,0,0,0,0,0,0,0,0
481200,1,1,0,0,0,0,0,0,0,0,0,0
481200,2,1,17,23,0,0,0,0,0,0,0,0
481201,0,1,14,29,19,10,0,34,0,0,0,0
481201,1,1,0,0,15,0,11,20,0,37,21,0
481202,0,1,13,13,13,13,13,13,13,13,13,13
481202,1,1,0,0,0,0,0,0,0,0,0,0
481204,1,1,15,15,15,15,15,15,15,15,15,15
481205,1,1,0,0,0,0,0,0,0,0,0,0
481205,2,1,0,0,24,0,0,0,9,13,10,0
481206,1,1,32,0,11,22,28,12,0,0,0,0
481206,2,1,0,0,0,0,0,0,0,0,0,0
481207,1,1,0,0,0,0,0,0,0,0,0,0
481207,2,1,0,0,0,0,0,0,0,0,0,0
481207,3,1,3,0,0,0,8,0,0,0,0,0
481207,4,1,0,0,0,0,0,0,0,0,0,0
481207,5,1,0,0,0,0,0,0,0,0,0,0
481207,6,1,0,0,0,0,0,0,0,0,0,0
481209,0,1,0,0,0,0,0,0,0,30,0,0
481209,1,1,0,0,0,0,0,0,0,0,0,0
481210,1,1,0,0,0,0,0,0,15,0,0,0
481210,2,1,6,6,6,6,6,6,6,6,6,6
481211,0,1,0,0,18,25,0,20,0,0,0,0
481211,1,1,20,0,13,0,0,0,0,0,0,0
481212,1,1,19,27,0,13,0,0,0,14,0,0
481212,2,1,2,2,2,2,2,2,2,2,2,2
481213,1,1,12,0,0,0,19,0,0,0,0,0
481214,1,1,6,6,6,6,6,6,6,6,6,6
481215,1,1,0,0,0,0,0,0,0,0,0,0
481215,2,1,0,0,0,0,0,0,0,0,0,0
481215,3,1,0,0,0,0,0,0,0,0,0,0
481216,1,1,0,0,0,0,0,0,0,0,0,0
481216,2,1,22,22,22,22,22,22,22,22,22,22
481217,1,1,13,9,20,15,31,17,26,24,8,27
481218,0,1,0,0,0,0,0,0,0,0,0,0
481218,1,1,11,11,11,11,11,11,11,11,11,11
481219,0,1,22,22,22,22,22,22,22,22,22,22
481219,1,1,0,0,3,0,0,0,0,18,0,0
481220,1,1,17,19,0,0,0,10,0,0,13,25
481220,2,1,0,21,0,0,0,0,0,0,24,14
481221,1,1,20,20,20,20,20,20,20,20,20,20
481221,2,1,0,6,16,0,0,0,0,13,0,0
481222,1,1,18,18,18,18,18,18,18,18,18,18
481223,1,1,0,0,0,0,0,0,0,0,0,0
481224,0,1,0,0,0,54,0,0,0,0,0,0
481224,1,1,0,0,0,0,0,0,0,13,0,0
481225,0,1,19,19,19,19,19,19,19,19,19,19
481225,1,1,0,0,0,0,0,2,0,0,0,0
481226,1,1,23,0,0,0,0,0,14,0,0,0
481226,2,1,17,20,19,22,3,11,18,23,38,8
481227,1,1,38,38,38,38,38,38,38,38,38,38
481228,0,1,2,2,2,2,2,2,2,2,2,2
481228,1,1,0,0,0,0,14,0,0,22,0,15
481229,0,1,16,16,16,16,16,16,16,16,16,16
481229,1,1,12,12,12,12,12,12,12,12,12,12
481230,0,1,0,0,0,0,0,0,0,0,0,0
481230,1,1,0,0,0,0,23,0,0,0,11,0
481231,0,1,10,10,10,10,10,10,10,10,10,10
481231,1,1,0,0,0,0,20,0,0,15,32,20
481232,1,1,15,15,15,15,15,15,15,15,15,15
481232,2,1,0,0,0,0,0,14,0,0,0,13
481232,3,1,25,6,0,0,14,0,0,14,0,0
481233,1,1,0,0,13,14,14,0,0,0,0,0
481233,2,1,0,14,0,16,0,0,0,0,0,16
481234,0,1,0,0,0,0,0,0,0,0,0,0
481234,1,1,0,18,15,22,0,0,0,0,22,0
481235,1,1,17,17,17,17,17,17,17,17,17,17
481236,1,1,29,16,26,25,20,24,0,30,28,0
481237,1,1,23,23,23,23,23,23,23,23,23,23
481238,1,1,0,0,0,0,0,0,0,0,0,0
481238,3,1,0,0,0,0,0,0,0,0,0,0
481239,1,1,22,0,0,10,22,26,0,0,0,0
481239,2,1,13,11,0,28,6,23,14,0,0,0
481241,1,1,0,0,16,0,0,0,0,16,0,0
481241,2,1,0,0,0,0,0,0,0,0,0,0
481242,1,1,0,0,26,0,0,0,0,0,24,0
481243,1,1,0,14,7,0,0,18,10,0,0,0
481244,1,1,0,0,0,10,0,0,0,0,0,0
481244,2,1,15,15,15,15,15,15,15,15,15,15
481245,1,1,23,23,23,23,23,23,23,23,23,23
481246,0,1,0,12,0,0,0,0,0,0,16,0
481247,1,1,24,24,24,24,24,24,24,24,24,24
481248,1,1,2,2,2,2,2,2,2,2,2,2
481248,2,1,0,0,22,0,0,25,0,19,0,15
481248,3,1,0,11,18,0,0,0,0,0,19,14
481249,1,1,18,18,18,18,18,18,18,18,18,18
481250,1,1,2,12,0,0,0,0,0,6,10,0
481250,2,1,7,18,7,0,19,9,23,12,14,21
481251,1,1,0,0,0,0,0,0,5,0,0,0
481251,2,1,0,0,0,0,0,0,0,0,0,0
481252,1,1,0,0,0,0,0,0,0,5,0,0
481252,2,1,0,0,0,0,0,0,0,0,0,0
481253,1,1,0,0,0,0,0,0,0,0,0,0
481254,1,1,9,9,9,9,9,9,9,9,9,9
481255,1,1,13,13,13,13,13,13,13,13,13,13
481255,2,1,0,4,0,0,0,0,0,0,0,0
481256,1,1,26,24,29,6,32,14,32,20,23,0
481257,1,1,0,0,0,0,0,7,0,0,0,12
481257,2,1,0,0,0,0,0,0,0,0,0,0
481257,3,1,0,0,0,0,0,0,0,0,7,0
481257,4,1,0,10,0,0,0,0,0,0,0,0
481257,5,1,0,0,0,0,0,0,0,0,0,0
481257,6,1,0,0,0,0,0,0,0,0,0,0
481257,7,1,0,0,0,0,0,0,0,0,0,0
481257,8,1,0,0,0,0,0,0,0,4,0,0
481257,9,1,0,0,0,0,0,0,0,0,0,0
481258,0,1,0,0,0,0,0,0,0,0,0,0
481258,1,1,0,0,0,0,0,0,0,0,0,0
481259,1,1,0,0,0,25,16,0,20,0,0,0
481260,1,1,0,0,0,0,11,0,0,0,25,0
481260,2,1,0,0,0,0,0,0,0,0,0,18
481260,3,1,0,0,0,0,0,7,0,0,0,0
481261,1,1,0,14,0,0,0,40,0,19,0,0
481261,2,1,18,0,0,0,0,0,21,0,0,0
481262,1,1,0,0,0,0,0,0,0,6,0,0
481262,2,1,0,0,0,0,0,0,0,0,0,0
481263,1,1,26,26,26,26,26,26,26,26,26,26
481264,1,1,20,20,20,20,20,20,20,20,20,20
481265,0,1,34,34,34,34,34,34,34,34,34,34
481265,1,1,7,5,15,0,18,0,19,0,0,0
481266,1,1,17,17,17,17,17,17,17,17,17,17
481266,2,1,0,0,0,0,0,0,0,0,0,0
481267,1,1,0,0,0,0,0,0,0,0,0,0
481267,2,1,0,0,0,0,0,0,9,0,0,0
481267,3,1,26,0,0,0,0,10,0,0,6,0
481268,1,1,0,20,0,13,0,30,0,8,0,0
481268,2,1,0,0,37,0,0,0,0,0,39,0
481269,1,1,1,1,1,1,1,1,1,1,1,1
481269,2,1,0,0,0,0,0,0,6,0,24,0
481270,1,1,27,27,27,27,27,27,27,27,27,27
481270,2,1,0,0,0,0,0,0,0,0,0,0
481271,1,1,15,15,15,15,15,15,15,15,15,15
481272,1,1,0,0,0,0,13,21,0,0,10,0
481273,0,1,25,25,25,25,25,25,25,25,25,25
481273,1,1,0,0,0,0,0,0,0,21,0,0
481274,0,1,22,0,24,25,23,14,9,16,21,11
481274,1,1,18,0,0,0,0,0,0,8,23,0
481275,1,1,7,7,7,7,7,7,7,7,7,7
481276,1,1,0,0,0,0,0,0,0,0,0,0
481277,1,1,7,7,7,7,7,7,7,7,7,7
481277,2,1,0,0,0,0,0,0,0,0,0,0
481278,0,1,0,0,0,0,0,0,0,0,0,0
481278,1,1,0,0,0,0,0,0,0,0,0,0
481279,1,1,12,14,9,0,11,7,16,0,0,19
481279,2,1,0,0,0,0,0,20,0,0,0,0
481280,1,1,0,0,0,0,0,0,0,0,0,0
481280,2,1,29,0,0,0,0,0,0,0,19,16
481280,3,1,0,0,0,0,0,0,12,0,0,0
481280,4,1,0,0,0,0,0,0,0,0,0,0
481281,0,1,0,0,0,0,0,0,0,0,0,22
481281,1,1,17,11,0,12,13,0,0,0,0,10
481282,1,1,12,12,12,12,12,12,12,12,12,12
481283,1,1,0,0,0,0,0,0,14,0,0,0
481283,2,1,0,0,0,10,28,0,0,0,0,0
481283,3,1,0,0,2,0,0,0,0,5,0,0
481284,0,1,0,0,28,9,32,0,22,23,19,37
481284,0,2,40,17,0,30,0,17,0,0,10,0
481284,1,1,15,0,0,0,0,10,12,22,14,0
481285,1,1,29,29,29,29,29,29,29,29,29,29
481286,1,1,0,0,0,0,0,18,0,0,0,0
481286,2,1,0,0,0,0,0,0,0,0,0,0
481288,1,1,29,36,20,22,22,13,16,19,32,15
481289,1,1,0,0,0,0,0,0,0,0,0,0
481289,2,1,0,0,0,0,0,0,0,12,0,0
481290,1,1,26,11,0,0,7,20,22,5,0,14
481291,1,1,17,17,17,17,17,17,17,17,17,17
481291,2,1,13,13,13,13,13,13,13,13,13,13
481292,1,1,12,12,12,12,12,12,12,12,12,12
481293,1,1,12,12,12,12,12,12,12,12,12,12
481294,1,1,18,18,18,18,18,18,18,18,18,18
481295,1,1,0,0,0,0,0,0,0,0,0,0
481296,0,1,28,28,28,28,28,28,28,28,28,28
481296,1,1,0,0,0,4,14,15,0,0,0,22
481297,1,1,10,5,0,10,14,4,16,18,16,0
481298,1,1,0,0,0,0,0,0,0,0,0,7
481298,2,1,0,0,14,0,0,0,0,0,26,0
481298,3,1,0,0,0,0,0,0,7,0,35,0
481299,1,1,0,17,0,21,15,0,0,16,18,0
481299,2,1,23,23,0,0,18,0,0,0,0,0
481300,1,1,0,17,0,0,11,15,17,13,0,7
481300,2,1,20,27,2,14,27,17,10,19,19,4
481300,3,1,13,19,0,16,0,0,7,0,0,0
481301,1,1,19,19,19,19,19,19,19,19,19,19
481301,2,1,0,0,19,0,14,0,0,0,19,0
481302,1,1,0,0,0,0,0,0,0,0,0,0
481302,2,1,0,0,0,0,0,0,0,0,0,0
481303,0,1,0,0,0,0,0,0,0,0,0,0
481303,1,1,0,0,0,0,26,0,0,0,16,0
481304,1,1,0,0,0,0,0,0,0,0,0,0
481304,2,1,0,0,0,0,0,0,0,24,0,0
481305,1,1,7,7,7,7,7,7,7,7,7,7
481306,0,1,0,0,0,0,0,0,0,0,0,0
481306,1,1,0,0,0,0,0,0,0,0,0,0
481307,1,1,0,0,0,0,0,0,0,0,0,0
481307,2,1,0,0,0,0,29,0,0,0,0,0
481308,1,1,0,0,0,23,0,0,0,0,0,0
481308,2,1,0,0,0,0,0,24,0,0,0,0
481308,3,1,4,0,0,0,0,33,0,32,0,0
481309,1,1,0,0,10,13,0,0,0,0,0,0
481311,1,1,19,30,19,5,32,11,3,20,7,5
481311,2,1,0,19,8,0,0,0,12,14,0,0
481312,1,1,0,0,0,0,0,0,0,0,0,0
481312,2,1,0,0,0,0,0,0,0,0,0,0
481312,3,1,0,0,0,0,17,0,0,0,0,0
481313,0,1,13,13,13,13,13,13,13,13,13,13
481313,1,1,0,0,0,0,0,0,0,0,0,0
481314,1,1,21,0,0,0,0,0,0,0,22,0
481314,2,1,0,0,0,25,0,16,0,16,0,0
481315,0,1,4,9,0,0,36,0,7,0,0,41
481315,1,1,33,0,3,12,25,0,11,10,27,0
481316,0,1,11,11,11,11,11,11,11,11,11,11
481316,1,1,0,0,0,0,0,0,0,0,0,0
481317,1,1,0,0,0,0,12,0,0,0,0,11
481318,1,1,0,0,0,0,0,0,0,0,0,0
481318,2,1,0,0,0,0,0,0,0,0,0,0
481319,1,1,22,22,22,22,22,22,22,22,22,22
481320,1,1,23,0,0,0,0,0,0,0,0,0
481320,2,1,0,0,0,0,0,0,13,0,0,8
481321,1,1,0,0,0,0,34,0,20,12,0,0
481322,1,1,17,17,17,17,17,17,17,17,17,17
481322,2,1,6,11,0,0,5,0,0,18,0,9
481323,1,1,24,24,24,24,24,24,24,24,24,24
481324,1,1,10,10,10,10,10,10,10,10,10,10
481325,1,1,19,19,31,21,6,35,20,23,26,48
481326,1,1,0,0,0,0,0,0,0,0,0,0
481326,2,1,0,11,0,0,0,0,7,0,0,0
481327,1,1,0,12,0,2,4,15,0,0,16,0
481327,2,1,0,0,0,0,0,8,7,0,10,2
481328,1,1,0,0,0,0,0,33,0,0,0,0
481328,2,1,19,0,0,0,5,0,0,0,0,0
481329,1,1,0,0,0,0,0,0,0,0,0,0
481329,2,1,0,0,0,0,0,0,0,0,19,0
481330,1,1,0,0,0,0,0,0,0,0,0,0
481330,2,1,0,0,0,0,0,0,0,0,0,0
481331,1,1,0,0,0,7,24,0,0,12,7,0
481331,2,1,0,0,16,0,0,38,0,0,8,0
481332,1,1,16,16,16,16,16,16,16,16,16,16
481333,1,1,0,0,0,0,0,0,10,0,0,0
481333,2,1,0,0,0,0,0,0,0,0,21,0
481333,3,1,0,0,28,0,0,0,0,0,0,0
481333,4,1,22,0,0,0,0,0,0,0,0,0
481333,5,1,0,0,0,0,61,0,0,0,0,0
481334,1,1,18,0,11,0,0,0,12,0,0,0
481334,2,1,0,0,0,21,0,0,0,22,0,0
481335,1,1,13,27,10,19,25,0,20,8,15,13
481336,1,1,0,0,0,0,0,0,0,0,0,0
481336,2,1,0,0,0,0,0,0,0,0,0,0
481336,3,1,0,0,0,0,0,0,0,0,0,0
481337,1,1,0,0,0,0,0,0,0,0,0,0
481338,1,1,20,20,20,20,20,20,20,20,20,20
481339,1,1,9,9,9,9,9,9,9,9,9,9
481340,1,1,16,0,0,24,0,20,0,0,0,34
481341,0,1,3,3,3,3,3,3,3,3,3,3
481341,1,1,0,0,0,0,0,0,0,0,0,0
481342,1,1,0,0,0,0,0,0,0,0,0,0
481342,2,1,0,0,0,0,6,0,0,0,0,0
481343,1,1,0,0,0,0,0,0,0,0,0,0
481343,2,1,25,25,25,25,25,25,25,25,25,25
481344,1,1,0,0,0,0,0,0,0,0,0,0
481344,2,1,0,0,0,0,0,21,0,0,0,0
481345,1,1,0,18,0,0,0,0,0,12,0,0
481345,2,1,0,0,0,0,0,16,0,0,0,0
481346,1,1,0,0,0,0,0,0,0,0,0,0
481347,1,1,0,0,0,0,0,0,0,0,0,0
481348,1,1,7,7,0,20,11,0,0,0,0,0
481348,2,1,0,10,0,0,0,4,13,0,0,0
481349,1,1,0,0,0,0,0,0,0,0,0,0
481349,2,1,0,6,0,0,0,0,0,0,0,0
481350,1,1,0,0,0,0,0,0,0,0,0,0
481350,2,1,0,0,0,0,0,0,0,0,0,0
481351,1,1,15,0,0,2,21,0,0,37,0,0
481352,1,1,12,12,12,12,12,12,12,12,12,12
481352,2,1,7,7,7,7,7,7,7,7,7,7
481353,1,1,0,0,0,0,0,0,0,0,0,0
481354,1,1,8,8,0,0,4,0,0,19,22,0
481354,2,1,10,0,0,16,0,20,0,20,0,0
481355,1,1,0,0,0,0,0,0,0,0,0,0
481356,1,1,0,0,0,0,25,0,0,0,0,0
481356,2,1,12,0,0,0,10,0,6,5,0,17
481356,3,1,0,7,0,15,0,0,0,9,9,0
481357,1,1,17,17,17,17,17,17,17,17,17,17
481357,2,1,0,0,18,6,0,0,16,0,0,18
481358,0,1,29,0,0,0,24,0,0,0,0,0
481358,1,1,0,13,0,19,21,0,0,26,11,0
481359,1,1,11,0,21,0,19,0,20,0,8,19
481360,1,1,0,0,0,0,2,14,0,0,0,0
481360,2,1,0,0,0,0,0,0,0,0,0,0
481361,1,1,0,0,0,0,0,0,0,0,0,0
481361,2,1,0,0,0,0,0,0,0,0,0,0
481362,1,1,16,16,16,16,16,16,16,16,16,16
481363,0,1,0,23,0,11,0,0,0,10,24,0
481363,1,1,18,0,6,14,0,31,31,38,4,0
481364,1,1,18,0,0,25,15,0,0,13,0,0
481364,2,1,0,0,0,0,0,0,0,0,0,0
481365,1,1,27,27,27,27,27,27,27,27,27,27
481366,1,1,0,0,0,0,0,0,0,0,0,0
481366,2,1,0,0,0,0,0,0,0,0,0,0
481367,1,1,0,0,0,0,0,0,0,0,0,0
481368,1,1,8,0,19,12,0,0,15,26,14,0
481369,1,1,0,0,15,0,18,0,0,0,0,0
481369,2,1,7,0,0,7,0,0,0,0,10,15
481370,1,1,0,0,0,0,11,11,16,0,6,0
481371,0,1,0,0,0,0,0,0,22,0,37,0
481371,1,1,0,0,0,0,0,0,0,0,0,0
481372,1,1,0,14,0,0,0,0,0,0,0,0
481372,2,1,0,0,0,0,0,0,0,0,0,0
481373,1,1,0,35,36,0,0,25,0,0,0,0
481373,2,1,0,0,0,0,0,0,0,0,0,0
481374,0,1,26,19,16,29,0,0,0,0,17,13
481374,1,1,16,11,16,20,6,9,0,27,26,24
481375,1,1,0,20,0,0,0,0,18,0,0,0
481375,2,1,13,13,13,13,13,13,13,13,13,13
481376,1,1,0,23,0,0,6,0,0,0,15,0
481376,2,1,0,0,0,0,0,0,0,0,0,0
481377,1,1,0,0,17,0,36,4,0,0,2,0
481377,2,1,0,14,0,0,0,0,0,0,0,0
481377,3,1,0,0,0,0,9,0,0,0,0,0
481378,1,1,0,16,0,0,23,0,0,25,0,0
481378,2,1,0,0,0,0,0,0,0,0,0,0
481379,1,1,18,18,18,18,18,18,18,18,18,18
481380,1,1,0,0,0,0,0,0,0,0,0,0
481380,2,1,0,0,15,16,13,0,29,16,0,0
481381,0,1,0,0,0,0,0,0,0,0,0,0
481381,1,1,0,11,0,0,0,0,0,0,0,0
481382,1,1,0,0,0,0,0,0,0,0,0,0
481382,2,1,0,0,0,0,0,0,0,0,0,0
481383,1,1,0,0,0,0,0,0,0,0,0,0
481384,1,1,0,22,25,11,0,5,0,17,28,16
481385,0,1,0,0,0,0,0,0,0,0,0,0
481385,0,2,0,0,0,22,0,8,0,0,0,19
481385,0,3,0,0,21,6,0,0,0,34,25,22
481385,1,1,7,7,7,7,7,7,7,7,7,7
481385,2,1,0,0,0,6,0,0,0,0,0,0
481386,1,1,5,5,5,5,5,5,5,5,5,5
481386,2,1,0,0,0,0,9,0,17,8,0,3
481386,3,1,7,3,19,31,6,30,26,6,0,0
481387,1,1,21,21,21,21,21,21,21,21,21,21
481388,1,1,0,0,0,0,0,0,0,0,0,13
481389,1,1,0,0,14,0,16,0,0,0,0,0
481389,2,1,0,0,0,0,0,0,0,0,0,0
481390,1,1,0,0,0,0,0,0,0,0,0,0
481390,2,1,0,0,0,0,0,5,0,0,0,0
481391,1,1,21,21,21,21,21,21,21,21,21,21
481391,2,1,10,10,10,10,10,10,10,10,10,10
481392,1,1,38,38,38,38,38,38,38,38,38,38
481392,2,1,0,0,0,0,0,0,28,0,0,0
481393,0,1,19,0,0,20,0,0,0,0,0,0
481393,1,1,0,0,0,0,0,0,0,29,0,4
481395,1,1,0,0,0,0,0,0,0,0,0,0
481395,2,1,0,0,0,18,0,0,0,0,19,0
481396,1,1,0,0,0,0,0,0,0,0,0,0
481396,2,1,0,0,0,0,0,0,0,0,0,0
481397,1,1,0,0,0,0,0,0,0,13,0,0
481399,1,1,0,0,0,0,0,0,0,0,0,0
481399,2,1,0,14,14,0,0,0,0,0,0,0
481400,1,1,0,0,0,0,0,0,0,0,0,0
481401,1,1,0,0,0,14,14,0,0,19,0,0
481402,0,1,27,27,27,27,27,27,27,27,27,27
481402,1,1,0,14,19,23,7,21,0,3,0,0
481403,1,1,0,0,0,0,26,0,0,0,0,0