ST_CASE,VEH_NO,PER_NO,P1,P2,P3,P4,P5,P6,P7,P8,P9,P10
481403,2,1,0,0,0,0,0,0,0,0,14,0
481403,3,1,0,15,0,0,0,0,0,0,0,0
481404,1,1,0,0,0,0,0,0,0,0,0,0
481404,2,1,0,37,0,0,0,0,0,0,0,0
481405,1,1,50,50,50,50,50,50,50,50,50,50
481406,1,1,1,1,1,1,1,1,1,1,1,1
481407,1,1,0,0,0,0,0,0,0,0,0,0
481407,2,1,0,0,0,27,0,0,0,0,0,6
481408,1,1,0,0,41,0,8,0,0,0,18,0
481408,2,1,0,0,0,7,0,0,0,0,0,0
481409,1,1,0,0,0,0,0,0,0,0,0,0
481409,2,1,10,0,0,20,0,14,0,0,0,8
481410,1,1,0,0,0,6,0,0,34,15,0,14
481411,1,1,21,17,23,8,0,11,22,9,4,11
481412,1,1,1,1,1,1,1,1,1,1,1,1
481413,1,1,15,0,11,11,15,6,0,0,13,12
481414,0,1,7,7,7,7,7,7,7,7,7,7
481414,1,1,0,0,0,0,0,0,0,0,0,0
481415,1,1,0,10,0,0,6,22,23,36,0,24
481416,1,1,0,0,0,0,0,0,0,0,0,0
481416,2,1,15,15,15,15,15,15,15,15,15,15
481417,1,1,12,12,12,12,12,12,12,12,12,12
481417,2,1,0,0,0,0,0,0,0,0,0,0
481418,0,1,12,12,12,12,12,12,12,12,12,12
481418,1,1,0,0,0,22,0,0,6,0,26,0
481419,1,1,28,28,28,28,28,28,28,28,28,28
481420,1,1,0,0,0,0,0,0,0,0,0,0
481420,2,1,0,0,0,0,0,0,0,0,0,0
481420,3,1,0,4,0,0,0,0,0,0,0,0
481421,1,1,10,0,0,12,23,0,0,0,8,20
481422,1,1,0,0,0,8,0,0,0,0,0,25
481423,0,1,14,27,23,22,0,0,0,0,0,0
481423,1,1,0,22,0,11,0,0,7,0,30,0
481424,1,1,0,0,0,0,0,0,0,0,0,0
481424,2,1,10,0,0,0,0,0,0,0,0,0
481425,1,1,0,0,0,0,0,0,0,0,0,0
481425,2,1,0,0,0,12,0,0,0,0,0,0
481425,3,1,0,0,0,0,0,0,0,0,0,0
481426,0,1,0,27,26,0,9,13,16,0,9,0
481426,1,1,0,0,0,0,0,0,0,26,9,0
481427,0,1,0,0,0,0,0,0,0,0,0,0
481427,1,1,0,0,0,0,0,0,0,0,5,0
481428,0,1,0,15,21,8,0,0,18,23,0,0
481428,1,1,22,8,28,6,8,34,12,11,0,21
481429,1,1,0,0,0,0,0,0,0,0,0,0
481429,2,1,0,0,0,0,0,0,0,0,0,0
481430,1,1,25,25,25,25,25,25,25,25,25,25
481430,2,1,0,0,0,0,0,0,0,0,0,0
481431,1,1,15,15,15,15,15,15,15,15,15,15
481432,1,1,0,0,0,0,0,0,0,0,0,0
481433,0,1,15,22,5,11,0,0,0,6,0,0
481433,1,1,13,13,13,13,13,13,13,13,13,13
481434,1,1,11,26,7,6,9,9,17,15,10,9
481434,2,1,22,0,0,14,0,0,0,0,11,9
481435,1,1,0,0,0,0,0,0,0,0,0,0
481436,1,1,0,0,0,0,0,0,0,0,0,0
481436,2,1,16,0,0,0,0,9,0,0,0,10
481437,1,1,14,14,14,14,14,14,14,14,14,14
481438,0,1,0,0,0,0,0,0,0,0,0,0
481438,1,1,0,0,0,0,0,0,0,0,0,0
481439,0,1,23,0,15,25,0,18,0,24,22,9
481439,1,1,0,0,13,0,24,0,22,0,14,12
481440,1,1,0,0,0,0,0,0,3,0,0,0
481440,2,1,0,0,0,0,0,0,0,0,26,0
481441,1,1,0,0,17,0,0,0,19,0,0,0
481441,2,1,0,0,0,0,0,17,0,0,13,0
481442,1,1,0,0,0,0,0,0,0,0,0,0
481442,2,1,0,0,0,0,0,0,0,0,0,0
481443,1,1,0,26,14,9,16,0,0,9,32,0
481444,1,1,0,0,0,0,0,0,0,0,0,0
481445,1,1,0,0,0,0,0,0,0,0,0,0
481446,1,1,25,0,17,21,10,7,5,7,0,15
481446,2,1,23,23,23,23,23,23,23,23,23,23
481447,1,1,9,0,0,0,11,17,8,0,0,0
481448,1,1,0,4,8,0,0,0,19,10,0,0
481448,2,1,5,18,0,4,0,0,0,25,0,16
481449,1,1,0,23,0,0,0,0,0,0,0,12
481450,0,1,25,0,0,0,0,0,0,43,34,17
481450,1,1,9,18,0,23,12,0,32,23,21,0
481450,2,1,0,0,0,0,0,0,0,0,4,0
481451,0,1,0,0,0,0,20,0,0,0,0,0
481451,1,1,0,0,24,0,0,0,16,9,0,7
481452,0,1,0,0,0,0,0,0,0,0,0,7
481452,1,1,0,0,0,0,0,0,0,18,0,0
481453,1,1,0,27,0,30,13,0,0,0,0,27
481454,0,1,0,0,0,0,0,0,0,0,0,0
481454,1,1,0,0,0,0,0,0,0,0,0,0
481455,1,1,17,0,0,0,0,0,0,0,0,9
481455,2,1,0,12,38,0,0,21,0,31,0,22
481456,1,1,0,0,0,0,0,0,0,0,0,0
481456,2,1,0,0,0,0,0,0,0,0,0,0
481457,1,1,0,0,0,15,0,10,0,0,2,0
481457,2,1,6,0,0,0,7,0,0,0,14,0
481458,1,1,22,22,22,22,22,22,22,22,22,22
481459,1,1,0,0,0,0,0,0,0,0,0,0
481460,1,1,0,0,0,0,0,0,0,0,0,0
481460,2,1,0,0,0,0,0,0,0,0,0,0
481461,1,1,0,0,0,0,0,0,0,0,0,0
481462,1,1,17,17,17,17,17,17,17,17,17,17
481463,1,1,0,29,24,0,4,7,21,34,0,29
481464,1,1,0,0,0,27,17,0,21,0,12,11
481465,1,1,21,21,21,21,21,21,21,21,21,21
481466,1,1,0,0,0,0,0,24,0,0,0,0
481466,2,1,0,0,0,0,0,0,0,0,0,0
481467,1,1,0,0,0,0,0,0,0,25,0,0
481467,2,1,0,0,0,0,0,0,0,6,0,0
481468,1,1,0,13,0,0,17,0,0,0,0,0
481468,2,1,0,0,10,6,0,7,7,15,0,0
481470,0,1,0,0,0,0,0,18,0,0,0,0
481470,1,1,0,0,0,0,0,0,0,0,0,0
481471,1,1,35,21,20,11,8,19,15,13,11,13
481472,1,1,0,10,0,0,31,24,0,0,14,0
481473,1,1,23,23,23,23,23,23,23,23,23,23
481474,0,1,0,0,0,0,0,0,0,0,0,0
481474,1,1,0,0,0,0,0,0,0,0,0,0
481475,1,1,0,0,0,0,0,0,0,0,0,0
481476,1,1,0,0,0,0,9,0,0,12,0,0
481476,2,1,0,0,0,0,0,0,0,0,0,0
481477,1,1,0,11,0,0,0,0,0,22,0,0
481477,2,1,0,0,0,0,7,0,0,0,0,0
481478,1,1,0,40,8,6,0,16,0,23,0,37
481479,1,1,0,0,0,0,0,4,0,0,0,0
481479,2,1,0,0,28,0,0,0,0,19,10,11
481480,1,1,11,11,11,11,11,11,11,11,11,11
481481,1,1,0,0,0,0,0,0,0,0,0,0
481481,2,1,0,0,12,0,17,0,0,0,0,0
481482,0,1,15,19,0,19,18,0,0,0,17,0
481482,1,1,0,0,0,0,0,0,0,0,0,0
481483,1,1,25,25,25,25,25,25,25,25,25,25
481484,1,1,0,0,0,0,0,0,0,0,0,0
481484,2,1,0,0,12,0,0,17,0,0,0,0
481485,0,1,11,11,11,11,11,11,11,11,11,11
481485,1,1,0,0,0,0,0,0,27,0,0,26
481486,1,1,17,12,18,22,30,24,7,29,13,6
481487,1,1,0,0,0,0,0,0,0,0,0,0
481487,2,1,0,10,0,0,0,0,0,0,0,0
481488,1,1,0,0,0,0,0,0,0,0,0,0
481489,0,1,0,6,28,12,20,9,6,21,31,15
481489,1,1,0,0,0,0,0,0,0,0,0,0
481490,1,1,0,0,0,0,0,0,0,0,0,0
481490,2,1,0,0,0,0,0,0,0,0,0,0
481491,1,1,0,0,0,0,16,8,0,2,0,0
481491,2,1,0,0,0,0,0,0,14,0,11,0
481492,0,1,0,0,0,0,0,0,0,0,0,0
481492,1,1,10,0,18,6,7,17,0,0,0,0
481493,1,1,5,5,5,5,5,5,5,5,5,5
481493,2,1,0,18,0,0,0,0,0,0,24,0
481494,1,1,6,0,0,19,0,13,11,22,0,0
481494,2,1,3,3,3,3,3,3,3,3,3,3
481495,1,1,12,12,12,12,12,12,12,12,12,12
481496,1,1,0,0,0,0,0,0,0,0,0,0
481497,0,1,7,7,7,7,7,7,7,7,7,7
481497,1,1,0,10,0,0,0,0,0,0,0,0
481498,1,1,14,14,14,14,14,14,14,14,14,14
481498,2,1,0,0,0,0,0,0,0,0,0,0
481499,1,1,19,19,19,19,19,19,19,19,19,19
481499,2,1,0,0,0,0,0,0,0,0,0,0
481500,1,1,25,25,25,25,25,25,25,25,25,25
481501,1,1,0,0,0,0,0,0,0,0,0,0
481501,2,1,0,0,0,0,9,0,0,0,0,0
481502,1,1,0,0,0,0,0,0,0,22,0,0
481503,1,1,0,0,0,0,0,0,0,0,0,0
481504,1,1,19,19,19,19,19,19,19,19,19,19
481505,1,1,0,0,0,0,0,0,0,0,0,0
481505,2,1,0,16,0,0,0,0,0,0,0,0
481506,0,1,0,0,0,0,0,0,0,0,0,0
481506,1,1,0,0,0,0,0,0,0,0,0,0
481507,1,1,0,0,0,0,0,0,0,0,0,0
481507,2,1,0,0,0,0,10,0,0,0,0,0
481508,0,1,5,5,5,5,5,5,5,5,5,5
481508,1,1,0,0,0,0,18,0,30,15,0,0
481509,1,1,0,0,0,0,0,0,0,0,0,0
481509,2,1,0,0,28,0,0,9,0,0,18,19
481510,1,1,0,0,0,2,17,22,0,0,0,0
481511,1,1,0,0,0,0,0,0,0,0,0,0
481511,2,1,13,13,13,13,13,13,13,13,13,13
481512,1,1,14,14,14,14,14,14,14,14,14,14
481512,2,1,0,0,0,0,0,0,0,0,0,0
481513,0,1,0,34,0,0,0,0,0,0,56,0
481513,1,1,0,0,0,0,8,0,0,0,0,0
481514,0,1,9,0,25,16,0,14,0,0,13,0
481514,1,1,0,0,0,0,19,0,0,20,7,0
481515,0,1,0,0,0,0,0,0,0,0,0,0
481515,1,1,0,0,6,0,6,0,14,0,0,0
481516,1,1,30,0,0,0,0,0,8,0,0,0
481517,0,1,26,26,26,26,26,26,26,26,26,26
481517,1,1,22,0,0,30,0,0,0,0,0,0
481517,2,1,0,0,0,0,9,0,16,19,0,0
481518,1,1,0,0,0,0,9,0,0,0,0,0
481518,2,1,0,0,0,0,0,24,14,0,0,0
481519,1,1,0,0,0,0,0,0,0,0,0,0
481519,2,1,8,0,0,0,0,0,0,0,0,0
481520,1,1,0,0,0,0,8,0,0,7,0,0
481520,2,1,0,0,0,0,0,0,0,0,0,0
481521,0,1,0,0,0,0,0,0,0,0,0,0
481521,1,1,0,7,7,0,0,0,0,0,0,19
481522,0,1,30,30,30,30,30,30,30,30,30,30
481522,1,1,0,0,0,0,0,0,0,0,0,0
481523,1,1,0,0,0,0,0,0,9,0,0,0
481523,2,1,0,0,0,0,0,0,0,0,0,0
481524,1,1,0,12,12,23,0,40,30,18,0,0
481524,2,1,0,18,0,0,0,0,0,0,0,26
481525,1,1,0,38,0,0,0,0,0,0,0,0
481525,2,1,13,0,0,0,0,0,0,0,0,0
481526,1,1,0,0,0,0,0,13,0,0,0,0
481527,1,1,0,0,0,0,0,0,0,0,0,0
481527,2,1,0,0,0,0,0,0,0,0,0,0
481528,1,1,0,0,0,0,0,0,0,0,0,0
481529,1,1,0,0,0,17,0,0,0,0,7,7
481529,2,1,0,0,0,0,0,0,0,0,0,0
481531,1,1,0,0,0,0,0,0,0,0,0,0
481531,2,1,0,0,0,0,0,0,0,0,0,0
481532,1,1,21,21,21,21,21,21,21,21,21,21
481532,2,1,0,0,0,18,12,11,0,19,16,0
481533,1,1,40,30,0,18,22,0,0,0,0,0
481533,2,1,0,0,0,0,0,0,0,0,0,0
481534,1,1,10,0,0,26,14,0,12,0,0,28
481535,1,1,16,16,16,16,16,16,16,16,16,16
481536,1,1,0,0,0,0,23,0,0,18,22,0
481536,2,1,9,0,0,0,19,14,0,0,0,0
481538,0,1,0,31,9,0,0,0,0,0,0,43
481538,1,1,0,0,0,0,21,0,0,7,0,0
481539,1,1,0,0,12,0,13,0,0,0,13,0
481539,2,1,0,0,0,0,0,0,0,0,0,0
481540,1,1,0,0,0,0,0,0,0,0,24,0
481540,2,1,13,13,13,13,13,13,13,13,13,13
481541,1,1,0,0,0,0,0,0,0,0,0,0
481541,2,1,0,0,0,0,0,0,0,0,0,0
481542,1,1,0,0,0,0,0,0,0,0,0,0
481543,1,1,0,0,0,0,0,0,0,0,0,0
481544,0,1,11,11,11,11,11,11,11,11,11,11
481544,1,1,2,2,2,2,2,2,2,2,2,2
481545,0,1,0,0,0,28,18,20,10,41,42,0
481545,1,1,0,0,0,0,16,0,0,0,22,0
481546,1,1,0,0,6,0,0,0,0,0,0,11
481546,2,1,0,0,0,0,0,0,0,0,0,0
481547,1,1,0,0,0,0,0,0,0,0,0,0
481547,2,1,8,0,0,15,0,0,0,0,0,0
481547,3,1,0,0,0,0,19,0,0,0,0,0
481547,4,1,0,0,0,0,0,0,0,0,0,0
481548,1,1,0,7,0,0,0,0,0,0,0,0
481548,2,1,0,12,0,9,0,0,24,0,0,0
481548,3,1,0,0,0,0,0,0,0,0,0,0
481548,4,1,13,0,12,0,0,0,0,0,0,0
481549,0,1,0,0,0,0,0,0,0,0,0,0
481549,1,1,0,0,0,0,0,0,0,0,0,7
481550,1,1,0,0,0,0,0,0,0,0,0,0
481550,2,1,0,0,0,0,0,10,0,0,0,0
481551,1,1,8,32,13,5,17,17,16,24,9,10
481552,1,1,0,0,0,0,0,0,0,0,0,0
481552,2,1,0,0,0,0,0,0,0,0,0,0
481553,0,1,0,0,0,0,0,0,0,0,17,0
481553,1,1,0,0,0,0,0,0,0,0,0,0
481554,1,1,12,12,12,12,12,12,12,12,12,12
481555,0,1,30,20,9,13,14,13,22,26,18,25
481555,1,1,10,0,19,0,0,9,0,0,0,0
481556,1,1,6,17,19,10,20,14,13,22,22,23
481557,1,1,0,0,0,0,0,0,0,0,0,0
481557,2,1,0,0,0,4,0,0,0,0,0,0
481558,1,1,15,13,22,21,8,0,0,0,8,11
481559,1,1,18,18,18,18,18,18,18,18,18,18
481560,1,1,36,36,36,36,36,36,36,36,36,36
481561,1,1,0,0,0,8,0,0,0,0,0,0
481561,2,1,0,0,0,0,0,0,13,0,6,0
481562,1,1,0,0,0,0,0,0,0,0,0,0
481562,2,1,0,0,0,0,0,0,0,0,0,0
481562,3,1,0,0,0,0,0,0,0,0,0,0
481563,1,1,0,0,0,0,0,0,0,0,0,0
481564,1,1,0,0,0,0,0,0,0,0,0,0
481564,2,1,0,0,31,23,46,0,0,0,0,33
481565,1,1,0,0,0,0,0,0,0,0,0,0
481565,2,1,0,5,0,0,0,0,0,0,0,0
481566,1,1,27,14,13,21,0,0,0,8,32,10
481567,1,1,5,5,5,5,5,5,5,5,5,5
481568,1,1,0,0,0,0,0,0,0,0,0,0
481568,2,1,0,0,0,0,0,0,0,0,0,0
481569,1,1,21,0,0,19,0,7,31,14,0,0
481570,1,1,17,0,11,39,37,0,14,11,52,37
481571,1,1,0,0,0,0,4,0,0,0,0,0
481571,2,1,0,9,0,0,0,10,0,0,0,0
481571,3,1,0,5,0,0,0,0,0,0,0,0
481571,4,1,0,0,0,0,0,0,0,0,0,0
481572,1,1,2,0,0,0,0,0,0,0,0,0
481572,2,1,0,0,0,0,0,0,0,0,0,0
481573,1,1,0,0,0,0,0,0,0,0,0,0
481574,1,1,15,15,15,15,15,15,15,15,15,15
481574,2,1,0,0,0,0,0,0,0,0,0,0
481575,1,1,0,0,0,0,0,0,0,0,0,0
481576,1,1,8,8,8,8,8,8,8,8,8,8
481576,2,1,20,3,23,0,25,0,0,0,8,8
481577,1,1,12,12,12,12,12,12,12,12,12,12
481577,2,1,0,0,0,0,0,0,0,0,0,0
481578,1,1,0,0,0,0,0,0,0,9,0,18
481579,1,1,8,0,26,0,0,14,4,35,12,0
481580,1,1,0,0,0,0,0,0,0,0,0,0
481581,0,1,7,7,7,7,7,7,7,7,7,7
481581,1,1,0,0,0,0,0,0,5,0,0,0
481581,2,1,8,17,0,0,19,0,0,0,0,0
481582,0,1,0,0,0,12,0,0,0,0,0,0
481582,1,1,0,24,3,0,17,0,0,0,5,0
481583,1,1,2,9,17,0,0,7,0,0,0,0
481583,2,1,0,0,0,0,0,0,0,0,0,0
481584,0,1,0,0,0,0,0,0,0,0,0,0
481584,1,1,0,0,0,0,4,0,0,0,0,18
481585,0,1,25,25,25,25,25,25,25,25,25,25
481585,1,1,0,0,0,0,0,0,0,0,0,0
481586,1,1,0,0,0,0,0,0,0,0,0,0
481586,2,1,0,0,0,19,26,0,0,0,0,0
481587,1,1,0,0,0,0,0,0,0,0,0,0
481587,2,1,0,0,0,0,0,0,0,0,0,0
481588,1,1,0,0,0,0,0,0,0,0,0,0
481589,1,1,33,33,33,33,33,33,33,33,33,33
481590,1,1,0,0,0,0,0,0,0,21,0,0
481590,2,1,0,0,0,0,14,0,0,0,0,0
481590,3,1,22,0,16,0,0,0,0,0,14,0
481591,1,1,16,16,16,16,16,16,16,16,16,16
481592,1,1,16,16,16,16,16,16,16,16,16,16
481593,1,1,0,0,0,0,0,0,0,0,0,0
481594,0,1,9,9,9,9,9,9,9,9,9,9
481594,1,1,0,0,0,3,16,15,0,0,0,0
481595,1,1,0,0,0,0,0,0,0,0,0,0
481595,2,1,0,0,0,0,0,0,18,0,0,5
481596,1,1,0,0,0,0,0,0,0,0,0,0
481596,2,1,0,0,0,0,0,0,0,0,0,0
481597,1,1,0,0,0,0,19,0,0,0,0,0
481597,2,1,0,0,0,0,0,0,0,0,0,0
481598,1,1,17,17,17,17,17,17,17,17,17,17
481599,1,1,16,16,16,16,16,16,16,16,16,16
481600,1,1,9,9,9,9,9,9,9,9,9,9
481601,1,1,0,0,0,0,0,0,0,0,0,0
481602,0,1,13,13,13,13,13,13,13,13,13,13
481602,1,1,30,0,0,20,0,6,0,20,0,24
481603,1,1,21,21,21,21,21,21,21,21,21,21
481604,0,1,11,0,0,0,0,23,22,0,0,23
481604,1,1,21,22,9,0,0,0,0,25,10,32
481605,1,1,0,0,0,0,0,0,0,0,0,0
481606,1,1,4,4,4,4,4,4,4,4,4,4
481607,1,1,0,0,0,0,0,0,0,0,0,0
481607,2,1,0,18,5,17,0,17,22,0,0,0
481608,1,1,0,0,0,0,0,0,0,0,0,0
481609,0,1,0,0,0,0,23,0,0,40,0,29
481609,1,1,13,13,0,21,14,0,4,0,0,0
481610,1,1,0,0,0,0,0,0,0,0,0,0
481610,2,1,0,0,0,0,0,0,0,0,0,0
481611,1,1,18,18,18,18,18,18,18,18,18,18
481612,1,1,16,8,14,0,26,0,13,0,0,0
481613,1,1,0,0,0,0,0,0,0,0,0,11
481614,1,1,38,17,22,0,14,10,19,10,0,7
481615,1,1,0,0,0,0,0,0,0,0,0,0
481616,1,1,0,0,0,0,0,0,0,0,0,0
481617,1,1,27,0,0,0,0,12,18,24,28,19
481618,1,1,0,0,0,0,0,0,0,0,0,0
481618,2,1,0,0,0,0,0,15,0,0,0,0
481619,1,1,0,0,0,0,0,0,0,0,0,0
481619,2,1,0,10,0,20,0,0,0,0,0,0
481620,1,1,0,0,0,0,0,0,0,0,0,0
481621,1,1,10,16,30,20,10,0,0,18,0,15
481622,1,1,0,0,0,0,0,12,0,0,0,0
481623,1,1,0,0,0,18,0,0,0,10,0,0
481623,2,1,0,34,12,12,30,0,0,0,6,0
481624,1,1,0,0,0,0,0,0,0,0,0,0
481624,2,1,0,0,0,0,0,10,0,0,0,0
481624,3,1,0,0,0,0,0,0,0,0,0,0
481625,1,1,0,19,0,18,17,20,0,8,27,34
481625,2,1,4,0,11,0,13,22,16,0,0,8
481626,0,1,24,24,24,24,24,24,24,24,24,24
481626,1,1,0,0,0,0,0,0,0,0,0,0
481627,1,1,21,21,21,21,21,21,21,21,21,21
481628,1,1,0,0,0,0,46,0,0,0,47,0
481629,1,1,0,0,32,0,0,0,0,0,0,15
481629,2,1,0,0,0,0,0,0,0,0,0,0
481630,1,1,0,0,0,0,16,0,0,0,0,0
481630,2,1,13,20,12,12,0,12,16,15,18,17
481632,0,1,19,19,19,19,19,19,19,19,19,19
481632,1,1,5,5,5,5,5,5,5,5,5,5
481633,0,1,18,18,18,18,18,18,18,18,18,18
481633,1,1,0,0,0,0,0,0,0,0,0,0
481634,1,1,0,0,0,0,0,0,0,0,0,0
481634,2,1,23,0,0,0,0,0,0,0,0,0
481634,3,1,0,0,0,0,0,17,0,0,0,0
481634,4,1,0,0,0,0,0,11,0,0,0,0
481634,5,1,30,0,0,0,0,0,9,0,0,0
481635,1,1,0,0,0,0,0,0,0,0,0,0
481635,2,1,0,0,0,0,0,0,0,0,0,0
481636,1,1,0,25,0,0,0,0,0,0,0,0
481636,2,1,0,0,0,0,0,0,0,0,0,0
481636,3,1,0,0,0,0,0,0,42,0,0,0
481637,1,1,0,0,0,0,0,0,0,0,0,18
481638,1,1,9,0,0,12,0,0,0,0,0,0
481638,2,1,0,12,23,4,0,0,0,0,16,0
481639,1,1,0,0,0,0,0,0,0,0,0,0
481639,2,1,0,0,0,0,0,0,0,0,0,0
481640,1,1,0,10,0,0,0,29,0,5,0,20
481640,2,1,0,0,0,0,0,0,0,0,0,0
481641,1,1,33,23,27,0,0,0,0,0,0,0
481641,2,1,0,8,0,0,0,0,0,0,0,0
481642,1,1,0,12,9,22,0,0,0,0,0,0
481642,2,1,0,0,5,0,0,0,0,0,12,0
481643,1,1,0,0,0,0,0,0,0,0,0,0
481644,1,1,0,0,0,0,0,0,0,0,0,0
481645,1,1,16,16,16,16,16,16,16,16,16,16
481646,1,1,2,10,17,10,15,21,19,3,3,0
481647,1,1,12,10,8,16,0,13,6,0,0,10
481648,0,1,13,13,13,13,13,13,13,13,13,13
481648,1,1,0,0,0,22,10,0,0,0,39,11
481649,1,1,0,0,0,0,6,0,29,0,0,0
481650,1,1,26,0,0,0,0,0,12,7,0,15
481650,2,1,0,7,0,0,0,0,0,15,24,21
481651,1,1,5,5,5,5,5,5,5,5,5,5
481652,0,1,0,0,0,0,0,0,0,0,0,0
481652,1,1,37,0,0,0,2,20,0,0,0,0
481653,1,1,8,8,8,8,8,8,8,8,8,8
481654,1,1,0,0,0,0,0,0,0,0,0,0
481655,1,1,0,0,0,0,0,0,0,0,0,0
481656,0,1,0,0,0,0,0,0,0,0,0,0
481656,1,1,0,0,0,0,0,0,0,0,0,0
481657,1,1,0,0,0,0,0,0,0,0,0,0
481658,1,1,12,12,12,12,12,12,12,12,12,12
481658,2,1,0,0,0,0,0,0,0,0,0,20
481659,1,1,0,0,20,0,0,0,0,0,0,0
481659,2,1,12,0,0,0,6,14,0,11,0,0
481660,1,1,0,0,0,0,0,0,0,0,20,0
481660,2,1,0,0,0,0,0,0,22,0,0,0
481661,1,1,26,0,0,0,0,0,0,0,0,0
481661,2,1,4,4,4,4,4,4,4,4,4,4
481662,1,1,14,14,14,14,14,14,14,14,14,14
481662,2,1,8,0,0,0,0,16,5,0,0,10
481663,1,1,0,0,0,18,16,0,11,0,10,12
481664,1,1,0,0,0,0,0,0,0,0,0,0
481664,2,1,16,0,26,20,4,21,8,30,12,11
481665,0,1,20,16,0,13,3,10,0,0,13,23
481665,1,1,23,0,0,22,0,0,0,0,9,0
481666,1,1,19,19,19,19,19,19,19,19,19,19
481667,1,1,32,0,0,0,15,0,0,0,0,0
481668,1,1,16,16,16,16,16,16,16,16,16,16
481669,1,1,0,0,0,0,18,17,0,0,11,0
481669,2,1,4,0,0,0,0,16,0,16,0,0
481670,1,1,9,21,8,26,15,18,27,17,21,12
481670,2,1,25,0,20,0,6,0,25,23,15,19
481670,3,1,19,28,0,0,21,0,22,10,15,9
481671,1,1,8,16,22,16,15,0,13,7,11,0
481672,1,1,11,11,11,11,11,11,11,11,11,11
481673,0,1,0,23,0,19,11,0,0,0,17,0
481673,1,1,0,0,0,0,0,0,0,0,0,0
481674,1,1,0,0,0,0,0,0,0,0,0,0
481675,1,1,0,0,10,21,28,0,28,23,14,14
481676,1,1,10,19,15,17,0,7,0,17,0,12
481677,1,1,0,0,0,0,23,0,12,17,0,0
481677,2,1,0,19,13,30,8,25,0,0,0,25
481678,1,1,0,0,0,0,0,0,0,0,0,0
481678,2,1,0,0,0,27,0,0,0,0,0,0
481679,1,1,0,0,0,0,0,0,0,0,0,0
481679,2,1,0,0,0,0,9,0,0,0,0,0
481680,1,1,0,0,18,0,8,24,0,21,23,19
481681,1,1,0,0,0,0,0,0,0,0,0,0
481681,2,1,25,0,21,7,0,0,51,24,0,13
481682,2,1,0,0,0,0,0,0,0,0,0,0
481683,1,1,0,0,0,16,0,51,0,0,0,34
481684,1,1,0,0,0,11,0,0,16,0,0,0
481684,2,1,0,0,0,0,0,0,0,0,0,0
481685,1,1,3,3,3,3,3,3,3,3,3,3
481686,1,1,24,24,24,24,24,24,24,24,24,24
481687,0,1,8,12,0,0,0,0,12,0,0,0
481687,1,1,0,21,0,0,14,20,16,17,0,0
481688,1,1,0,0,0,0,0,0,0,0,0,0
481688,2,1,0,0,0,0,0,0,0,0,0,0
481689,1,1,8,8,8,8,8,8,8,8,8,8
481690,1,1,0,0,0,0,0,0,17,0,0,38
481690,2,1,0,0,0,0,0,0,0,0,0,0
481691,1,1,14,14,14,14,14,14,14,14,14,14
481692,1,1,0,17,18,0,0,12,0,26,0,0
481692,2,1,0,0,0,0,6,0,13,0,0,0
481693,1,1,0,0,0,0,19,0,0,0,0,0
481693,2,1,0,0,0,0,0,0,0,0,0,0
481694,1,1,0,0,5,0,0,0,13,0,0,0
481694,2,1,28,9,0,19,0,0,0,14,16,15
481695,1,1,0,0,23,26,16,0,17,10,0,42
481695,2,1,0,0,0,0,0,0,0,0,0,0
481696,1,1,4,4,4,4,4,4,4,4,4,4
481696,2,1,0,0,0,0,0,0,0,0,0,0
481697,1,1,0,0,0,0,0,0,0,0,0,0
481697,2,1,0,0,0,0,0,19,0,0,0,0
481697,3,1,13,0,0,0,0,0,0,0,0,0
481698,1,1,18,18,18,18,18,18,18,18,18,18
481699,1,1,0,0,0,0,0,0,0,0,0,0
481699,2,1,18,18,18,18,18,18,18,18,18,18
481700,1,1,0,0,6,9,0,19,0,0,0,0
481700,2,1,12,0,0,0,5,0,0,0,0,0
481701,1,1,0,0,0,0,0,0,0,0,0,12
481701,2,1,0,0,32,0,0,0,0,0,0,0
481702,1,1,0,15,5,0,0,0,0,0,7,0
481702,2,1,0,0,0,0,0,0,0,0,0,0
481703,1,1,9,9,9,9,9,9,9,9,9,9
481704,1,1,19,19,19,19,19,19,19,19,19,19
481705,1,1,0,0,0,0,0,0,0,0,0,0
481706,1,1,34,34,34,34,34,34,34,34,34,34
481707,1,1,19,19,19,19,19,19,19,19,19,19
481707,2,1,0,0,0,0,0,0,0,0,0,0
481708,0,1,0,0,0,0,0,0,0,0,0,0
481708,1,1,15,0,0,41,10,17,11,0,9,0
481709,1,1,0,0,0,0,11,0,0,0,0,0
481709,2,1,0,0,0,0,0,0,0,0,0,13