ST_CASE,VEH_NO,PER_NO,P1,P2,P3,P4,P5,P6,P7,P8,P9,P10
481710,1,1,0,0,0,0,0,0,0,0,0,0
481711,1,1,28,9,30,0,14,6,0,0,0,0
481711,2,1,7,0,20,0,14,0,5,0,0,0
481712,1,1,8,17,0,19,0,14,12,0,0,13
481713,0,1,7,19,18,35,3,4,30,0,0,0
481713,0,2,21,0,10,36,0,0,17,24,24,25
481713,1,1,0,0,0,0,0,0,0,0,0,0
481714,0,1,0,0,0,0,32,0,0,29,0,0
481714,1,1,0,0,0,0,0,0,0,0,0,0
481715,1,1,0,0,0,0,0,0,0,0,0,0
481716,1,1,7,7,7,7,7,7,7,7,7,7
481717,1,1,0,0,0,0,0,0,0,0,0,0
481718,1,1,0,0,0,0,0,0,0,0,0,0
481718,2,1,0,0,17,11,0,0,0,0,0,0
481719,0,1,5,17,0,0,28,25,0,0,0,0
481719,1,1,13,0,0,18,11,3,0,0,0,0
481720,1,1,0,0,0,0,0,0,0,0,0,0
481720,2,1,0,0,0,0,0,0,0,0,15,0
481721,1,1,0,0,0,0,0,0,0,0,0,0
481722,1,1,0,0,0,0,0,0,0,0,0,0
481723,1,1,16,16,16,16,16,16,16,16,16,16
481724,0,1,0,14,0,0,0,23,0,15,0,0
481724,0,2,19,0,0,10,0,13,18,19,0,0
481724,1,1,11,11,11,11,11,11,11,11,11,11
481725,1,1,0,0,0,0,0,0,0,0,0,0
481725,2,1,0,0,0,0,0,0,0,0,0,0
481726,1,1,0,0,26,0,0,0,0,11,0,0
481726,2,1,0,0,0,0,0,0,0,0,0,19
481726,3,1,0,0,5,0,0,0,0,0,0,0
481727,0,1,0,0,0,0,0,0,0,0,0,0
481727,1,1,0,0,0,0,0,0,0,0,0,0
481728,1,1,0,0,0,0,0,0,0,0,0,0
481729,1,1,0,0,0,0,0,0,0,0,0,0
481729,2,1,0,0,10,0,0,0,0,0,0,0
481729,3,1,16,0,0,0,0,0,0,0,17,0
481729,4,1,0,0,0,21,5,0,0,0,0,15
481729,5,1,3,0,0,0,0,0,0,0,0,0
481729,6,1,12,0,0,0,0,0,0,0,0,0
481729,7,1,0,0,0,0,4,15,0,0,0,0
481729,8,1,0,12,0,0,0,0,0,0,0,0
481729,9,1,0,0,0,0,0,0,0,0,0,0
481731,1,1,9,28,7,4,20,0,22,25,14,0
481732,1,1,12,0,0,0,0,0,0,0,0,0
481732,2,1,0,0,0,0,0,0,0,14,0,0
481732,3,1,0,0,0,0,5,0,0,0,0,0
481733,1,1,0,0,0,0,0,0,0,0,0,17
481733,2,1,15,16,0,0,19,0,0,12,0,0
481733,3,1,0,0,0,22,0,4,0,0,0,5
481733,4,1,0,0,0,0,0,0,0,14,6,0
481733,5,1,0,0,15,0,14,17,23,0,0,14
481733,6,1,3,0,0,0,0,9,0,0,0,9
481734,1,1,0,0,0,0,0,0,0,0,0,0
481734,2,1,0,0,0,0,0,0,0,0,0,0
481735,1,1,0,0,0,0,0,0,0,0,0,0
481736,1,1,0,0,0,0,0,0,0,0,0,23
481737,1,1,0,0,0,0,0,0,0,0,0,0
481737,2,1,15,0,8,12,12,4,0,0,21,0
481738,0,1,28,0,32,6,16,0,0,0,11,11
481738,1,1,0,0,19,0,0,0,0,14,0,0
481739,1,1,0,20,0,21,0,0,5,0,0,24
481740,1,1,15,15,15,15,15,15,15,15,15,15
481741,1,1,0,0,0,0,0,0,0,0,0,0
481742,1,1,0,0,0,0,0,0,0,0,0,0
481742,2,1,0,0,7,0,0,0,0,0,0,0
481743,1,1,10,0,0,0,0,14,0,0,0,10
481743,3,1,7,0,0,17,0,19,0,0,0,33
481744,0,1,38,12,14,0,0,18,26,35,0,0
481744,0,2,34,0,5,0,14,0,11,16,11,0
481744,1,1,0,0,0,7,0,0,19,24,0,0
481745,1,1,0,0,0,0,0,0,0,0,0,0
481745,2,1,0,24,0,0,0,14,0,0,0,0
481746,1,1,12,12,12,12,12,12,12,12,12,12
481747,1,1,0,0,0,0,0,0,0,0,0,0
481748,1,1,0,0,0,0,0,0,0,0,0,0
481749,1,1,9,9,9,9,9,9,9,9,9,9
481749,2,1,22,34,0,14,23,0,6,0,0,0
481750,1,1,17,17,17,17,17,17,17,17,17,17
481750,2,1,0,0,0,29,0,0,0,0,14,0
481750,3,1,0,0,0,0,0,0,11,0,0,0
481751,1,1,0,0,0,0,0,0,0,0,0,0
481751,2,1,0,0,0,0,0,0,0,0,0,0
481752,1,1,13,13,13,13,13,13,13,13,13,13
481753,1,1,7,17,12,0,0,8,0,0,0,19
481753,2,1,0,0,0,0,0,0,0,2,8,0
481754,1,1,17,17,17,17,17,17,17,17,17,17
481754,2,1,0,0,0,0,0,0,0,0,0,0
481755,1,1,0,0,0,0,0,0,0,0,0,0
481755,2,1,0,0,0,0,0,0,0,0,0,0
481756,1,1,0,0,0,0,0,0,0,0,0,0
481756,2,1,0,0,0,0,0,0,0,0,0,0
481757,1,1,0,0,0,0,0,0,0,0,0,0
481758,1,1,0,0,0,0,0,0,0,0,0,0
481758,2,1,19,19,19,19,19,19,19,19,19,19
481758,3,1,0,11,0,0,17,9,0,0,0,0
481758,4,1,0,0,20,0,0,10,0,0,0,9
481759,0,1,7,0,0,0,0,0,0,0,0,0
481759,1,1,0,0,29,0,0,8,0,0,0,0
481760,0,1,17,17,17,17,17,17,17,17,17,17
481760,1,1,9,9,9,9,9,9,9,9,9,9
481761,0,1,16,0,0,20,0,0,0,7,0,0
481761,1,1,0,18,0,0,6,23,0,3,0,0
481762,1,1,0,0,0,0,0,0,0,0,0,0
481762,2,1,0,0,0,0,0,0,0,0,0,0
481763,1,1,0,0,0,0,0,0,0,0,0,0
481764,1,1,0,39,0,0,0,0,0,0,18,0
481764,2,1,0,0,17,6,0,0,0,0,12,0
481765,1,1,0,0,0,0,0,0,0,0,0,0
481766,0,1,29,0,0,24,22,15,0,16,4,13
481766,1,1,0,0,0,0,0,24,0,8,0,0
481767,1,1,0,0,0,13,0,0,0,0,0,0
481767,2,1,0,22,0,0,0,0,0,0,14,0
481767,3,1,0,0,0,0,8,0,0,0,0,0
481768,1,1,17,0,18,0,0,0,0,0,0,0
481769,1,1,0,0,0,0,0,0,0,0,0,0
481769,2,1,0,0,0,0,18,0,0,0,0,0
481770,1,1,0,0,22,0,0,16,10,0,20,0
481770,2,1,0,0,18,0,11,0,0,0,0,13
481771,1,1,0,0,15,0,0,17,0,0,12,26
481771,2,1,0,0,0,24,0,0,0,0,0,0
481772,1,1,0,0,0,0,0,0,0,0,0,0
481772,2,1,24,0,15,0,0,34,0,0,32,0
481772,3,1,0,4,15,15,2,17,0,0,27,0
481773,1,1,0,0,0,0,0,14,0,0,0,0
481773,2,1,0,0,0,0,0,35,0,0,0,0
481774,1,1,0,0,0,0,0,0,0,0,0,0
481775,1,1,0,0,0,0,0,0,0,0,0,0
481775,2,1,14,11,0,29,0,0,0,16,0,9
481775,3,1,0,0,0,0,0,0,9,0,0,0
481776,1,1,10,0,0,33,0,0,0,0,0,4
481776,2,1,5,0,0,0,0,0,0,0,0,0
481777,1,1,21,21,21,21,21,21,21,21,21,21
481777,2,1,21,0,0,20,8,0,16,24,25,0
481778,1,1,8,17,19,37,20,25,17,20,16,26
481779,1,1,0,0,0,0,0,0,0,0,0,0
481779,2,1,0,0,0,0,0,0,0,0,0,0
481779,3,1,0,0,0,0,0,0,0,0,0,0
481780,1,1,0,0,20,0,9,0,0,40,3,0
481780,2,1,0,0,0,0,0,0,0,25,4,0
481781,1,1,0,0,0,0,0,0,0,0,0,0
481781,2,1,0,0,0,0,0,0,0,0,0,0
481782,1,1,0,0,0,0,0,0,0,0,3,0
481782,2,1,0,0,0,0,0,0,0,0,0,0
481783,1,1,0,10,30,0,7,0,0,0,0,0
481783,2,1,8,0,0,0,0,16,11,0,0,0
481784,1,1,27,27,27,27,27,27,27,27,27,27
481785,0,1,15,15,15,15,15,15,15,15,15,15
481785,1,1,19,0,0,0,13,31,0,11,20,0
481786,1,1,0,0,0,0,0,0,0,0,0,0
481787,1,1,17,17,17,17,17,17,17,17,17,17
481788,1,1,0,4,0,0,0,0,0,0,0,0
481788,2,1,0,0,0,0,0,0,0,0,0,0
481789,0,1,0,20,32,0,0,0,3,15,0,16
481789,1,1,0,10,0,0,0,11,9,0,0,0
481790,1,1,17,0,0,0,6,20,11,10,15,0
481790,2,1,0,0,22,0,0,0,0,0,0,0
481791,1,1,15,15,15,15,15,15,15,15,15,15
481792,0,1,22,0,0,28,10,0,0,0,11,0
481792,1,1,6,0,0,0,0,0,0,14,28,28
481793,0,1,35,15,7,26,28,24,4,25,8,7
481793,1,1,7,0,0,0,19,0,0,0,12,0
481794,1,1,16,16,16,16,16,16,16,16,16,16
481794,2,1,0,15,10,0,7,5,0,0,7,0
481795,1,1,7,14,0,27,13,0,0,0,0,0
481795,2,1,0,0,17,13,0,0,11,7,46,0
481796,0,1,0,25,42,0,0,21,36,28,32,0
481796,1,1,0,0,8,0,0,0,0,12,0,0
481797,0,1,0,19,0,11,0,0,0,4,17,23
481797,1,1,0,0,8,0,27,13,7,0,0,0
481798,1,1,0,0,0,0,0,5,0,0,0,0
481799,1,1,0,0,0,0,0,0,0,0,0,0
481800,1,1,0,0,0,0,0,0,0,0,0,0
481801,0,1,41,0,0,26,0,0,0,0,0,32
481801,1,1,21,21,21,21,21,21,21,21,21,21
481801,2,1,0,0,0,0,0,0,20,6,0,26
481802,1,1,0,0,0,0,0,0,0,0,0,0
481802,2,1,0,0,0,0,0,22,0,0,0,0
481803,1,1,8,0,18,0,0,0,0,7,33,0
481805,1,1,16,16,16,16,16,16,16,16,16,16
481806,1,1,0,0,0,0,0,0,0,0,0,0
481807,1,1,0,12,0,0,24,0,0,0,0,0
481807,2,1,0,0,0,0,19,22,0,0,10,0
481808,1,1,24,24,24,24,24,24,24,24,24,24
481809,1,1,16,16,16,16,16,16,16,16,16,16
481810,1,1,0,0,0,0,0,0,0,0,0,0
481810,2,1,37,37,37,37,37,37,37,37,37,37
481812,1,1,15,15,15,15,15,15,15,15,15,15
481813,1,1,1,1,1,1,1,1,1,1,1,1
481813,2,1,9,0,16,0,0,23,0,0,0,0
481814,1,1,25,25,25,25,25,25,25,25,25,25
481815,1,1,0,0,0,0,0,0,0,0,0,10
481815,2,1,0,0,0,0,0,0,0,0,0,0
481816,1,1,0,0,0,0,18,0,0,0,0,0
481816,2,1,0,0,26,0,0,0,0,0,0,0
481817,1,1,0,0,0,0,0,0,0,0,0,0
481817,2,1,0,0,0,0,0,0,28,0,0,0
481818,1,1,0,0,0,0,0,0,0,17,0,0
481819,1,1,5,5,5,5,5,5,5,5,5,5
481820,1,1,0,0,0,0,0,0,0,0,0,0
481820,2,1,0,0,0,0,0,0,0,0,0,0
481820,3,1,0,0,0,0,0,0,0,0,0,0
481821,1,1,0,0,0,0,0,0,0,0,0,0
481821,2,1,0,0,0,0,0,0,0,0,0,0
481823,1,1,0,0,0,0,0,0,0,0,0,0
481823,2,1,15,0,0,0,0,0,31,0,12,0
481824,1,1,0,26,24,0,13,9,0,5,12,0
481825,1,1,0,0,0,0,0,0,0,0,0,0
481825,2,1,0,8,0,0,0,0,0,0,0,0
481826,1,1,0,0,0,0,0,0,0,0,0,0
481827,1,1,0,0,0,0,0,0,0,0,0,0
481828,1,1,0,0,0,0,0,0,0,0,0,0
481829,1,1,26,26,26,26,26,26,26,26,26,26
481830,1,1,12,23,18,24,0,0,6,0,35,0
481831,1,1,0,0,0,0,0,0,0,0,0,0
481832,1,1,19,6,24,18,20,7,19,45,12,4
481833,0,1,37,37,37,37,37,37,37,37,37,37
481833,1,1,0,0,0,0,0,0,0,0,0,0
481834,1,1,0,0,0,21,0,0,0,0,0,0
481834,2,1,0,0,0,0,0,0,0,0,0,0
481835,0,1,0,0,0,0,11,22,0,11,0,0
481835,1,1,0,0,3,0,31,0,0,18,0,0
481836,1,1,27,27,27,27,27,27,27,27,27,27
481837,1,1,0,0,0,9,0,0,0,21,0,0
481838,1,1,21,21,21,21,21,21,21,21,21,21
481839,1,1,0,0,0,0,14,0,0,0,0,25
481839,2,1,0,0,0,0,0,0,0,0,0,0
481840,1,1,0,0,0,0,0,0,0,15,0,0
481840,2,1,0,0,16,0,0,0,0,0,0,0
481841,1,1,14,14,14,14,14,14,14,14,14,14
481841,2,1,0,0,20,0,0,0,0,0,0,0
481841,3,1,14,0,0,8,20,0,0,0,0,0
481842,1,1,11,22,10,22,13,27,21,10,0,10
481842,2,1,0,0,0,0,0,0,0,0,0,0
481843,1,1,0,0,0,26,31,35,9,0,0,0
481844,1,1,0,0,0,0,0,0,15,0,0,0
481844,2,1,0,0,0,0,0,0,0,13,0,0
481846,0,1,0,0,0,0,0,0,0,0,0,0
481846,1,1,0,0,0,0,0,0,0,0,0,0
481846,3,1,15,0,28,0,0,0,27,5,22,18
481846,4,1,0,18,19,0,12,33,22,0,0,27
481847,1,1,5,5,5,5,5,5,5,5,5,5
481847,2,1,0,0,0,0,0,39,0,0,0,0
481847,3,1,0,0,0,0,0,0,0,0,0,0
481848,0,1,0,25,21,18,12,0,34,17,0,18
481848,1,1,0,0,0,0,0,0,0,0,0,0
481849,0,1,25,25,25,25,25,25,25,25,25,25
481849,1,1,0,6,0,17,27,6,19,0,0,0
481850,1,1,0,0,0,0,0,0,0,0,0,0
481850,2,1,0,0,0,0,0,0,0,0,0,0
481851,1,1,7,0,0,0,17,0,0,21,0,0
481852,1,1,0,0,0,0,0,0,0,0,0,0
481852,2,1,0,0,0,0,0,0,0,0,32,0
481852,3,1,10,0,0,0,0,0,0,0,0,0
481853,1,1,20,20,20,20,20,20,20,20,20,20
481854,1,1,0,0,0,0,0,0,0,0,14,0
481854,2,1,0,0,0,0,0,0,0,0,0,0
481855,1,1,15,15,15,15,15,15,15,15,15,15
481855,2,1,16,16,16,16,16,16,16,16,16,16
481856,1,1,32,32,32,32,32,32,32,32,32,32
481856,2,1,0,0,0,0,0,0,0,3,0,0
481857,1,1,0,0,0,18,0,23,0,24,0,8
481858,0,1,24,9,28,17,20,10,12,23,21,26
481858,1,1,0,0,2,0,19,12,4,0,0,9
481859,1,1,0,0,0,0,0,0,0,0,0,0
481859,2,1,0,0,0,0,0,0,0,0,0,0
481860,1,1,20,0,0,0,0,7,0,21,5,20
481860,2,1,5,5,5,5,5,5,5,5,5,5
481861,1,1,3,3,3,3,3,3,3,3,3,3
481862,1,1,0,0,0,0,0,0,0,0,0,0
481862,2,1,0,0,0,0,0,0,12,0,0,0
481863,1,1,0,0,0,0,0,8,0,0,0,0
481863,2,1,0,0,0,31,0,0,0,0,0,0
481863,3,1,0,0,0,0,18,0,10,0,0,0
481863,4,1,0,0,0,0,0,0,0,0,0,0
481864,1,1,34,0,25,30,0,0,0,0,0,0
481864,2,1,0,0,8,0,0,11,0,14,0,0
481865,1,1,7,0,0,0,0,0,0,0,0,0
481865,2,1,0,0,0,0,0,0,0,0,0,0
481866,1,1,0,0,17,11,0,0,0,0,0,34
481867,0,1,21,0,0,0,0,0,19,0,11,14
481867,1,1,2,2,2,2,2,2,2,2,2,2
481868,1,1,0,0,0,0,11,0,0,0,26,0
481868,2,1,0,0,0,0,0,0,0,0,0,0
481868,3,1,12,0,0,12,0,0,0,0,0,0
481869,1,1,0,0,8,7,8,0,13,0,0,0
481869,2,1,0,0,0,0,0,0,0,0,0,0
481870,1,1,5,0,0,0,6,12,8,0,0,24
481870,2,1,12,0,0,0,0,0,0,8,8,7
481871,1,1,3,3,3,3,3,3,3,3,3,3
481872,1,1,0,0,0,24,0,22,0,0,28,0
481873,1,1,0,0,0,0,0,0,0,0,0,0
481873,2,1,0,17,21,0,17,18,4,7,0,0
481874,1,1,0,0,0,0,0,0,0,0,0,0
481874,2,1,15,15,15,15,15,15,15,15,15,15
481875,1,1,0,0,0,0,0,15,0,0,0,0
481876,1,1,0,0,0,0,16,5,15,0,0,0
481876,2,1,0,0,0,0,0,0,8,0,0,26
481877,1,1,0,20,0,0,0,0,0,0,0,0
481878,1,1,0,0,0,0,0,0,0,0,0,0
481878,2,1,15,0,16,22,8,0,0,11,0,10
481878,3,1,0,0,10,0,19,0,0,0,10,0
481878,4,1,0,0,18,12,0,0,0,0,14,7
481879,1,1,30,29,23,0,2,26,31,13,25,11
481880,1,1,8,8,8,8,8,8,8,8,8,8
481881,1,1,0,0,0,0,0,0,0,0,0,0
481881,2,1,0,0,20,0,0,0,0,0,0,0
481882,1,1,0,0,0,0,0,0,0,0,0,0
481882,2,1,15,0,0,0,0,0,0,0,0,0
481884,0,1,0,0,45,0,8,0,0,30,33,27
481884,1,1,8,0,0,0,0,0,0,0,0,12
481885,1,1,0,0,0,0,0,0,0,0,0,0
481885,2,1,23,15,0,0,0,0,0,0,0,0
481886,1,1,0,0,0,0,0,0,0,0,0,0
481887,1,1,14,0,0,0,0,0,0,0,0,0
481887,2,1,32,0,0,0,0,0,0,0,0,0
481888,1,1,6,0,31,11,10,0,0,0,0,21
481889,1,1,21,21,21,21,21,21,21,21,21,21
481889,2,1,0,0,13,0,14,0,0,6,0,0
481890,0,1,0,0,0,0,0,0,0,0,0,0
481890,1,1,8,14,11,0,15,0,16,0,0,14
481890,2,1,0,0,0,17,14,29,0,16,0,11
481891,0,1,0,18,0,19,0,19,0,0,17,0
481891,1,1,8,0,16,0,7,0,0,20,13,0
481892,1,1,0,0,0,0,0,0,0,0,0,0
481892,2,1,25,0,12,0,0,27,0,0,7,0
481893,1,1,20,20,20,20,20,20,20,20,20,20
481894,1,1,8,0,0,0,12,28,0,0,9,0
481894,2,1,19,19,19,19,19,19,19,19,19,19
481895,1,1,20,20,20,20,20,20,20,20,20,20
481896,1,1,30,30,30,30,30,30,30,30,30,30
481896,2,1,0,0,18,12,0,16,0,0,0,0
481897,1,1,22,4,7,28,0,8,18,0,4,10
481898,0,1,0,0,0,0,0,0,0,0,0,0
481898,1,1,0,0,0,16,5,10,0,0,0,26
481899,1,1,0,0,0,0,0,0,0,0,0,0
481899,2,1,9,9,9,9,9,9,9,9,9,9
481901,1,1,0,0,0,0,0,0,0,0,0,0
481901,2,1,0,0,0,0,0,0,0,0,0,0
481902,1,1,0,0,0,0,0,0,0,0,0,0
481902,2,1,8,0,0,15,0,0,0,0,0,0
481902,3,1,0,0,0,20,0,0,0,0,0,0
481903,1,1,14,14,14,14,14,14,14,14,14,14
481904,1,1,0,0,0,0,0,5,0,0,0,0
481904,2,1,0,0,0,0,10,0,0,0,0,0
481904,3,1,0,0,0,0,0,0,0,0,14,0
481905,1,1,0,0,6,0,0,0,0,0,30,0
481905,2,1,0,0,0,0,0,0,0,0,0,0
481905,3,1,0,0,0,0,0,0,0,12,6,0
481906,1,1,12,12,12,12,12,12,12,12,12,12
481907,1,1,0,0,0,0,0,0,0,0,0,0
481908,1,1,0,0,0,0,0,0,0,0,0,0
481908,2,1,0,0,0,0,0,0,0,0,0,0
481909,1,1,0,0,0,0,0,0,0,0,0,0
481910,0,1,0,0,0,0,0,0,0,0,0,0
481910,0,2,0,0,0,0,0,0,0,0,0,0
481910,1,1,0,0,0,0,0,8,0,0,0,0
481912,1,1,15,30,17,7,17,27,16,4,14,21
481912,2,1,0,4,0,0,22,0,0,0,0,0
481913,1,1,0,0,0,0,0,0,0,0,0,0
481914,1,1,0,0,0,26,0,35,0,0,0,0
481915,1,1,8,8,8,8,8,8,8,8,8,8
481916,1,1,0,0,0,0,0,0,0,0,0,0
481916,2,1,0,0,0,0,14,0,0,0,0,0
481917,1,1,21,0,0,0,0,0,3,0,9,6
481917,2,1,0,0,0,0,0,0,0,0,0,0
481918,1,1,0,0,0,0,0,0,0,0,0,0
481918,2,1,0,0,0,0,0,0,0,0,0,0
481919,1,1,0,0,0,0,0,0,4,0,0,0
481919,2,1,0,0,0,0,0,0,0,8,0,0
481920,1,1,0,0,0,0,0,0,0,0,0,0
481920,2,1,0,0,0,0,11,0,0,0,0,0
481920,3,1,0,7,8,0,0,0,0,0,29,0
481920,4,1,32,0,0,23,0,0,0,0,12,0
481921,1,1,0,0,0,0,0,0,0,0,0,0
481921,2,1,0,0,0,0,0,0,0,0,0,0
481922,1,1,21,3,0,0,9,0,0,5,0,10
481922,2,1,0,0,16,0,0,0,11,0,14,25
481923,1,1,24,24,24,24,24,24,24,24,24,24
481924,1,1,0,0,0,0,0,0,0,0,0,0
481924,2,1,0,0,0,0,24,0,0,0,0,14
481925,0,1,7,7,7,7,7,7,7,7,7,7
481925,1,1,1,1,1,1,1,1,1,1,1,1
481926,1,1,29,29,29,29,29,29,29,29,29,29
481927,1,1,5,5,5,5,5,5,5,5,5,5
481928,1,1,0,0,0,0,0,0,0,0,0,0
481928,2,1,0,0,0,0,28,0,0,0,0,0
481930,1,1,0,0,0,0,0,0,0,9,0,0
481930,2,1,0,0,0,0,0,0,0,0,0,0
481931,1,1,0,0,0,0,0,13,0,0,0,28
481932,1,1,0,0,0,0,0,0,21,0,5,0
481933,1,1,0,0,0,0,27,0,15,17,0,0
481933,2,1,0,0,0,10,5,0,6,0,5,0
481934,2,1,0,0,0,0,0,0,0,0,0,0
481935,1,1,17,17,17,17,17,17,17,17,17,17
481936,0,1,7,0,10,0,0,17,24,0,0,0
481936,1,1,0,0,0,0,6,0,0,0,12,16
481937,1,1,0,0,0,0,0,0,0,0,0,0
481938,1,1,0,2,5,0,0,0,0,15,0,8
481938,2,1,0,0,0,0,0,0,0,0,0,0
481938,3,1,0,0,0,0,0,0,0,0,0,0
481939,1,1,32,0,17,0,0,14,0,18,14,27
481940,1,1,3,3,3,3,3,3,3,3,3,3
481941,1,1,19,0,0,0,0,23,0,0,0,0
481942,0,1,0,0,24,0,0,18,0,25,0,0
481942,1,1,0,12,15,0,17,0,0,0,0,0
481944,1,1,0,0,0,0,0,0,0,0,0,0
481944,2,1,5,8,0,0,0,20,0,0,0,0
481945,1,1,0,26,0,0,0,0,0,15,29,0
481946,1,1,0,0,0,0,0,0,0,0,0,0
481946,2,1,0,0,0,0,0,0,0,0,0,0
481946,3,1,0,0,0,0,0,7,0,0,0,0
481947,1,1,0,0,0,0,0,0,0,0,0,12
481947,2,1,0,27,0,0,0,0,0,0,0,0
481948,1,1,0,0,0,0,0,0,0,0,0,0
481948,2,1,7,0,0,0,0,10,0,7,0,0
481949,1,1,8,8,8,8,8,8,8,8,8,8
481950,0,1,0,0,0,0,0,0,0,0,0,0
481950,0,2,0,0,0,0,0,0,0,0,0,0
481950,1,1,19,19,19,19,19,19,19,19,19,19
481951,1,1,14,14,14,14,14,14,14,14,14,14
481952,1,1,0,0,0,0,0,0,0,0,0,0
481952,2,1,0,0,0,0,0,11,0,14,0,0
481953,0,1,0,0,0,0,0,0,0,0,0,0
481953,1,1,0,0,0,0,0,0,0,0,0,0
481954,1,1,12,0,0,0,0,0,0,0,0,0
481954,2,1,0,0,0,0,0,0,47,0,0,0
481955,1,1,0,0,0,0,0,0,0,0,0,0
481956,1,1,0,0,14,0,0,0,0,0,0,0
481956,2,1,0,0,18,0,0,29,18,0,0,4
481958,1,1,0,0,0,0,0,0,0,0,0,0
481958,2,1,0,0,0,0,0,0,0,0,0,0
481959,0,1,0,0,0,0,18,0,0,0,0,0
481959,1,1,0,0,0,0,0,0,0,0,0,13
481960,1,1,0,0,0,12,10,0,0,0,0,0
481960,2,1,9,9,9,9,9,9,9,9,9,9
481961,1,1,0,0,0,0,0,0,0,0,0,0
481961,2,1,0,0,0,0,0,0,24,0,16,0
481962,0,1,17,17,17,17,17,17,17,17,17,17
481962,1,1,0,31,15,0,0,0,0,22,0,15
481963,1,1,0,0,0,0,0,0,0,0,0,0
481964,1,1,1,1,1,1,1,1,1,1,1,1
481965,1,1,19,19,19,19,19,19,19,19,19,19
481966,1,1,0,0,0,0,0,0,0,0,0,0
481966,2,1,0,0,0,0,0,0,12,0,0,26
481967,1,1,20,20,20,20,20,20,20,20,20,20
481968,1,1,0,0,0,0,0,8,0,15,0,5
481968,2,1,12,0,0,0,0,0,0,0,0,0
481968,3,1,0,0,0,0,0,0,0,0,0,0
481969,1,1,0,0,0,0,17,0,11,0,0,0
481970,1,1,3,3,3,3,3,3,3,3,3,3
481970,2,1,0,0,0,30,0,6,2,0,0,0
481971,1,1,0,0,0,0,0,0,0,0,0,0
481972,1,1,14,14,14,14,14,14,14,14,14,14
481973,1,1,15,0,0,18,24,13,23,19,30,8
481974,1,1,10,10,10,10,10,10,10,10,10,10
481974,2,1,0,0,0,13,24,0,30,0,0,0
481975,1,1,0,0,0,0,0,0,0,0,0,0
481975,2,1,24,0,3,0,0,0,0,0,0,0
481976,1,1,0,0,0,0,0,0,0,0,0,0
481977,1,1,19,19,19,19,19,19,19,19,19,19
481978,1,1,0,0,0,0,0,0,12,0,0,0
481978,2,1,2,2,2,2,2,2,2,2,2,2
481979,1,1,16,16,25,0,0,15,0,0,20,0
481980,0,1,10,0,27,0,12,0,0,0,6,46
481980,1,1,0,0,21,0,0,21,0,31,22,0
481981,1,1,7,7,7,7,7,7,7,7,7,7
481982,0,1,18,0,0,35,16,0,16,12,21,0
481982,1,1,7,0,14,4,20,11,0,0,22,25
481983,1,1,18,18,18,18,18,18,18,18,18,18
481984,0,1,28,0,31,0,0,5,17,0,8,0
481984,1,1,22,0,0,0,0,14,37,0,8,0
481984,2,1,8,0,15,0,0,9,0,14,0,13
481985,1,1,0,0,0,0,0,0,0,0,0,0
481985,2,1,0,0,26,9,0,0,0,22,0,0
481986,1,1,0,0,0,0,0,0,0,0,0,0
481987,1,1,0,0,24,0,15,0,53,0,0,0
481988,1,1,0,0,0,0,0,0,0,0,0,0
481989,0,1,1,1,1,1,1,1,1,1,1,1
481989,1,1,17,14,12,13,0,0,0,0,0,10
481990,1,1,14,14,14,14,14,14,14,14,14,14
481990,2,1,11,11,11,11,11,11,11,11,11,11
481991,0,1,0,20,18,15,26,0,0,0,0,6
481991,1,1,15,15,15,15,15,15,15,15,15,15
481992,1,1,23,23,23,23,23,23,23,23,23,23
481993,1,1,27,11,29,14,19,15,26,37,7,17
481994,0,1,0,0,20,11,0,32,10,0,24,7
481994,1,1,0,0,17,0,25,0,0,0,8,0
481995,1,1,0,0,0,0,0,0,0,0,0,0
481995,2,1,19,0,0,0,7,0,0,0,0,0
481996,1,1,0,0,0,0,0,0,0,0,0,0
481996,2,1,10,10,10,10,10,10,10,10,10,10
481997,1,1,0,12,0,0,0,2,0,0,13,0
481997,2,1,0,0,0,0,0,0,0,0,15,0
481998,1,1,0,0,36,0,0,37,0,0,37,0
481998,2,1,0,0,0,0,0,0,0,0,0,0
481998,3,1,0,0,0,0,4,0,0,0,0,0
481999,1,1,28,28,28,28,28,28,28,28,28,28
482000,0,1,33,11,0,10,0,0,5,0,24,19
482000,1,1,0,0,0,0,30,33,30,0,0,22
482001,1,1,1,1,1,1,1,1,1,1,1,1
482002,1,1,0,12,0,15,0,0,0,22,6,0
482002,2,1,0,0,13,0,13,0,0,17,0,0
482003,1,1,0,0,19,0,17,0,32,0,0,0
482004,1,1,0,0,27,0,0,0,0,0,37,0