ST_CASE,VEH_NO,PER_NO,P1,P2,P3,P4,P5,P6,P7,P8,P9,P10
483145,1,1,25,0,0,0,0,15,5,0,10,13
483146,1,1,0,0,0,0,0,0,0,9,0,0
483146,2,1,0,0,0,0,0,0,0,0,0,0
483147,0,1,50,22,16,0,18,22,33,12,0,37
483147,1,1,12,12,0,0,0,0,7,0,0,11
483148,1,1,7,9,10,0,16,2,12,12,0,0
483149,1,1,0,0,0,0,0,0,0,0,0,0
483150,1,1,0,0,0,0,0,0,0,0,0,31
483150,2,1,0,0,0,0,0,0,0,0,0,0
483151,0,1,0,0,0,0,0,0,0,0,0,0
483151,1,1,0,0,20,0,0,0,0,0,0,0
483152,1,1,0,0,0,0,0,0,0,0,0,0
483152,2,1,15,0,0,0,0,0,0,26,0,0
483153,1,1,7,17,0,28,0,20,25,19,0,36
483153,2,1,3,3,3,3,3,3,3,3,3,3
483154,1,1,3,14,15,16,18,16,14,16,8,9
483155,1,1,0,0,0,0,0,0,0,0,0,0
483155,2,1,0,0,0,0,11,0,0,0,0,0
483156,1,1,0,0,0,0,0,0,0,0,0,0
483157,1,1,0,0,0,0,0,0,0,0,0,32
483157,2,1,0,21,0,0,0,0,0,0,0,0
483158,1,1,10,10,10,10,10,10,10,10,10,10
483159,1,1,18,0,25,11,13,0,19,17,0,10
483160,1,1,0,14,8,0,0,9,0,0,0,0
483160,2,1,0,0,0,0,3,0,0,14,0,0
483160,3,1,0,0,21,8,0,17,0,18,0,0
483161,0,1,17,37,35,55,0,0,30,34,16,19
483161,1,1,0,0,10,8,0,0,13,0,11,0
483162,1,1,0,0,0,0,10,0,0,0,0,0
483162,2,1,7,7,7,7,7,7,7,7,7,7
483163,1,1,0,0,0,0,10,0,0,0,0,0
483163,2,1,0,0,6,0,0,0,0,0,13,0
483164,1,1,0,0,0,4,3,7,0,0,0,13
483165,1,1,0,0,0,0,0,0,0,0,0,0
483165,2,1,0,9,17,0,10,0,19,19,0,0
483166,1,1,0,0,0,0,6,9,0,30,0,0
483166,2,1,0,0,0,0,0,0,0,0,0,10
483166,3,1,0,0,0,0,0,0,0,32,7,0
483167,1,1,0,0,0,18,0,0,13,0,0,0
483167,2,1,17,12,0,0,0,0,0,0,0,0
483168,1,1,0,0,0,0,0,0,0,0,0,0
483168,2,1,23,23,23,23,23,23,23,23,23,23
483169,1,1,31,31,31,31,31,31,31,31,31,31
483170,1,1,0,0,0,0,0,0,0,0,0,0
483172,0,1,0,0,0,0,0,0,0,0,0,0
483172,1,1,0,34,23,0,19,0,24,0,20,0
483173,1,1,0,0,0,0,0,0,0,0,0,0
483173,2,1,0,0,0,0,0,0,0,0,0,0
483174,0,1,0,0,0,23,28,0,0,14,0,0
483174,1,1,0,0,0,0,0,0,17,16,0,0
483175,1,1,0,0,0,0,0,0,0,0,0,0
483176,1,1,15,15,15,15,15,15,15,15,15,15
483176,2,1,0,0,0,0,0,0,0,0,0,0
483177,1,1,0,0,0,0,0,0,0,0,0,0
483177,2,1,0,0,0,12,0,0,0,0,0,0
483178,1,1,11,0,0,12,11,13,0,0,0,12
483179,1,1,0,0,0,0,0,0,0,0,0,0
483179,2,1,8,8,8,8,8,8,8,8,8,8
483180,1,1,18,0,0,0,22,26,0,0,0,0
483180,2,1,0,0,0,0,0,0,0,0,0,0
483181,0,1,0,0,0,0,0,0,0,0,0,0
483181,1,1,0,0,0,0,0,0,0,0,0,0
483182,1,1,0,0,0,24,40,7,0,16,24,0
483183,1,1,0,0,0,0,47,0,0,0,0,0
483183,2,1,0,0,0,11,0,14,0,0,0,0
483184,1,1,0,0,0,0,0,0,0,0,0,0
483184,2,1,5,9,0,0,8,0,14,0,0,17
483185,0,1,0,33,0,0,0,6,0,5,0,28
483185,1,1,0,0,0,0,0,22,20,20,0,4
483185,2,1,12,0,0,21,17,0,7,0,8,0
483186,1,1,0,0,23,35,0,18,0,0,0,0
483186,2,1,0,0,0,0,0,0,0,0,0,0
483186,3,1,0,0,0,0,0,0,0,0,0,0
483187,1,1,0,0,0,0,0,0,0,0,0,0
483187,2,1,0,0,0,0,0,0,0,0,0,0
483188,0,1,20,20,20,20,20,20,20,20,20,20
483188,1,1,0,0,0,0,0,0,0,0,0,0
483189,1,1,0,0,0,0,0,0,0,0,0,0
483190,1,1,13,0,15,9,3,19,5,18,13,14
483190,2,1,11,18,29,13,15,20,0,11,0,18
483191,1,1,20,0,0,24,22,0,0,0,0,17
483191,2,1,0,0,4,0,0,0,23,7,13,0
483192,1,1,0,0,0,0,0,0,0,0,0,0
483192,2,1,0,7,14,0,0,0,0,0,19,0
483193,1,1,24,0,0,16,0,0,22,16,0,0
483194,1,1,9,9,9,9,9,9,9,9,9,9
483194,2,1,21,9,16,0,0,0,18,26,16,0
483195,1,1,22,22,21,0,20,0,0,0,20,19
490001,1,1,0,0,0,0,0,0,0,0,0,0
490001,2,1,0,0,0,0,0,0,0,0,0,0
490002,0,1,32,32,32,32,32,32,32,32,32,32
490002,1,1,0,0,0,0,0,0,0,0,0,0
490002,2,1,0,0,0,0,0,0,0,0,0,0
490003,1,1,0,0,0,0,0,0,0,0,0,0
490003,2,1,0,0,0,0,0,0,0,12,0,0
490004,0,1,0,0,0,0,0,0,0,0,0,0
490004,1,1,0,0,0,0,0,0,0,0,0,0
490005,1,1,0,0,0,0,0,0,0,0,0,0
490005,2,1,0,0,0,0,0,0,0,0,0,0
490006,1,1,0,0,0,0,0,0,0,0,0,0
490006,2,1,0,0,0,0,0,0,0,0,0,0
490007,1,1,0,0,0,0,0,0,0,0,0,0
490007,2,1,0,0,0,0,0,0,0,0,0,0
490008,1,1,0,0,0,0,0,0,0,0,0,0
490008,2,1,0,0,0,0,0,0,0,0,0,0
490009,0,1,13,14,0,15,0,0,36,0,0,0
490009,1,1,0,0,0,0,0,0,0,0,0,0
490010,0,1,0,0,0,0,0,0,0,0,0,0
490010,1,1,0,0,0,0,0,0,0,0,0,0
490011,1,1,0,0,0,0,0,0,0,0,0,0
490011,2,1,0,0,0,0,0,0,0,0,0,0
490011,3,1,0,0,0,0,0,0,0,0,0,0
490011,4,1,0,0,0,0,0,0,0,0,0,0
490011,5,1,0,0,0,0,0,0,0,0,0,0
490012,1,1,0,0,0,0,0,0,0,0,0,0
490012,2,1,0,0,0,0,0,0,0,0,0,0
490013,0,1,0,0,0,0,0,0,0,0,0,0
490013,1,1,0,0,0,0,0,0,0,0,0,0
490014,0,1,16,16,16,16,16,16,16,16,16,16
490014,1,1,0,0,0,0,0,0,0,0,0,0
490015,1,1,0,0,0,0,0,0,0,0,0,0
490015,2,1,0,0,0,0,0,0,0,0,0,0
490016,1,1,0,0,0,0,0,0,0,0,0,0
490017,1,1,0,0,0,0,0,0,0,0,0,0
490017,2,1,0,0,0,0,0,0,0,0,0,0
490018,1,1,27,27,27,27,27,27,27,27,27,27
490019,1,1,22,22,22,22,22,22,22,22,22,22
490020,1,1,0,10,0,0,0,0,0,0,0,0
490021,1,1,0,0,0,0,0,0,0,0,0,0
490022,1,1,2,2,2,2,2,2,2,2,2,2
490023,1,1,0,0,0,0,0,0,0,0,0,0
490024,0,1,0,0,0,0,0,0,0,0,0,0
490024,1,1,0,0,0,0,0,0,0,0,0,0
490025,1,1,0,0,0,0,0,0,0,0,7,0
490025,2,1,0,0,0,0,0,16,0,0,16,0
490026,1,1,0,0,0,0,0,0,0,0,0,0
490026,2,1,0,0,0,0,0,0,0,0,0,0
490027,1,1,7,7,7,7,7,7,7,7,7,7
490027,2,1,0,0,0,0,0,0,0,0,0,0
490027,3,1,0,0,0,0,0,0,0,0,0,0
490027,4,1,0,18,0,0,0,0,0,0,0,0
490027,5,1,0,0,0,0,0,0,0,0,0,0
490028,1,1,0,0,0,0,0,0,0,0,0,0
490029,1,1,3,3,3,3,3,3,3,3,3,3
490030,1,1,1,1,1,1,1,1,1,1,1,1
490031,0,1,0,0,0,0,42,0,34,0,0,20
490031,1,1,0,0,0,0,0,0,0,0,0,0
490032,1,1,0,0,0,0,0,0,0,0,0,0
490032,2,1,0,0,0,0,0,0,0,0,0,0
490033,1,1,0,0,0,0,0,0,0,0,0,0
490034,1,1,0,0,0,0,0,0,0,0,0,0
490035,0,1,0,0,0,0,0,0,0,0,0,0
490035,1,1,0,0,0,0,0,0,0,0,0,0
490036,1,1,0,0,0,0,0,0,0,0,0,0
490036,2,1,0,0,0,0,0,0,0,0,0,0
490036,3,1,0,0,0,0,0,0,0,0,0,0
490037,0,1,0,0,0,0,0,0,0,0,0,0
490037,1,1,0,0,0,0,0,0,0,0,0,0
490038,1,1,0,0,0,0,0,0,0,0,0,0
490038,2,1,0,0,0,0,0,0,0,0,0,0
490038,3,1,0,0,0,0,0,0,0,0,0,0
490039,1,1,0,0,0,0,0,0,0,0,0,0
490040,1,1,26,26,26,26,26,26,26,26,26,26
490040,2,1,0,0,0,0,0,0,0,0,0,0
490042,1,1,3,3,3,3,3,3,3,3,3,3
490042,2,1,0,0,0,0,0,0,0,0,0,0
490043,1,1,0,0,0,0,0,0,0,0,0,0
490043,2,1,0,0,0,0,0,0,0,0,0,0
490043,3,1,0,0,0,0,0,0,0,0,0,0
490045,1,1,0,0,0,0,5,0,0,0,0,0
490046,1,1,50,50,50,50,50,50,50,50,50,50
490046,2,1,0,0,0,0,0,0,0,0,0,0
490046,3,1,12,0,0,0,0,18,0,0,0,0
490046,4,1,0,0,0,0,0,0,0,22,0,0
490046,5,1,0,0,0,0,0,0,0,0,16,0
490047,1,1,0,0,0,0,0,0,0,0,0,0
490047,2,1,0,0,0,0,0,0,0,0,0,0
490048,1,1,0,0,0,0,0,0,0,0,13,0
490049,1,1,0,0,0,0,0,0,0,0,0,0
490049,2,1,0,0,0,0,0,0,0,0,0,0
490050,1,1,0,0,0,0,0,0,0,0,0,0
490051,0,1,14,14,14,14,14,14,14,14,14,14
490051,1,1,0,0,0,0,0,0,0,0,0,0
490052,1,1,0,0,24,22,0,0,0,0,0,0
490053,1,1,0,0,0,0,0,0,0,0,0,0
490053,2,1,17,0,0,0,0,0,0,13,16,0
490054,1,1,0,0,0,0,0,0,0,0,0,0
490054,2,1,0,0,0,0,0,0,0,0,0,0
490055,1,1,26,26,26,26,26,26,26,26,26,26
490056,1,1,0,0,0,0,0,11,0,0,10,0
490057,1,1,0,0,0,0,0,0,0,0,0,0
490058,1,1,0,0,0,0,0,0,0,0,0,0
490058,2,1,0,0,0,0,0,0,0,0,0,0
490059,1,1,18,18,18,18,18,18,18,18,18,18
490059,2,1,0,0,0,0,0,0,0,0,0,0
490060,1,1,0,0,0,0,0,0,0,0,0,0
490060,2,1,0,0,0,15,0,0,0,0,14,0
490061,1,1,0,0,0,0,0,0,0,0,0,0
490061,2,1,14,0,0,0,0,0,0,0,0,0
490062,0,1,0,0,0,0,0,0,0,0,0,0
490062,1,1,0,0,0,0,0,0,0,0,0,0
490063,0,1,0,0,0,0,0,0,0,0,0,0
490063,1,1,0,0,0,0,0,0,10,0,0,0
490064,0,1,8,8,8,8,8,8,8,8,8,8
490064,1,1,0,0,0,0,0,0,0,0,0,0
490065,0,1,0,0,0,0,0,0,0,0,0,0
490065,1,1,0,0,0,0,0,0,0,0,0,0
490066,1,1,0,0,0,0,0,0,0,0,0,0
490067,1,1,23,23,23,23,23,23,23,23,23,23
490068,1,1,0,0,0,0,0,0,0,0,0,0
490069,1,1,0,0,0,0,0,0,0,0,0,0
490069,2,1,0,0,0,0,0,0,0,0,0,0
490070,1,1,17,17,17,17,17,17,17,17,17,17
490071,1,1,0,0,0,0,0,0,0,0,0,0
490072,1,1,0,0,0,0,0,0,0,0,0,0
490072,2,1,0,0,0,0,0,0,0,0,0,0
490073,0,1,31,31,31,31,31,31,31,31,31,31
490073,1,1,11,11,11,11,11,11,11,11,11,11
490074,1,1,0,0,0,0,0,0,0,0,0,0
490074,2,1,0,0,0,0,0,0,0,0,0,0
490075,1,1,0,0,0,0,0,0,0,0,0,0
490076,1,1,0,5,0,0,0,0,0,0,0,0
490076,2,1,0,0,0,0,0,0,0,0,0,0
490077,1,1,14,14,14,14,14,14,14,14,14,14
490078,0,1,15,15,15,15,15,15,15,15,15,15
490078,1,1,0,0,0,0,0,0,18,0,0,0
490078,2,1,0,18,0,0,0,0,0,0,0,0
490079,0,1,0,0,0,0,0,0,0,0,0,0
490079,0,2,15,0,0,0,0,15,15,0,0,0
490079,1,1,0,0,0,0,0,0,0,0,0,0
490080,1,1,0,0,0,0,0,0,0,0,0,0
490081,1,1,0,0,0,0,0,0,0,0,0,0
490082,1,1,0,0,0,0,0,0,0,0,0,0
490083,1,1,0,0,0,0,0,0,0,0,0,0
490083,2,1,0,0,0,0,0,0,9,0,20,0
490084,1,1,0,0,0,0,0,0,0,0,0,0
490084,2,1,0,0,0,0,0,0,0,0,0,0
490085,1,1,18,18,18,18,18,18,18,18,18,18
490086,0,1,0,0,0,0,0,0,0,0,0,0
490086,1,1,0,0,0,0,0,0,0,0,0,0
490087,1,1,0,0,0,0,0,0,0,0,0,0
490088,1,1,0,0,0,0,0,0,0,0,0,0
490089,1,1,0,0,0,0,0,0,0,0,0,0
490089,2,1,0,0,0,0,0,0,0,0,0,0
490090,1,1,0,0,0,0,0,0,0,0,0,0
490091,1,1,0,0,0,0,0,0,0,0,0,0
490091,2,1,0,0,0,0,0,0,0,0,0,0
490092,1,1,0,0,0,0,0,0,0,0,0,0
490093,1,1,0,0,0,0,0,0,0,0,0,0
490093,2,1,0,0,0,0,0,0,0,0,0,0
490094,1,1,0,0,0,0,0,0,0,0,0,0
490095,1,1,0,0,0,0,0,0,0,0,0,0
490096,0,1,23,23,23,23,23,23,23,23,23,23
490096,1,1,0,0,0,0,0,0,0,0,0,0
490097,1,1,29,29,29,29,29,29,29,29,29,29
490097,2,1,0,15,0,0,0,0,0,0,0,0
490098,1,1,23,23,23,23,23,23,23,23,23,23
490099,1,1,20,20,20,20,20,20,20,20,20,20
490100,1,1,0,0,0,0,0,0,0,0,0,0
490100,2,1,0,0,0,0,0,0,0,0,0,0
490101,1,1,0,0,0,0,0,0,0,0,0,0
490101,2,1,0,0,0,0,0,0,0,0,0,0
490102,1,1,0,0,0,0,0,0,0,0,0,0
490103,1,1,0,0,0,0,0,0,0,0,0,0
490103,2,1,4,0,0,0,0,0,0,0,0,0
490104,1,1,0,0,0,0,0,0,0,0,0,0
490105,0,1,0,0,0,0,0,0,0,0,0,0
490105,1,1,0,0,0,0,0,0,0,0,0,0
490106,1,1,0,0,0,0,0,0,0,0,0,0
490106,2,1,0,0,0,0,0,0,0,0,0,0
490107,1,1,0,0,0,0,0,0,0,0,0,0
490107,2,1,0,0,0,0,0,0,0,0,0,0
490107,3,1,0,0,0,0,0,0,0,0,0,0
490108,0,1,21,21,21,21,21,21,21,21,21,21
490108,1,1,0,0,0,0,0,0,0,0,0,0
490109,1,1,17,0,0,0,9,0,0,0,0,0
490110,1,1,0,0,0,0,0,0,0,0,0,0
490111,1,1,0,0,0,0,0,0,0,0,0,0
490112,1,1,0,0,0,0,0,0,0,0,0,0
490112,2,1,0,11,0,0,0,0,0,0,3,7
490113,1,1,0,0,0,0,0,0,0,0,0,0
490114,1,1,20,20,20,20,20,20,20,20,20,20
490115,1,1,11,11,11,11,11,11,11,11,11,11
490116,1,1,0,0,0,0,0,0,0,0,0,0
490117,1,1,0,0,0,0,0,0,0,0,0,0
490118,1,1,13,13,13,13,13,13,13,13,13,13
490118,2,1,0,0,0,0,0,0,0,0,0,0
490118,3,1,0,0,0,0,0,0,0,0,0,0
490119,0,1,0,0,0,0,0,0,0,0,0,0
490119,1,1,0,0,0,0,0,0,0,0,0,0
490120,0,1,9,9,9,9,9,9,9,9,9,9
490120,1,1,0,0,0,0,12,0,0,0,0,0
490121,0,1,0,0,0,0,0,0,0,0,0,0
490121,1,1,0,0,0,0,0,0,0,0,0,0
490123,1,1,0,0,0,0,0,0,0,0,0,0
490123,2,1,0,0,0,0,0,0,0,0,0,0
490123,3,1,0,0,0,0,0,0,0,0,0,0
490123,4,1,0,0,0,0,0,0,0,0,0,0
490123,5,1,0,0,0,0,0,0,0,0,0,0
490123,6,1,0,0,0,0,0,0,0,0,0,0
490123,7,1,0,0,0,0,0,0,0,0,0,0
490123,8,1,0,0,0,0,0,0,0,0,0,0
490123,9,1,0,0,0,0,0,0,0,0,0,0
490123,10,1,0,0,0,0,0,0,0,0,0,0
490123,11,1,0,0,0,0,0,0,0,0,0,0
490123,12,1,0,0,0,0,0,0,0,0,0,0
490123,13,1,0,0,0,0,0,0,0,0,0,0
490123,14,1,0,0,0,0,0,0,0,0,0,0
490123,15,1,3,0,0,0,0,0,0,0,0,0
490123,16,1,0,0,0,0,20,0,0,0,0,0
490124,1,1,30,28,5,27,11,0,0,0,0,0
490124,2,1,0,0,0,0,0,0,0,0,0,0
490125,0,1,14,0,0,0,34,24,0,0,14,23
490125,1,1,0,0,0,0,0,0,0,0,0,0
490126,1,1,0,0,0,0,0,0,0,0,0,0
490126,2,1,0,0,0,0,0,0,0,0,0,0
490127,1,1,0,0,0,0,0,0,0,0,0,0
490128,1,1,0,0,0,0,17,0,0,0,0,0
490129,1,1,26,26,26,26,26,26,26,26,26,26
490130,1,1,0,0,0,0,0,0,0,0,0,0
490130,2,1,0,0,0,0,0,0,0,0,0,0
490131,1,1,15,15,15,15,15,15,15,15,15,15
490131,2,1,0,0,0,0,0,0,0,0,0,0
490132,1,1,0,0,0,0,0,0,0,0,0,0
490133,1,1,0,0,0,0,0,0,0,0,0,0
490134,1,1,0,0,0,0,0,0,0,0,0,0
490135,1,1,0,0,0,0,0,0,0,0,0,0
490135,2,1,0,0,0,0,0,0,0,0,0,0
490136,1,1,0,0,0,0,0,0,0,0,0,0
490136,2,1,0,0,0,0,0,0,0,0,0,0
490137,1,1,0,0,0,0,0,0,0,0,0,0
490137,2,1,0,0,0,0,0,0,0,0,0,0
490138,1,1,0,0,0,0,0,0,0,0,0,0
490138,2,1,0,0,0,0,0,0,0,0,0,0
490138,3,1,0,0,0,0,0,0,0,0,0,0
490139,1,1,0,0,0,0,0,0,0,0,0,0
490140,1,1,0,0,0,0,0,0,0,0,0,0
490141,1,1,0,0,0,0,0,0,0,0,0,0
490142,0,1,0,0,0,0,0,0,0,0,0,0
490142,1,1,0,0,0,0,0,0,0,0,0,0
490143,1,1,0,0,0,0,0,0,0,0,0,0
490143,2,1,0,0,0,0,0,0,0,0,6,0
490144,1,1,0,0,0,0,0,0,0,0,0,0
490145,0,1,0,0,0,0,0,0,0,0,0,0
490145,1,1,0,0,0,0,0,0,0,0,0,0
490146,1,1,0,0,0,0,0,0,0,0,0,0
490147,1,1,25,25,25,25,25,25,25,25,25,25
490147,2,1,0,0,0,0,0,0,0,0,0,0
490148,1,1,0,0,0,0,0,0,0,0,0,0
490148,2,1,0,0,0,0,0,0,0,0,0,0
490149,1,1,0,22,23,0,0,0,0,0,28,0
490149,2,1,0,0,5,10,0,0,0,5,0,0
490150,1,1,0,0,0,0,0,0,0,0,0,0
490150,2,1,0,0,0,0,0,0,0,0,0,0
490150,3,1,0,0,0,0,0,0,0,0,0,0
490150,4,1,0,0,0,0,0,0,0,0,0,0
490151,0,1,0,0,0,0,0,0,0,0,0,0
490151,1,1,0,0,0,0,0,0,0,0,0,0
490152,1,1,0,0,0,0,0,0,0,0,0,0
490152,2,1,0,0,0,0,0,0,0,0,0,0
490153,1,1,7,7,7,7,7,7,7,7,7,7
490154,1,1,0,0,0,0,0,0,0,0,0,0
490155,1,1,16,0,0,0,0,0,0,0,0,12
490155,2,1,0,0,0,0,0,0,0,0,0,0
490156,0,1,0,0,0,0,0,0,0,0,0,0
490156,1,1,0,0,0,0,0,0,0,0,0,0
490157,1,1,24,24,24,24,24,24,24,24,24,24
490157,2,1,0,0,0,0,0,0,0,0,0,0
490158,1,1,0,0,0,0,0,0,0,0,0,0
490158,2,1,0,0,0,0,0,0,0,0,0,0
490159,1,1,19,19,19,19,19,19,19,19,19,19
490159,2,1,0,0,9,0,0,0,0,0,0,0
490159,3,1,0,0,0,0,0,0,0,0,0,0
490161,1,1,0,0,0,0,0,0,0,0,0,0
490161,2,1,0,0,0,0,0,0,0,0,0,0
490162,1,1,34,34,34,34,34,34,34,34,34,34
490163,1,1,0,0,0,0,0,0,0,0,0,0
490164,0,1,13,13,13,13,13,13,13,13,13,13
490164,1,1,0,0,0,0,0,0,0,13,0,7
490165,0,1,0,0,0,0,0,0,0,0,0,0
490165,1,1,0,0,0,0,0,0,0,0,0,0
490166,1,1,0,0,0,0,0,0,0,0,0,6
490166,2,1,0,0,0,0,0,0,0,0,0,0
490167,1,1,0,0,0,0,0,0,0,0,0,0
490167,2,1,0,0,0,0,0,0,0,0,0,0
490167,3,1,0,0,0,0,0,0,0,0,0,0
490168,1,1,0,0,0,0,0,0,0,0,0,0
490169,1,1,0,0,0,0,0,0,0,0,0,0
490169,2,1,0,0,0,0,0,0,0,0,0,0
490169,3,1,0,0,0,0,0,0,0,0,0,0
490170,1,1,0,0,0,0,0,0,0,0,0,0
490170,2,1,0,0,0,0,0,0,0,0,0,3
490171,1,1,16,16,16,16,16,16,16,16,16,16
490172,1,1,0,0,0,0,0,0,0,0,0,0
490173,1,1,0,0,0,0,0,0,0,0,0,0
490173,2,1,0,0,0,0,0,0,0,0,0,8
490174,0,1,0,0,0,0,0,0,0,0,0,0
490174,1,1,0,0,0,0,0,0,0,0,0,0
490175,1,1,0,0,0,0,0,0,0,0,0,0
490175,2,1,0,0,0,0,0,0,0,0,0,0
490176,1,1,0,0,0,0,0,0,0,0,0,0
490176,2,1,0,0,0,0,0,0,0,0,0,0
490177,1,1,0,0,0,0,0,0,0,0,0,0
490178,1,1,0,0,0,0,0,0,0,0,0,0
490178,2,1,0,0,0,0,0,0,0,0,0,0
490179,1,1,0,0,0,0,0,0,0,0,0,0
490179,2,1,0,0,0,0,0,0,0,0,0,0
490179,3,1,0,0,0,0,0,0,0,0,0,0
490180,1,1,0,0,0,0,0,0,0,0,0,0
490180,2,1,0,0,0,0,0,0,0,0,0,0
490181,1,1,0,0,0,0,0,0,0,0,0,0
490182,1,1,0,0,0,0,0,0,0,0,0,0
490182,2,1,0,0,0,0,0,0,0,0,0,0
490183,0,1,13,13,13,13,13,13,13,13,13,13
490183,1,1,0,0,0,0,0,0,0,0,0,0
490184,1,1,0,0,0,0,0,0,0,0,0,0
490185,1,1,32,32,32,32,32,32,32,32,32,32
490186,1,1,0,0,0,0,0,0,0,0,0,0
490187,1,1,0,0,0,0,0,0,0,0,0,0
490188,1,1,0,0,0,0,0,0,0,0,0,0
490188,2,1,0,0,0,0,0,0,0,0,0,0
490189,0,1,0,0,0,0,0,0,0,0,0,0
490189,1,1,0,0,0,0,0,0,0,0,0,0
490190,1,1,4,4,4,4,4,4,4,4,4,4
490190,2,1,0,0,0,0,0,0,0,0,0,0
490191,0,1,0,0,0,0,0,0,0,0,0,0
490191,1,1,16,0,0,0,0,5,10,0,0,0
490192,1,1,23,23,23,23,23,23,23,23,23,23
490193,1,1,0,0,0,0,0,0,0,0,0,0
490194,0,1,0,0,0,0,0,0,0,0,0,0
490194,1,1,0,0,0,0,0,0,0,0,0,0
490195,1,1,0,0,0,0,0,0,0,0,0,0
490195,2,1,0,0,0,0,0,0,0,0,0,0
490195,3,1,0,0,0,0,0,0,0,0,0,0
490195,4,1,0,0,0,0,0,0,0,0,0,0
490196,1,1,0,0,0,0,0,0,19,0,0,0
490197,1,1,0,11,0,0,0,0,0,0,0,0
490198,1,1,0,0,0,0,0,0,0,0,0,0
490198,2,1,0,0,0,0,0,0,0,0,0,0
490198,3,1,0,0,0,0,0,0,0,0,0,0
490199,1,1,0,0,0,0,0,0,0,0,0,0
490199,2,1,0,0,0,0,0,0,0,0,0,0
490199,3,1,0,0,0,0,0,0,0,0,0,0
490200,0,1,0,0,0,0,0,0,0,0,0,0
490200,1,1,0,0,0,0,0,0,0,0,0,0
490200,2,1,0,0,0,0,0,0,0,0,0,0
490201,1,1,0,0,0,0,0,0,0,0,0,0
490202,1,1,0,0,0,0,0,0,0,0,0,0
490203,1,1,0,0,0,0,0,0,0,0,0,0
490203,2,1,0,0,0,0,0,0,0,0,0,0
490204,0,1,0,0,0,0,0,0,0,0,0,0
490204,1,1,0,0,0,0,0,0,0,0,0,0
490205,0,1,24,24,24,24,24,24,24,24,24,24
490205,1,1,0,0,0,0,0,0,0,0,0,0
490206,1,1,0,0,0,0,0,0,0,0,0,0
490207,1,1,0,0,0,0,0,0,0,0,0,0
490207,2,1,0,0,0,0,0,0,0,0,0,0
490207,3,1,0,0,0,0,0,0,0,0,0,0
490208,0,1,0,0,0,0,0,0,0,0,0,0
490209,1,1,8,8,8,8,8,8,8,8,8,8
490210,1,1,0,0,0,0,0,15,0,0,0,0
490211,1,1,0,0,0,0,0,0,0,0,0,0
490212,0,1,0,0,31,36,0,0,22,0,0,0
490212,0,2,0,0,0,0,0,0,0,0,0,0
490212,1,1,0,0,0,0,0,0,0,0,0,0
490213,0,1,0,0,0,0,0,0,0,0,0,0
490213,1,1,0,0,0,0,0,0,0,0,0,0
490214,1,1,11,11,11,11,11,11,11,11,11,11
490215,0,1,22,22,22,22,22,22,22,22,22,22
490215,1,1,0,0,0,0,0,0,0,0,0,0
490216,1,1,0,0,0,0,0,0,0,0,0,0
490216,2,1,0,0,0,0,0,0,0,0,0,0
490217,1,1,0,0,0,0,0,0,0,3,0,0
490217,2,1,0,0,0,0,0,0,0,0,0,0
490218,1,1,0,0,0,0,0,0,0,0,0,0
490218,2,1,0,0,0,0,0,13,0,0,0,0
490219,1,1,0,0,0,0,0,0,0,0,0,0
490220,1,1,0,0,0,0,0,0,0,0,0,0
490220,2,1,0,0,0,0,0,0,0,0,0,0
490221,1,1,0,0,0,0,0,0,0,0,0,0
490221,2,1,0,0,0,0,0,0,0,0,0,0
490222,1,1,8,8,8,8,8,8,8,8,8,8
490223,1,1,0,0,22,0,0,0,0,0,0,0
490223,2,1,0,0,0,0,0,0,0,0,0,0
490224,1,1,0,0,0,0,0,0,0,0,0,0
490225,1,1,0,0,0,0,0,0,0,0,0,0
490225,2,1,0,0,0,0,0,0,0,0,0,0
490226,1,1,0,0,0,0,0,0,0,0,0,0
490226,2,1,0,0,0,0,0,0,0,0,0,0
490227,0,1,0,0,0,0,0,0,0,0,0,0
490227,1,1,18,18,18,18,18,18,18,18,18,18
490228,0,1,0,0,0,0,0,0,0,0,0,0
490228,1,1,0,0,0,0,0,0,0,0,0,0
490229,1,1,0,0,0,0,0,0,0,0,0,0
490230,0,1,0,0,0,0,0,0,0,0,0,0
490230,1,1,0,0,0,0,0,0,0,0,0,0
490231,0,1,0,0,0,0,0,0,0,0,0,0
490231,1,1,0,0,0,0,0,0,0,0,0,0
490232,1,1,0,0,0,0,0,0,0,0,0,0
490232,2,1,0,0,0,0,0,0,0,0,0,0
490232,3,1,0,0,0,0,17,0,0,0,0,0
490233,1,1,0,0,0,0,0,0,0,0,0,0
490233,2,1,0,0,0,0,0,0,0,0,0,0
490234,1,1,0,0,0,0,0,0,0,0,0,0
490234,2,1,0,0,0,0,0,0,0,0,0,0
490235,1,1,0,0,0,0,0,0,0,0,0,0
490236,1,1,0,0,0,0,0,0,0,0,0,0
490237,1,1,0,0,21,0,13,0,0,0,0,0
490238,1,1,0,0,0,0,0,0,0,0,0,0
490238,2,1,0,0,0,0,0,0,0,0,0,0
490238,3,1,0,0,0,0,0,0,0,0,10,0
490239,1,1,0,0,0,0,0,0,0,0,0,0
490239,2,1,0,0,0,0,0,0,0,0,0,0
490240,1,1,0,0,0,0,0,0,0,0,0,0
490241,1,1,0,0,0,0,0,0,0,0,0,0
490241,2,1,0,0,0,0,0,0,0,0,0,0
490242,1,1,0,0,0,0,0,0,0,0,0,0
490243,0,1,0,0,0,0,0,0,0,0,0,0
490243,1,1,0,0,0,0,0,0,0,0,0,0
490244,1,1,17,17,17,17,17,17,17,17,17,17