ST_CASE,VEH_NO,PER_NO,P1,P2,P3,P4,P5,P6,P7,P8,P9,P10
510586,1,1,16,0,0,0,0,5,34,0,21,0
510586,2,1,0,0,0,0,0,0,0,0,0,0
510586,3,1,0,0,0,0,0,0,0,0,0,0
510587,1,1,0,0,0,0,0,0,0,0,0,0
510587,2,1,0,0,0,0,0,0,0,0,0,0
510588,1,1,19,19,19,19,19,19,19,19,19,19
510589,1,1,0,0,0,7,18,0,0,0,0,0
510590,1,1,0,0,0,0,0,0,0,0,0,0
510590,2,1,0,0,0,0,0,0,0,0,0,0
510591,1,1,24,8,0,9,26,22,27,12,0,0
510592,1,1,0,0,0,0,0,0,0,0,0,0
510593,1,1,19,0,0,11,0,0,0,0,0,0
510594,1,1,0,0,0,0,0,0,0,0,0,0
510594,2,1,0,0,0,0,0,0,0,0,0,0
510595,1,1,0,0,0,0,0,0,0,0,0,0
510596,1,1,2,7,0,0,0,5,0,0,0,0
510597,1,1,18,14,0,0,21,0,0,0,0,0
510598,1,1,0,0,0,16,0,27,0,0,0,0
510599,0,1,0,0,0,0,0,0,0,0,0,0
510599,1,1,0,16,0,0,0,0,0,0,0,0
510600,1,1,19,15,21,13,13,8,8,0,22,19
510600,2,1,0,0,0,0,0,0,0,0,0,0
510601,1,1,11,18,16,14,19,20,21,27,12,22
510602,1,1,0,0,0,0,0,0,22,0,0,0
510602,2,1,0,0,0,0,0,10,0,0,0,0
510603,1,1,0,0,0,0,0,0,0,0,0,0
510603,2,1,0,0,0,0,0,0,0,0,0,0
510604,1,1,0,0,0,0,20,0,0,29,0,0
510604,2,1,0,0,0,0,0,0,0,0,0,0
510605,1,1,0,26,0,0,0,0,45,38,33,15
510606,1,1,24,0,25,5,0,10,0,21,0,31
510607,1,1,0,0,0,0,0,0,0,0,0,0
510607,2,1,0,0,0,0,0,0,0,0,0,0
510608,0,1,0,0,0,0,0,0,0,0,0,0
510608,1,1,0,0,0,0,0,0,0,0,0,0
510609,1,1,17,17,17,17,17,17,17,17,17,17
510609,2,1,0,0,0,0,0,0,0,0,0,0
510610,1,1,0,0,16,0,0,0,0,8,0,11
510611,1,1,22,22,22,22,22,22,22,22,22,22
510612,1,1,0,0,0,0,20,29,25,0,0,0
510613,1,1,28,19,0,18,13,0,0,0,0,0
510614,1,1,0,0,0,0,0,0,0,0,0,0
510614,2,1,0,0,0,0,0,0,0,0,0,0
510615,0,1,0,0,0,0,0,0,0,0,0,0
510615,1,1,0,0,0,0,0,0,0,0,0,0
510616,1,1,0,0,0,0,0,0,0,0,0,0
510617,1,1,0,0,0,0,0,0,0,0,0,0
510618,1,1,0,0,0,0,0,0,0,0,0,0
510619,1,1,0,0,0,0,0,0,0,0,0,0
510620,1,1,0,0,0,0,0,0,0,17,19,0
510621,1,1,0,0,0,0,0,0,0,0,0,0
510621,2,1,0,0,0,0,0,0,0,0,0,0
510622,1,1,0,0,0,0,10,0,0,0,0,0
510623,1,1,0,0,0,0,0,0,0,0,0,0
510623,2,1,0,0,0,0,20,0,0,12,0,0
510623,3,1,0,0,0,0,0,0,0,0,0,0
510624,1,1,0,0,0,0,0,0,0,0,0,0
510625,1,1,21,21,21,21,21,21,21,21,21,21
510626,1,1,27,0,6,27,8,0,18,17,7,13
510627,1,1,0,0,0,0,0,0,0,0,0,0
510627,2,1,0,0,0,0,0,0,0,0,0,0
510628,1,1,0,0,0,0,0,0,0,0,0,0
510628,2,1,0,0,22,0,0,0,0,0,0,0
510628,3,1,0,0,0,0,0,0,0,0,0,0
510629,0,1,0,0,0,0,0,0,0,0,0,0
510629,1,1,0,27,0,0,0,0,0,0,0,0
510630,1,1,0,0,0,0,0,0,0,0,0,0
510630,2,1,8,10,18,13,8,15,11,9,15,20
510631,0,1,0,0,0,0,0,0,0,0,0,0
510631,1,1,0,0,0,0,0,0,0,0,0,0
510632,0,1,0,21,13,21,0,0,0,0,27,0
510632,1,1,0,0,0,0,0,0,0,0,0,0
510633,1,1,0,0,0,0,0,0,0,0,0,0
510634,1,1,0,0,0,0,0,0,0,0,0,0
510635,0,1,0,0,0,0,0,0,0,0,0,0
510635,1,1,0,0,0,0,0,0,0,0,0,0
510636,1,1,13,13,13,13,13,13,13,13,13,13
510637,0,1,22,22,19,0,21,7,39,40,0,36
510637,1,1,0,0,0,0,7,0,0,0,0,0
510637,2,1,0,0,0,0,0,0,0,0,0,0
510638,1,1,26,24,16,5,12,51,24,34,0,21
510639,0,1,43,0,21,20,25,27,35,29,21,11
510639,1,1,0,0,0,21,0,0,0,0,0,0
510640,1,1,0,0,0,0,0,0,0,0,0,0
510640,2,1,0,0,0,0,0,0,0,0,0,0
510641,1,1,0,0,0,0,0,0,0,0,0,7
510642,0,1,13,22,22,17,13,16,4,23,20,22
510642,1,1,0,0,0,0,0,0,0,0,0,0
510644,1,1,0,0,0,0,0,0,0,0,0,0
510645,1,1,0,0,0,0,19,0,0,0,0,0
510646,0,1,0,3,0,0,0,0,0,0,0,0
510646,1,1,0,0,0,0,0,0,0,0,0,0
510647,0,1,18,6,8,27,13,29,29,24,24,38
510647,1,1,0,0,0,0,0,10,0,11,0,0
510648,0,1,0,16,12,14,15,0,0,0,24,31
510648,1,1,0,0,0,0,0,0,28,0,0,0
510649,1,1,0,0,0,0,0,0,0,0,0,0
510650,1,1,0,0,0,0,0,0,0,0,0,0
510650,2,1,0,0,0,0,0,0,0,0,0,0
510651,1,1,0,11,22,0,20,0,0,0,23,0
510652,0,1,19,0,10,46,27,15,0,15,16,21
510652,1,1,0,0,0,0,0,0,0,0,0,0
510653,0,1,0,17,17,0,0,0,22,0,0,0
510653,1,1,0,0,0,0,0,0,0,0,0,0
510654,0,1,0,0,0,0,0,0,0,0,0,0
510654,1,1,26,34,0,0,0,0,0,0,8,0
510655,0,1,12,0,0,0,0,0,10,0,0,0
510655,1,1,0,0,0,0,0,0,0,0,0,0
510656,0,1,29,8,22,8,24,31,15,31,23,0
510656,0,2,19,32,12,15,19,9,24,45,25,15
510656,1,1,0,0,0,0,0,0,0,0,0,0
510657,1,1,0,0,0,0,0,0,0,0,0,0
510658,1,1,0,0,0,0,0,0,0,0,0,0
510658,2,1,0,0,0,0,0,0,0,0,0,0
510658,3,1,0,0,0,0,0,0,0,0,0,0
510659,1,1,14,0,0,0,0,0,2,0,0,13
510659,2,1,10,11,5,6,10,17,8,20,6,26
510660,1,1,0,16,0,0,0,0,0,0,0,0
510660,2,1,0,0,0,0,0,0,9,0,0,0
510661,1,1,0,0,0,0,0,0,0,0,0,0
510662,1,1,0,0,0,0,0,0,0,0,0,0
510663,0,1,24,0,20,10,30,19,22,16,13,0
510663,1,1,0,0,0,0,0,0,0,0,0,0
510663,2,1,0,0,0,0,0,0,0,0,0,0
510664,1,1,0,0,0,0,0,0,0,0,0,0
510664,2,1,0,0,0,0,0,0,0,0,0,0
510665,0,1,0,0,0,0,0,0,0,0,0,0
510665,1,1,0,0,0,0,0,4,0,3,0,0
510666,0,1,0,0,0,0,0,0,0,0,9,0
510666,1,1,0,0,0,0,0,0,0,0,0,0
510667,1,1,0,23,40,11,16,33,15,19,7,23
510668,1,1,0,0,0,0,0,0,0,0,0,0
510668,2,1,0,0,0,0,0,0,0,0,0,0
510669,1,1,0,13,0,23,10,24,0,0,0,18
510670,0,1,17,43,20,15,39,13,5,33,0,18
510670,1,1,0,0,0,9,0,0,0,0,0,0
510671,1,1,18,31,9,41,11,43,15,12,12,14
510672,1,1,0,0,0,0,0,0,0,0,0,0
510672,2,1,0,0,0,0,23,0,0,0,0,0
510673,1,1,10,22,16,13,0,0,25,26,17,16
510674,1,1,0,0,0,0,0,0,0,0,0,0
510674,2,1,0,0,0,0,0,0,0,0,0,0
510675,1,1,17,0,15,0,0,20,0,0,0,0
510675,2,1,0,0,0,0,51,0,0,0,0,0
510676,1,1,11,11,17,17,8,9,8,3,10,20
510677,1,1,0,0,0,0,0,0,17,0,0,0
510677,2,1,0,0,0,0,0,0,0,0,0,0
510678,1,1,0,0,0,24,0,0,0,5,0,0
510679,0,1,0,0,0,0,0,23,0,0,0,0
510679,1,1,22,15,19,16,9,8,13,14,20,7
510680,1,1,7,7,7,7,7,7,7,7,7,7
510680,2,1,0,0,0,0,0,0,5,0,0,0
510680,3,1,0,0,0,0,0,0,0,0,0,0
510681,1,1,0,0,0,0,0,0,0,0,0,0
510682,1,1,0,0,0,0,0,0,0,0,0,0
510682,2,1,0,0,0,0,0,0,0,0,0,0
510683,1,1,0,0,26,0,23,0,15,0,38,0
510684,1,1,0,0,0,0,0,0,0,0,0,11
510685,0,1,0,0,0,0,0,0,0,0,0,0
510685,1,1,0,26,0,0,0,0,0,0,0,0
510686,1,1,0,0,0,0,0,0,0,9,0,0
510686,2,1,0,0,0,0,0,0,0,0,22,0
510686,3,1,0,0,0,0,0,0,0,0,0,18
510687,1,1,0,0,0,0,0,0,0,0,0,0
510688,1,1,0,0,0,0,0,0,0,0,0,0
510689,1,1,0,0,0,0,0,29,23,0,0,0
510689,2,1,0,0,0,0,0,0,0,0,0,0
510689,3,1,0,0,0,0,0,0,0,0,0,0
510689,4,1,0,20,0,0,0,0,0,0,0,0
510690,1,1,0,0,0,0,0,0,0,0,0,0
510690,2,1,0,0,0,0,0,0,0,0,0,0
510691,1,1,0,0,0,0,0,0,0,0,0,0
510692,1,1,20,0,0,14,9,0,0,0,0,0
510693,1,1,0,0,0,0,0,0,0,0,0,0
510693,2,1,0,0,0,0,0,0,0,0,0,0
510693,3,1,0,0,0,0,0,0,0,0,0,0
510693,4,1,0,0,0,0,22,0,0,0,0,0
510694,1,1,0,0,0,0,0,0,0,0,0,0
510695,1,1,0,0,0,0,0,0,0,0,0,0
510695,2,1,0,15,0,0,0,19,0,0,18,6
510695,3,1,0,0,0,0,0,0,0,0,0,0
510696,1,1,24,20,22,28,26,0,21,3,17,25
510697,0,1,0,0,0,0,0,0,0,0,0,0
510697,1,1,0,0,0,0,0,0,0,0,0,0
510698,1,1,0,0,0,0,0,0,0,0,0,0
510699,1,1,0,0,0,0,36,0,0,0,0,28
510700,0,1,0,0,7,0,0,0,0,0,0,0
510700,1,1,0,0,0,0,0,0,0,0,0,0
510701,1,1,0,0,0,0,0,0,0,0,0,0
510702,1,1,23,15,17,0,9,0,12,0,0,21
510703,1,1,0,0,0,0,0,0,0,0,0,0
510703,2,1,0,0,0,0,0,0,0,0,0,0
510703,3,1,0,0,0,0,0,0,0,0,0,0
510704,1,1,35,35,35,35,35,35,35,35,35,35
510705,1,1,0,0,29,5,2,9,15,37,9,26
510705,2,1,0,0,0,0,0,0,0,0,0,0
510706,1,1,0,0,0,0,0,0,0,0,0,0
510706,2,1,0,0,5,0,0,0,0,5,15,0
510707,1,1,0,0,0,0,0,0,0,0,0,0
510708,1,1,0,0,0,0,0,0,0,0,0,0
510708,2,1,0,0,0,0,0,0,0,0,0,0
510708,3,1,0,0,0,0,0,0,0,0,0,0
510709,1,1,0,0,3,0,0,0,0,0,0,0
510710,1,1,17,0,21,5,34,11,19,7,20,37
510711,1,1,10,6,11,7,28,8,9,25,0,9
510711,2,1,0,0,0,0,0,0,0,0,0,0
510712,0,1,0,21,0,0,0,18,22,0,8,0
510712,1,1,0,0,0,0,0,0,0,0,0,0
510713,1,1,7,26,16,16,22,21,0,11,8,15
530001,1,1,6,6,6,6,6,6,6,6,6,6
530002,1,1,0,0,0,0,0,0,0,0,0,0
530002,2,1,0,0,0,0,0,0,0,0,0,0
530003,1,1,0,0,0,0,0,0,0,0,0,0
530003,2,1,0,0,0,0,0,0,0,0,0,0
530004,1,1,0,0,0,0,0,0,0,0,0,0
530004,2,1,0,0,0,0,0,0,0,0,0,0
530005,0,1,0,0,0,0,0,0,0,0,0,0
530005,1,1,3,28,8,0,14,7,22,19,0,7
530006,1,1,3,3,3,3,3,3,3,3,3,3
530006,2,1,0,0,0,0,0,0,0,0,0,0
530007,0,1,0,0,0,0,0,0,0,0,0,0
530007,0,2,0,0,0,0,0,0,0,0,0,0
530007,1,1,0,0,0,0,0,0,0,0,0,0
530008,1,1,0,0,0,0,0,0,0,0,0,0
530009,1,1,0,0,0,0,0,0,0,0,0,0
530009,2,1,0,0,0,0,0,0,0,0,0,0
530010,1,1,17,17,17,17,17,17,17,17,17,17
530011,0,1,39,39,39,39,39,39,39,39,39,39
530011,1,1,0,0,0,0,0,0,0,0,0,0
530012,1,1,0,0,0,0,0,0,0,0,0,0
530013,1,1,0,0,0,0,0,0,0,0,0,0
530013,2,1,0,0,0,0,0,0,0,0,0,0
530014,1,1,0,0,0,0,0,0,0,0,0,0
530014,2,1,0,0,0,0,0,0,0,0,0,0
530015,1,1,16,23,8,24,5,14,13,7,5,9
530016,1,1,4,4,4,4,4,4,4,4,4,4
530017,1,1,0,0,0,0,0,0,0,0,0,0
530018,0,1,0,20,0,0,0,0,0,13,0,0
530018,1,1,0,0,0,0,0,0,0,0,0,0
530019,0,1,0,0,0,0,0,0,0,0,0,0
530019,1,1,0,0,0,0,0,0,0,0,0,0
530020,1,1,0,0,0,0,0,0,0,0,0,0
530020,2,1,0,0,0,0,0,0,0,0,0,0
530021,1,1,19,19,19,19,19,19,19,19,19,19
530022,0,1,20,20,20,20,20,20,20,20,20,20
530022,1,1,0,0,0,0,0,0,0,0,0,0
530023,0,1,0,0,0,0,0,11,32,0,12,0
530023,1,1,6,6,6,6,6,6,6,6,6,6
530024,1,1,0,0,0,0,0,0,0,0,0,0
530024,2,1,0,25,0,0,0,0,0,0,0,0
530024,3,1,0,0,0,0,0,0,0,0,0,6
530025,0,1,0,0,0,0,0,0,0,0,0,0
530025,1,1,0,0,0,0,18,0,0,8,14,0
530025,2,1,0,0,0,0,0,0,0,0,0,0
530026,1,1,13,13,13,13,13,13,13,13,13,13
530027,1,1,0,0,0,0,0,0,0,0,0,0
530028,0,1,0,0,0,0,0,0,0,0,0,0
530028,1,1,0,0,0,0,0,0,0,0,0,0
530029,1,1,0,0,0,0,0,7,7,0,0,0
530030,0,1,24,24,24,24,24,24,24,24,24,24
530030,1,1,0,0,0,0,0,0,0,0,0,0
530031,1,1,13,13,13,13,13,13,13,13,13,13
530032,0,1,0,0,0,0,0,0,0,0,0,0
530032,1,1,0,24,0,0,0,0,0,0,0,0
530033,1,1,0,0,0,0,0,0,0,0,0,0
530033,2,1,0,0,0,0,0,0,0,0,0,0
530034,0,1,0,0,0,0,0,0,0,16,0,0
530034,1,1,0,0,0,0,0,0,0,0,0,0
530035,0,1,0,0,0,0,0,0,0,0,0,0
530035,1,1,0,0,0,22,0,0,0,0,0,0
530036,1,1,0,0,0,0,0,0,0,0,0,0
530036,2,1,0,0,0,0,0,0,0,0,0,0
530037,1,1,20,20,20,20,20,20,20,20,20,20
530038,0,1,0,0,0,24,15,0,8,25,0,26
530038,1,1,0,0,0,0,0,0,0,0,0,0
530039,1,1,22,22,22,22,22,22,22,22,22,22
530040,1,1,4,4,4,4,4,4,4,4,4,4
530040,2,1,0,0,0,0,0,0,0,9,0,0
530041,0,1,22,22,22,22,22,22,22,22,22,22
530041,1,1,0,0,0,0,0,0,0,0,0,0
530042,1,1,21,21,21,21,21,21,21,21,21,21
530043,1,1,0,0,0,0,0,0,0,0,0,0
530043,2,1,0,0,0,0,0,0,0,0,0,0
530043,3,1,0,0,0,0,0,0,0,0,0,0
530043,4,1,0,0,0,0,0,0,0,0,0,0
530044,1,1,0,0,0,0,0,0,0,0,0,0
530044,2,1,0,0,0,0,0,0,0,0,0,0
530045,1,1,9,9,9,9,9,9,9,9,9,9
530046,1,1,10,4,3,0,11,14,7,6,18,26
530046,2,1,0,0,0,0,0,0,0,0,0,0
530047,1,1,12,5,0,8,6,21,24,6,14,12
530047,2,1,0,0,0,0,0,0,0,0,0,0
530048,1,1,0,0,0,0,0,0,0,0,0,0
530049,1,1,0,0,0,0,0,0,0,0,0,0
530050,1,1,0,0,0,0,0,0,0,0,0,0
530050,2,1,0,0,0,0,0,0,0,0,0,0
530050,3,1,0,0,0,0,0,0,0,0,0,0
530051,1,1,0,0,0,0,0,0,0,0,0,0
530051,2,1,0,0,0,0,0,0,0,0,0,0
530052,1,1,0,0,0,0,0,0,0,0,0,0
530053,0,1,3,3,3,3,3,3,3,3,3,3
530053,1,1,7,14,5,0,39,0,0,25,8,0
530054,0,1,0,0,0,0,0,0,0,0,0,0
530054,1,1,0,0,0,0,0,24,0,0,3,0
530055,0,1,0,0,0,0,0,0,0,0,0,0
530055,1,1,0,24,26,14,0,15,0,22,19,0
530056,1,1,0,0,0,0,0,0,0,0,0,0
530056,2,1,0,0,0,0,0,0,0,0,0,0
530056,3,1,0,0,0,0,0,0,0,0,0,0
530057,1,1,0,0,0,0,0,0,0,0,0,0
530058,1,1,20,20,20,20,20,20,20,20,20,20
530058,2,1,0,0,0,0,0,0,0,0,0,0
530060,0,1,0,0,0,0,0,0,0,0,0,0
530060,1,1,0,0,0,0,0,0,0,0,0,0
530061,1,1,0,0,0,0,0,0,0,0,0,0
530061,2,1,0,34,0,0,2,0,0,0,0,0
530061,3,1,11,0,0,0,0,0,0,0,0,0
530062,1,1,0,0,0,0,0,0,0,0,0,0
530062,2,1,0,0,0,0,0,18,0,0,0,0
530063,1,1,0,0,0,0,30,0,0,4,0,0
530064,1,1,0,0,0,0,0,0,0,0,0,0
530064,2,1,0,0,0,0,0,0,0,0,0,0
530065,1,1,0,0,0,0,0,0,0,0,0,0
530065,2,1,0,0,0,0,0,0,0,0,0,0
530066,1,1,0,0,0,0,0,0,0,0,0,0
530067,1,1,16,16,16,16,16,16,16,16,16,16
530067,2,1,0,0,0,0,0,0,0,0,0,0
530068,1,1,0,0,0,0,0,0,0,0,0,0
530068,2,1,0,0,0,0,0,0,0,0,0,0
530069,1,1,0,0,0,0,0,0,0,0,0,0
530070,1,1,0,0,0,0,0,0,0,0,0,0
530070,2,1,0,0,0,0,0,0,0,0,0,0
530071,1,1,0,0,0,0,0,0,0,0,0,0
530071,2,1,0,0,0,0,0,0,0,0,0,0
530072,1,1,19,19,19,19,19,19,19,19,19,19
530073,1,1,0,0,0,0,0,0,0,0,0,0
530074,1,1,7,2,21,45,29,21,19,6,0,25
530075,1,1,0,0,0,0,0,0,0,0,0,0
530076,1,1,0,0,0,0,20,0,0,0,0,16
530076,2,1,0,0,0,0,0,0,0,0,0,0
530077,1,1,0,0,0,0,0,0,0,0,0,0
530078,0,1,0,0,0,0,0,0,0,0,0,0
530078,1,1,0,0,17,16,15,19,0,14,8,9
530079,1,1,0,0,0,0,0,0,0,0,0,0
530080,1,1,0,0,0,4,0,0,0,0,0,0
530081,1,1,0,0,0,0,0,0,0,0,0,0
530081,2,1,0,0,0,0,0,0,0,0,0,0
530082,0,1,0,0,0,0,0,0,0,0,0,0
530082,1,1,0,0,0,0,0,0,0,0,0,0
530083,1,1,19,19,19,19,19,19,19,19,19,19
530084,1,1,0,0,0,0,0,0,0,0,0,0
530084,2,1,0,0,0,0,0,0,0,0,0,0
530085,1,1,0,0,0,0,0,0,0,0,0,0
530085,2,1,0,0,0,0,0,0,0,0,0,0
530085,3,1,0,0,0,0,0,0,0,0,0,0
530086,1,1,24,0,21,0,0,20,22,0,28,0
530087,1,1,18,18,18,18,18,18,18,18,18,18
530088,1,1,0,0,0,0,0,0,0,0,0,0
530089,1,1,0,0,0,0,0,0,0,0,0,0
530090,1,1,0,0,0,0,0,0,0,0,0,0
530090,2,1,0,0,0,0,0,0,0,0,0,0
530091,0,1,0,0,0,0,0,0,51,16,16,0
530091,1,1,0,0,10,0,0,0,0,0,0,0
530092,0,1,0,0,0,0,0,0,0,0,0,0
530092,1,1,0,0,0,0,14,0,0,0,0,0
530093,1,1,0,0,0,0,0,0,0,0,0,0
530093,2,1,0,0,0,0,0,0,0,0,0,0
530094,1,1,0,0,0,0,0,0,0,0,0,0
530095,1,1,0,0,0,0,0,0,0,0,0,0
530095,2,1,0,0,0,0,6,19,0,0,0,0
530096,1,1,0,9,0,0,0,0,0,0,0,0
530096,2,1,7,7,7,7,7,7,7,7,7,7
530097,1,1,0,0,0,0,0,0,0,0,0,0
530097,2,1,16,14,5,13,16,0,4,11,8,13
530097,3,1,0,0,0,0,0,0,0,0,0,0
530098,1,1,0,22,17,0,0,0,0,0,8,0
530098,2,1,0,0,0,0,0,0,0,16,0,32
530099,1,1,0,0,0,0,0,0,0,0,0,0
530100,0,1,0,6,0,0,0,27,0,0,0,0
530100,1,1,32,32,32,32,32,32,32,32,32,32
530101,1,1,0,0,0,0,0,0,0,0,0,0
530101,2,1,0,0,0,0,0,0,0,0,0,0
530101,3,1,0,0,0,0,0,0,0,0,0,0
530102,1,1,0,0,0,0,0,0,0,0,0,0
530102,2,1,0,0,0,0,0,0,0,0,0,0
530102,3,1,0,0,0,0,0,0,0,0,0,0
530103,1,1,0,0,0,0,0,0,0,0,0,0
530103,2,1,0,0,0,0,0,0,0,0,0,0
530104,1,1,0,0,0,0,0,0,0,0,0,0
530105,0,1,0,0,0,0,0,0,0,0,0,0
530105,1,1,0,0,0,0,0,0,0,0,0,0
530106,1,1,0,0,0,7,0,0,0,0,0,0
530106,2,1,0,0,0,0,0,0,0,0,0,0
530106,3,1,0,0,0,0,0,0,0,0,0,0
530107,1,1,0,0,0,0,0,0,0,0,0,0
530108,1,1,0,0,0,0,0,0,0,0,0,16
530108,2,1,0,0,0,0,0,0,0,0,0,0
530109,1,1,19,0,0,0,0,0,0,0,0,0
530109,2,1,0,0,0,0,0,0,0,0,0,0
530110,1,1,0,0,0,0,0,0,0,0,0,0
530111,1,1,0,0,0,0,0,0,0,0,0,0
530111,2,1,0,0,0,0,0,0,0,0,0,0
530113,0,1,0,0,4,0,0,0,0,0,0,8
530113,1,1,0,0,0,0,0,0,0,0,0,0
530114,1,1,29,29,29,29,29,29,29,29,29,29
530115,1,1,15,15,15,15,15,15,15,15,15,15
530116,1,1,20,20,20,20,20,20,20,20,20,20
530117,1,1,0,0,0,0,0,0,0,0,0,0
530118,1,1,0,0,0,0,0,0,0,0,0,0
530118,2,1,0,0,0,0,8,0,7,0,0,0
530119,1,1,0,0,0,20,0,0,0,0,0,0
530119,2,1,0,0,0,0,0,0,0,0,0,0
530120,0,1,0,0,0,0,0,0,0,0,0,0
530120,1,1,0,0,0,0,0,0,0,0,0,0
530121,1,1,0,0,0,0,0,0,0,0,0,0
530121,2,1,0,0,0,0,0,0,0,0,0,0
530122,1,1,23,23,23,23,23,23,23,23,23,23
530123,1,1,9,9,9,9,9,9,9,9,9,9
530124,1,1,0,0,0,0,0,0,0,0,0,0
530124,2,1,0,0,0,0,17,0,0,0,0,0
530125,1,1,0,0,0,0,0,0,0,0,0,0
530125,2,1,0,0,0,0,0,0,0,0,0,0
530126,1,1,11,11,11,11,11,11,11,11,11,11
530127,1,1,0,0,0,17,0,0,0,0,0,0
530127,2,1,0,0,0,0,0,0,0,0,0,0
530128,1,1,3,3,3,3,3,3,3,3,3,3
530129,0,1,0,0,0,0,0,0,0,0,0,0
530129,1,1,0,0,0,0,0,0,0,0,0,0
530130,1,1,0,0,0,0,0,0,0,0,0,0
530131,0,1,0,0,0,0,0,0,0,0,0,0
530131,1,1,4,20,8,20,20,16,6,0,21,0
530132,1,1,0,0,0,0,0,0,0,0,0,0
530133,1,1,0,0,0,0,0,0,0,0,0,0
530133,2,1,0,0,0,0,0,0,0,0,0,0
530134,0,1,0,0,0,0,0,0,0,0,0,0
530134,1,1,0,0,0,0,0,0,0,0,0,0
530135,0,1,2,2,2,2,2,2,2,2,2,2
530135,1,1,0,0,0,0,0,0,0,0,0,0
530135,2,1,0,0,17,0,12,0,0,0,0,0
530135,3,1,0,0,0,8,0,0,0,0,0,0
530136,1,1,0,0,0,0,0,0,0,0,0,0
530137,1,1,26,26,26,26,26,26,26,26,26,26
530138,1,1,7,7,7,7,7,7,7,7,7,7
530139,1,1,0,0,0,0,0,0,0,0,0,0
530140,1,1,16,16,16,16,16,16,16,16,16,16
530140,2,1,28,0,0,14,0,0,0,0,0,0
530141,1,1,0,0,0,0,0,0,0,0,0,0
530142,1,1,17,17,17,17,17,17,17,17,17,17
530143,1,1,0,0,0,0,0,0,0,0,0,0
530143,2,1,0,0,0,0,0,0,0,0,0,0
530144,1,1,0,0,0,0,0,0,0,0,0,0
530146,1,1,0,0,0,34,0,0,0,0,0,0
530146,2,1,0,0,0,0,0,0,0,0,0,0
530147,1,1,22,22,22,22,22,22,22,22,22,22
530148,1,1,0,0,0,0,0,0,0,0,0,0
530149,0,1,0,18,14,0,0,0,8,0,0,0
530149,1,1,0,0,0,0,0,0,0,0,0,0
530150,0,1,9,9,9,9,9,9,9,9,9,9
530150,1,1,0,0,0,0,0,0,0,0,0,0
530151,1,1,0,0,0,0,0,0,0,0,0,0
530152,1,1,18,18,18,18,18,18,18,18,18,18
530152,2,1,0,0,0,0,0,0,0,0,4,0
530152,3,1,24,0,0,0,0,0,0,0,0,0
530153,1,1,23,23,23,23,23,23,23,23,23,23
530154,1,1,0,0,0,0,0,0,0,0,0,0
530154,2,1,0,0,0,0,0,0,0,0,0,0
530155,1,1,22,22,22,22,22,22,22,22,22,22
530156,0,1,0,0,0,0,0,0,0,0,0,0
530156,1,1,0,0,15,12,0,18,0,0,0,0
530158,1,1,0,0,0,0,0,0,0,0,0,0
530158,2,1,0,0,0,0,0,0,0,0,0,0
530159,0,1,0,0,0,0,0,0,0,0,0,0
530159,0,2,0,0,0,0,0,0,0,0,0,0
530159,0,3,0,0,0,0,0,0,0,0,0,0
530159,0,4,0,0,0,0,0,0,0,0,0,0
530159,1,1,0,0,0,0,0,0,0,0,0,0
530160,1,1,16,16,16,16,16,16,16,16,16,16
530160,2,1,20,0,0,31,0,0,18,0,0,5
530161,1,1,17,17,17,17,17,17,17,17,17,17
530162,1,1,0,0,0,0,0,0,0,0,0,0
530162,2,1,0,0,0,0,0,0,0,0,0,0
530163,1,1,15,37,16,21,9,21,9,12,20,0
530164,1,1,0,0,0,0,0,0,0,0,0,0
530164,2,1,0,0,0,0,0,0,0,0,0,0
530165,1,1,19,19,19,19,19,19,19,19,19,19
530166,1,1,0,0,0,0,0,0,0,0,0,0
530166,2,1,0,0,0,0,0,0,0,0,0,0
530167,1,1,0,0,0,0,0,0,0,0,0,0
530167,2,1,0,0,0,0,0,0,0,0,0,0
530168,1,1,0,0,0,0,0,0,0,0,0,0
530168,2,1,0,0,0,0,0,0,0,0,0,8
530169,1,1,0,0,0,0,0,0,0,0,0,0
530169,2,1,0,0,0,0,0,0,0,0,0,0
530170,0,1,22,22,22,22,22,22,22,22,22,22
530170,1,1,0,8,0,0,0,0,0,0,0,0
530171,1,1,7,7,7,7,7,7,7,7,7,7
530172,0,1,5,5,5,5,5,5,5,5,5,5
530172,1,1,0,7,0,0,0,0,0,0,0,0
530173,1,1,24,24,24,24,24,24,24,24,24,24
530174,1,1,0,0,0,0,0,0,0,0,0,0
530174,2,1,0,0,0,0,0,0,0,0,0,0
530174,3,1,0,0,0,0,0,0,0,0,0,0
530175,0,1,10,10,10,10,10,10,10,10,10,10
530175,1,1,0,0,0,0,0,0,0,0,0,0
530176,1,1,0,0,0,0,0,0,0,0,0,0
530176,2,1,0,0,0,0,0,0,0,0,0,0
530177,1,1,0,0,0,0,0,38,0,0,0,0
530178,0,1,33,33,33,33,33,33,33,33,33,33
530178,1,1,7,8,11,9,2,18,14,3,17,6
530179,0,1,0,0,0,0,0,0,0,0,0,0
530179,1,1,0,0,0,0,0,0,0,0,0,0
530180,1,1,0,0,0,0,0,0,0,0,0,0
530181,1,1,0,0,0,0,0,0,0,0,0,0
530181,2,1,0,0,14,0,0,0,0,0,0,0
530182,1,1,0,0,0,0,0,0,0,0,0,0