ST_CASE,VEH_NO,PER_NO,P1,P2,P3,P4,P5,P6,P7,P8,P9,P10
530182,2,1,0,0,0,0,0,0,0,0,0,0
530183,1,1,14,14,14,14,14,14,14,14,14,14
530184,0,1,0,0,0,0,0,0,0,0,0,0
530184,1,1,0,0,0,0,0,0,0,0,0,0
530185,1,1,20,20,20,20,20,20,20,20,20,20
530185,2,1,0,0,0,0,0,0,0,0,0,0
530186,1,1,17,17,17,17,17,17,17,17,17,17
530186,2,1,0,0,0,0,0,3,0,0,0,0
530187,1,1,0,0,0,0,0,0,0,0,0,0
530188,1,1,0,0,0,0,0,0,0,0,0,0
530188,2,1,0,0,0,0,0,0,0,0,0,0
530189,1,1,0,22,0,0,0,10,0,0,0,13
530190,1,1,0,0,0,0,0,0,0,0,0,0
530190,2,1,0,0,0,0,0,0,0,0,0,0
530191,1,1,0,0,0,0,0,0,0,0,0,0
530191,2,1,0,0,0,0,0,0,0,0,0,0
530192,0,1,0,0,0,0,0,0,0,0,0,0
530192,1,1,0,0,0,0,0,0,0,0,0,0
530193,1,1,8,1,12,8,0,22,0,22,8,4
530194,1,1,0,0,0,0,0,0,0,0,0,0
530194,2,1,0,0,0,0,0,0,0,0,0,0
530195,1,1,0,0,0,0,0,0,0,0,0,0
530196,1,1,18,18,18,18,18,18,18,18,18,18
530197,1,1,0,0,0,0,0,0,0,0,0,0
530197,2,1,0,0,0,0,0,0,0,0,0,0
530198,0,1,0,0,0,0,0,0,0,0,0,0
530198,1,1,14,14,14,14,14,14,14,14,14,14
530199,1,1,0,0,0,0,0,7,0,0,29,9
530199,2,1,0,0,0,0,0,0,0,0,0,0
530200,1,1,2,2,2,2,2,2,2,2,2,2
530201,1,1,0,0,0,0,0,0,0,0,0,0
530202,1,1,13,13,13,13,13,13,13,13,13,13
530202,2,1,0,0,0,0,0,17,0,0,0,0
530203,1,1,0,0,0,0,0,0,0,0,0,0
530205,1,1,19,0,0,11,0,0,7,23,0,0
530206,1,1,0,0,0,0,0,0,0,0,0,0
530206,2,1,0,0,0,0,0,0,0,0,0,0
530207,1,1,16,16,16,16,16,16,16,16,16,16
530209,1,1,0,0,0,0,0,0,0,0,0,0
530210,0,1,0,0,0,0,0,0,0,0,0,0
530210,1,1,0,0,0,0,0,0,0,0,0,0
530211,1,1,0,0,0,0,0,0,0,0,0,0
530212,1,1,0,0,0,0,5,0,11,0,0,0
530212,2,1,0,0,0,0,0,0,0,0,11,0
530212,3,1,3,3,3,3,3,3,3,3,3,3
530213,1,1,0,0,0,0,0,0,0,0,0,0
530213,2,1,0,0,0,16,23,15,0,0,0,14
530214,1,1,0,0,0,0,0,0,0,0,0,0
530214,2,1,0,0,25,20,0,0,0,0,0,0
530215,1,1,0,0,0,0,0,0,0,0,0,0
530215,2,1,0,0,0,0,0,0,0,0,0,0
530215,3,1,0,0,0,0,0,0,0,0,0,0
530215,4,1,0,0,0,0,0,0,0,0,0,0
530216,0,1,26,26,26,26,26,26,26,26,26,26
530216,1,1,0,0,7,22,0,0,0,0,14,0
530217,1,1,0,0,0,0,0,0,0,0,0,0
530217,2,1,0,24,0,0,0,0,0,0,0,18
530218,1,1,15,15,15,15,15,15,15,15,15,15
530219,1,1,16,16,16,16,16,16,16,16,16,16
530220,1,1,0,0,0,0,0,0,0,0,0,0
530221,1,1,0,11,0,14,0,0,23,0,20,30
530222,1,1,0,0,0,0,0,0,0,0,0,0
530223,1,1,0,0,0,0,0,0,0,0,0,0
530224,1,1,0,0,0,0,0,0,0,0,0,0
530225,1,1,0,0,0,0,0,0,0,0,0,0
530226,1,1,10,10,10,10,10,10,10,10,10,10
530226,2,1,10,20,7,9,15,0,0,10,10,22
530227,0,1,0,0,0,0,0,0,0,0,0,0
530227,1,1,0,0,0,0,0,0,0,0,0,0
530228,0,1,0,0,0,0,0,0,0,0,0,0
530228,1,1,0,0,0,0,0,0,0,0,0,0
530229,1,1,0,0,0,0,0,0,0,0,0,0
530230,1,1,19,19,19,19,19,19,19,19,19,19
530231,1,1,0,0,0,0,0,0,0,0,0,0
530232,1,1,15,15,15,15,15,15,15,15,15,15
530232,2,1,0,0,0,0,0,0,0,0,0,0
530233,1,1,4,4,4,4,4,4,4,4,4,4
530234,1,1,0,0,0,0,0,0,0,0,0,0
530235,0,1,10,42,36,16,30,19,24,12,23,19
530235,1,1,0,24,0,0,0,0,0,0,0,0
530236,1,1,15,15,15,15,15,15,15,15,15,15
530237,1,1,25,25,25,25,25,25,25,25,25,25
530238,1,1,22,0,0,0,0,0,0,0,0,0
530239,1,1,0,0,0,0,0,0,0,0,0,0
530239,2,1,0,0,0,0,0,0,0,0,0,0
530239,3,1,0,9,35,0,0,0,4,0,0,0
530240,1,1,29,29,29,29,29,29,29,29,29,29
530241,1,1,0,0,0,0,0,0,0,0,0,0
530241,2,1,0,0,0,7,0,0,0,0,0,0
530242,1,1,0,0,0,0,0,23,0,0,0,0
530243,0,1,6,6,6,6,6,6,6,6,6,6
530243,1,1,8,0,27,0,0,0,0,14,0,0
530244,0,1,0,0,0,0,0,0,0,0,0,0
530244,1,1,0,0,0,0,0,0,0,0,0,17
530245,0,1,0,0,0,0,0,0,0,0,0,0
530245,1,1,0,0,0,0,0,0,0,0,0,0
530246,1,1,0,0,0,0,0,0,0,0,0,0
530246,2,1,0,0,0,0,0,0,0,0,0,0
530247,1,1,0,0,0,0,0,0,0,0,0,0
530247,2,1,0,0,0,0,0,0,0,0,0,0
530248,1,1,0,0,0,0,0,0,0,0,0,0
530248,2,1,0,0,0,0,0,0,0,0,0,0
530249,1,1,0,0,0,0,0,0,0,0,0,0
530249,2,1,0,0,0,0,0,0,0,0,0,0
530250,1,1,11,11,11,11,11,11,11,11,11,11
530250,2,1,0,0,0,0,7,0,2,0,0,0
530251,1,1,0,0,0,0,0,0,0,0,0,0
530251,2,1,0,0,0,0,0,0,0,0,0,0
530252,1,1,18,12,2,22,0,26,19,14,46,20
530253,0,1,0,0,0,0,0,0,0,0,0,0
530253,1,1,0,0,0,0,0,0,0,0,0,0
530254,1,1,0,0,0,0,0,0,0,0,0,0
530254,2,1,0,0,0,0,0,0,0,0,0,0
530255,0,1,0,0,0,0,0,0,0,0,0,0
530255,0,2,0,0,0,0,0,0,0,0,0,0
530255,1,1,0,0,0,0,0,0,0,0,0,0
530256,1,1,0,0,0,0,0,0,0,0,0,0
530257,1,1,0,0,0,0,0,0,0,0,0,0
530258,1,1,0,0,0,0,0,0,0,0,0,0
530258,2,1,0,0,0,0,0,0,0,0,0,0
530259,1,1,4,4,4,4,4,4,4,4,4,4
530260,1,1,20,28,33,32,0,7,11,0,20,22
530261,1,1,0,0,0,0,0,0,0,0,0,0
530261,2,1,0,0,0,0,0,0,0,0,0,0
530261,3,1,0,0,0,0,0,0,0,0,0,0
530261,4,1,0,0,0,0,0,0,0,0,0,0
530262,0,1,30,30,30,30,30,30,30,30,30,30
530262,1,1,0,0,0,0,0,17,15,0,0,0
530263,1,1,0,0,0,0,0,0,0,0,0,0
530264,1,1,0,0,0,0,0,0,0,0,0,0
530264,2,1,0,0,0,0,0,0,0,0,0,0
530265,1,1,0,0,0,0,0,0,0,0,0,0
530266,1,1,7,7,7,7,7,7,7,7,7,7
530266,2,1,16,16,16,16,16,16,16,16,16,16
530267,1,1,0,0,0,0,0,0,0,0,0,0
530267,2,1,0,0,0,0,0,0,0,0,0,0
530268,1,1,0,0,0,0,0,0,0,0,0,0
530269,1,1,26,26,26,26,26,26,26,26,26,26
530269,2,1,10,11,23,11,7,6,27,20,0,5
530270,1,1,22,22,22,22,22,22,22,22,22,22
530271,1,1,15,15,15,15,15,15,15,15,15,15
530272,0,1,0,0,0,0,0,0,0,0,0,0
530272,1,1,14,8,13,0,0,0,0,0,0,0
530273,0,1,5,5,5,5,5,5,5,5,5,5
530273,1,1,0,0,0,0,0,0,0,0,0,0
530273,2,1,0,0,0,0,0,0,4,0,0,0
530274,1,1,0,0,0,0,0,0,0,0,0,0
530274,2,1,0,0,0,0,0,0,0,0,0,0
530275,1,1,3,3,3,3,3,3,3,3,3,3
530276,1,1,0,0,0,0,0,0,0,0,0,0
530276,2,1,0,0,0,0,0,0,0,0,0,0
530276,3,1,0,0,0,0,0,0,0,0,0,0
530276,4,1,10,0,0,0,0,0,0,0,0,0
530277,1,1,0,0,0,0,0,0,0,0,0,0
530277,2,1,0,0,0,0,0,0,0,0,0,0
530278,1,1,0,0,0,0,0,0,0,0,0,0
530279,1,1,8,8,8,8,8,8,8,8,8,8
530280,1,1,19,19,19,19,19,19,19,19,19,19
530281,0,1,0,0,0,0,0,0,0,0,0,0
530281,1,1,0,0,0,0,0,0,0,0,0,10
530282,1,1,16,16,16,16,16,16,16,16,16,16
530283,0,1,0,0,0,0,0,0,0,0,0,0
530283,1,1,0,0,0,0,0,0,0,0,0,0
530284,0,1,0,0,0,0,0,0,0,0,0,0
530284,1,1,0,0,0,0,0,0,0,0,0,0
530285,1,1,0,0,0,0,0,0,0,0,0,0
530286,1,1,0,0,0,0,0,0,0,0,0,0
530286,2,1,5,0,0,0,0,0,0,0,0,0
530287,1,1,0,0,0,0,0,0,0,0,0,0
530287,2,1,0,0,0,0,0,0,0,0,0,0
530288,1,1,0,0,0,0,0,0,0,0,0,0
530288,2,1,0,0,0,0,0,0,0,0,0,0
530289,1,1,16,16,16,16,16,16,16,16,16,16
530289,2,1,0,0,0,0,0,0,0,0,0,0
530290,1,1,12,12,12,12,12,12,12,12,12,12
530291,1,1,0,0,0,0,0,0,0,0,0,0
530292,1,1,0,0,0,0,0,0,0,0,0,0
530292,2,1,26,26,26,26,26,26,26,26,26,26
530293,1,1,0,0,0,0,0,0,0,0,0,0
530294,1,1,0,0,0,0,0,0,0,13,0,0
530296,1,1,17,17,17,17,17,17,17,17,17,17
530297,1,1,10,10,10,10,10,10,10,10,10,10
530298,1,1,0,0,0,0,0,0,0,0,0,0
530300,1,1,0,5,0,0,0,0,0,0,0,0
530300,2,1,0,0,0,0,0,0,0,0,0,0
530301,1,1,18,18,18,18,18,18,18,18,18,18
530301,2,1,0,0,0,0,0,0,11,0,0,0
530302,0,1,0,0,0,0,0,0,0,0,0,0
530302,1,1,0,0,0,0,0,0,0,0,0,0
530303,0,1,18,41,11,0,0,17,0,42,0,0
530303,1,1,22,0,0,25,0,0,0,0,0,0
530304,0,1,0,0,0,0,0,0,0,0,0,0
530304,1,1,0,0,0,0,0,0,0,0,0,0
530305,1,1,0,0,0,0,0,0,0,0,0,0
530306,1,1,0,0,0,0,0,0,0,0,0,0
530307,1,1,0,0,0,0,0,0,0,0,0,0
530307,2,1,0,0,0,0,0,0,0,0,0,0
530308,1,1,0,0,0,0,0,0,0,0,0,0
530309,1,1,0,0,10,0,0,0,0,0,0,0
530309,2,1,0,0,0,0,0,0,0,0,0,0
530310,1,1,0,0,0,0,0,0,0,0,0,0
530310,2,1,0,0,0,0,0,0,0,0,0,0
530310,3,1,0,0,0,0,0,0,0,0,0,0
530311,1,1,0,0,0,0,0,0,0,0,0,0
530311,2,1,0,0,0,0,0,0,0,0,0,0
530312,1,1,18,18,18,18,18,18,18,18,18,18
530314,1,1,0,0,0,0,0,0,0,0,0,0
530314,2,1,0,0,0,0,0,0,0,0,0,0
530315,1,1,0,0,0,0,0,0,0,0,0,0
530315,2,1,0,0,0,0,0,0,0,0,10,0
530316,1,1,0,0,0,0,0,0,0,0,0,0
530316,2,1,0,0,0,0,0,0,0,0,0,0
530318,0,1,0,0,0,0,0,0,0,0,0,0
530318,1,1,0,0,0,0,0,0,0,0,0,0
530319,1,1,0,0,0,0,0,0,0,0,0,0
530319,2,1,0,0,0,0,0,0,0,0,0,0
530320,0,1,0,0,0,0,0,0,0,0,0,0
530320,1,1,0,10,29,7,10,0,16,7,0,0
530321,1,1,0,0,0,0,0,0,0,0,0,0
530321,2,1,0,0,0,0,0,0,0,0,0,0
530322,1,1,16,16,16,16,16,16,16,16,16,16
530323,1,1,0,0,14,25,0,3,0,0,0,0
530324,1,1,0,0,0,0,0,0,0,0,0,0
530324,2,1,0,0,0,0,0,0,0,0,0,0
530325,1,1,0,0,0,0,0,0,0,0,0,0
530326,1,1,0,0,0,0,0,0,0,0,0,0
530326,2,1,0,0,0,0,0,0,0,0,0,0
530327,1,1,0,0,0,0,0,0,0,0,0,0
530327,2,1,0,0,6,0,0,0,0,0,0,0
530328,1,1,0,0,0,0,0,0,0,0,0,0
530328,2,1,0,0,0,0,0,0,0,0,0,0
530329,1,1,20,20,20,20,20,20,20,20,20,20
530330,1,1,0,0,0,0,0,0,0,0,0,0
530330,2,1,0,0,0,0,0,0,0,0,0,0
530331,0,1,0,0,0,0,0,0,0,0,0,0
530331,1,1,0,16,11,0,0,18,6,0,0,0
530332,1,1,20,20,20,20,20,20,20,20,20,20
530333,1,1,0,0,0,0,0,0,0,0,0,0
530334,1,1,0,0,0,0,0,0,0,0,0,0
530335,0,1,0,0,0,0,0,0,0,0,0,0
530335,1,1,0,0,0,0,0,0,0,0,0,0
530336,1,1,0,0,0,0,0,0,0,0,0,0
530337,1,1,4,4,4,4,4,4,4,4,4,4
530338,1,1,0,0,27,0,0,0,0,0,0,0
530339,1,1,0,0,0,0,0,0,0,0,0,0
530339,2,1,0,0,0,0,0,0,0,0,0,0
530340,1,1,30,30,30,30,30,30,30,30,30,30
530341,0,1,0,0,0,0,0,0,0,0,0,0
530341,1,1,0,0,0,0,0,0,0,0,0,0
530342,0,1,0,0,0,0,0,0,0,0,0,0
530342,1,1,0,0,0,0,0,0,10,0,0,0
530343,1,1,0,0,0,0,0,0,0,0,0,0
530343,2,1,0,0,0,0,0,0,0,0,0,0
530343,3,1,0,0,0,0,0,0,0,0,0,0
530343,4,1,0,0,0,0,0,0,0,0,0,0
530344,1,1,0,0,0,0,0,0,0,0,0,0
530344,2,1,0,0,0,0,0,0,0,0,0,0
530345,1,1,0,0,0,0,0,0,0,0,0,0
530345,2,1,0,0,0,0,0,0,0,0,0,0
530346,1,1,14,14,14,14,14,14,14,14,14,14
530346,2,1,0,0,0,0,0,0,0,0,0,0
530347,1,1,0,0,0,0,0,0,0,0,21,0
530347,2,1,0,0,0,0,0,0,0,0,0,0
530348,1,1,0,0,0,0,0,0,0,0,0,0
530348,2,1,0,0,0,0,0,0,0,0,0,0
530349,0,1,0,0,0,0,0,0,0,0,0,0
530350,1,1,3,3,3,3,3,3,3,3,3,3
530350,2,1,0,0,0,0,0,0,0,0,0,0
530351,1,1,11,11,11,11,11,11,11,11,11,11
530351,2,1,0,0,13,0,0,0,0,0,0,0
530352,1,1,0,0,0,0,0,0,0,0,0,0
530353,1,1,5,5,5,5,5,5,5,5,5,5
530354,1,1,0,0,0,0,0,0,0,0,0,0
530354,2,1,0,0,0,0,0,0,0,0,0,0
530355,1,1,0,0,0,0,0,0,0,0,0,0
530356,0,1,33,33,33,33,33,33,33,33,33,33
530356,1,1,0,0,0,0,0,0,0,0,0,0
530357,1,1,13,13,13,13,13,13,13,13,13,13
530358,1,1,0,0,0,0,0,0,0,0,0,0
530359,1,1,0,0,0,0,0,0,0,0,0,0
530360,1,1,13,13,13,13,13,13,13,13,13,13
530360,2,1,3,7,18,0,6,0,0,20,0,17
530361,1,1,19,19,19,19,19,19,19,19,19,19
530361,2,1,0,0,0,0,0,0,0,0,0,0
530362,1,1,0,0,0,0,0,0,0,0,0,0
530362,2,1,0,0,0,0,0,0,0,0,0,0
530363,1,1,3,3,3,3,3,3,3,3,3,3
530364,0,1,0,0,0,0,0,0,0,0,0,0
530364,1,1,0,0,0,0,0,0,0,0,0,0
530365,0,1,21,21,21,21,21,21,21,21,21,21
530365,1,1,0,0,0,0,13,0,0,0,0,0
530366,1,1,0,0,0,0,0,0,0,0,0,0
530367,1,1,19,19,19,19,19,19,19,19,19,19
530368,0,1,0,0,0,0,0,0,0,0,0,0
530368,1,1,0,0,0,0,0,0,0,0,0,0
530369,1,1,30,30,30,30,30,30,30,30,30,30
530369,2,1,0,0,0,0,0,0,0,0,0,0
530369,3,1,0,16,0,0,0,0,0,0,0,0
530370,1,1,0,0,0,0,0,0,0,0,0,0
530370,2,1,0,0,0,0,0,0,11,0,9,0
530371,1,1,0,0,0,16,0,11,11,11,0,0
530372,1,1,0,0,0,0,0,0,0,0,0,0
530373,1,1,13,0,0,9,0,0,21,0,0,0
530374,1,1,0,0,0,0,0,0,0,0,0,0
530374,2,1,0,0,0,0,0,0,0,0,0,0
530374,3,1,0,0,0,0,0,0,0,0,0,0
530375,1,1,0,0,0,0,0,0,0,0,0,0
530375,2,1,0,0,0,0,0,0,0,0,0,15
530376,1,1,0,0,0,0,0,0,0,0,0,0
530376,2,1,0,0,0,0,0,0,0,0,0,0
530377,1,1,0,0,0,0,0,0,0,0,3,0
530377,2,1,0,0,0,0,0,17,0,0,0,0
530378,1,1,6,22,13,43,23,19,13,5,10,27
530379,1,1,5,21,30,6,33,17,0,17,15,14
530380,1,1,8,0,0,0,0,0,0,0,0,0
530380,2,1,0,0,0,0,0,0,0,0,0,0
530380,3,1,0,0,0,0,0,0,0,0,0,0
530380,4,1,0,0,0,0,0,0,0,0,0,0
530380,5,1,0,0,0,0,0,0,0,0,0,0
530381,1,1,0,0,15,28,0,24,0,0,0,0
530381,2,1,0,0,0,0,0,0,0,0,0,0
530382,1,1,0,7,0,0,0,0,0,0,0,0
530382,2,1,0,0,0,0,0,0,0,0,0,0
530383,0,1,0,0,0,0,0,0,0,0,0,0
530383,1,1,0,0,0,0,0,0,0,0,0,0
530384,1,1,0,0,0,0,0,0,0,0,0,0
530385,1,1,24,24,24,24,24,24,24,24,24,24
530386,1,1,0,0,0,0,0,0,0,0,0,0
530387,1,1,0,0,0,0,0,0,0,0,0,0
530387,2,1,0,0,0,0,0,0,0,0,0,0
530388,1,1,0,0,0,0,0,0,0,0,0,0
530388,2,1,0,6,0,0,0,0,0,0,0,0
530389,1,1,0,0,0,0,0,0,0,0,0,0
530389,2,1,0,0,0,0,0,12,0,0,0,0
530390,0,1,0,0,0,0,0,0,0,0,0,0
530390,0,2,0,0,0,0,0,0,0,6,0,0
530390,1,1,0,0,0,0,0,0,0,0,0,0
530390,2,1,0,0,0,0,0,0,0,0,0,0
530391,1,1,0,0,0,0,0,0,0,0,0,0
530392,1,1,8,8,8,8,8,8,8,8,8,8
530393,1,1,19,19,19,19,19,19,19,19,19,19
530394,1,1,19,19,19,19,19,19,19,19,19,19
530394,2,1,0,0,0,0,0,0,0,0,0,0
530395,1,1,20,20,20,20,20,20,20,20,20,20
530396,1,1,0,0,0,0,0,0,0,0,0,0
530396,2,1,0,0,0,0,0,0,0,0,0,0
530396,3,1,0,0,0,0,0,0,0,0,0,0
530396,4,1,0,0,0,0,0,0,0,14,0,0
530396,5,1,0,0,0,0,0,0,0,0,0,0
530397,1,1,18,18,18,18,18,18,18,18,18,18
530397,2,1,13,0,0,0,0,0,0,0,0,0
530397,3,1,0,0,7,0,0,0,23,0,0,0
530397,4,1,0,0,0,18,0,15,0,0,0,0
530397,5,1,0,0,0,0,0,0,0,0,0,0
530398,0,1,0,18,0,0,0,0,0,12,0,0
530398,1,1,0,0,0,0,0,0,0,0,0,0
530399,1,1,0,0,0,0,0,0,0,0,0,0
530399,2,1,34,0,0,0,0,0,0,0,0,0
530399,3,1,0,0,0,0,0,0,0,0,0,0
530400,1,1,0,0,20,29,20,11,0,0,0,0
530401,0,1,0,0,0,0,0,0,0,0,0,0
530401,1,1,0,0,0,0,0,0,0,0,0,0
530402,1,1,0,0,0,0,0,0,0,0,0,0
530403,1,1,0,10,0,0,0,0,13,0,0,0
530403,2,1,0,0,0,0,0,0,0,0,0,0
530404,1,1,0,0,0,0,0,0,0,0,0,0
530404,2,1,0,0,0,0,0,0,0,0,0,0
530404,3,1,18,0,0,9,0,0,0,0,0,0
530404,4,1,0,0,0,0,0,0,0,0,0,9
530404,5,1,0,0,0,0,0,0,0,0,0,0
530404,6,1,0,0,0,0,0,0,0,0,0,0
530404,7,1,0,0,0,0,9,0,0,0,0,0
530405,1,1,21,21,21,21,21,21,21,21,21,21
530405,2,1,0,14,21,9,19,10,33,6,17,6
530406,1,1,0,0,0,0,0,0,0,0,0,0
530406,2,1,0,0,0,0,42,0,0,0,14,0
530407,1,1,0,0,0,0,0,0,0,0,0,0
530408,1,1,0,0,13,0,0,0,0,3,0,0
530408,2,1,0,0,0,0,0,0,0,0,0,0
530409,1,1,0,0,0,0,0,0,0,0,0,0
530409,2,1,0,0,0,0,0,0,0,17,7,0
530410,1,1,0,0,0,0,0,0,0,0,0,0
530410,2,1,0,0,0,0,0,0,0,0,0,0
530411,0,1,0,0,0,0,0,0,0,0,0,0
530411,1,1,0,0,19,0,0,0,18,0,6,10
530412,1,1,0,0,0,0,0,0,0,0,0,0
530412,2,1,0,0,0,0,0,0,0,0,0,0
530413,1,1,22,22,22,22,22,22,22,22,22,22
530414,1,1,0,0,0,0,0,0,0,0,0,0
530415,1,1,0,0,0,0,0,0,0,0,0,0
530416,1,1,0,0,0,0,0,0,0,0,0,0
530416,2,1,0,0,0,0,0,0,0,0,0,0
530417,1,1,13,23,0,0,23,19,0,0,0,0
530418,1,1,0,0,0,0,0,0,0,0,0,0
530419,1,1,0,0,0,0,0,0,0,0,0,0
530419,2,1,0,0,0,0,0,0,0,0,0,0
530420,1,1,13,13,13,13,13,13,13,13,13,13
530420,2,1,0,0,0,0,0,0,0,0,0,0
530421,1,1,22,22,22,22,22,22,22,22,22,22
530422,0,1,0,0,0,0,0,0,0,0,0,0
530422,1,1,17,17,17,17,17,17,17,17,17,17
530423,1,1,0,0,0,0,0,0,0,0,0,0
530423,2,1,0,0,0,0,0,0,0,0,0,0
530424,1,1,0,0,0,0,0,0,0,0,0,0
530424,2,1,0,0,0,0,0,0,0,0,0,0
530425,1,1,0,0,0,0,0,0,0,0,0,0
530425,2,1,0,0,0,0,0,0,0,0,0,0
530426,1,1,22,22,22,22,22,22,22,22,22,22
530426,2,1,13,13,13,13,13,13,13,13,13,13
530427,1,1,0,0,0,0,0,0,0,0,0,0
530427,2,1,0,0,0,0,0,0,0,0,0,0
530428,1,1,0,0,0,0,0,0,0,0,0,0
530428,2,1,0,0,0,0,0,0,0,0,0,0
530429,1,1,0,0,0,0,0,0,0,0,0,0
530430,1,1,0,0,0,0,0,0,0,0,0,0
530431,1,1,15,15,15,15,15,15,15,15,15,15
530431,2,1,0,3,0,12,0,0,0,0,0,0
530432,1,1,0,0,0,0,0,0,0,0,0,0
530432,2,1,0,0,0,0,0,0,0,0,0,0
530432,3,1,0,0,14,16,0,0,0,0,0,0
530433,1,1,0,0,0,0,0,0,0,0,0,0
530433,2,1,0,0,0,0,0,0,0,0,0,0
530433,3,1,0,0,0,0,0,0,0,0,0,0
530433,4,1,0,0,0,0,0,0,0,0,0,0
530434,0,1,0,0,0,0,0,0,0,0,0,0
530434,1,1,6,0,15,4,18,15,14,10,3,6
530435,1,1,26,26,26,26,26,26,26,26,26,26
530435,2,1,0,0,0,0,0,0,0,28,0,0
530436,1,1,0,0,0,0,0,0,0,0,0,0
530437,1,1,0,0,0,0,0,0,0,0,0,0
530437,2,1,0,0,0,0,0,0,0,0,0,0
530438,1,1,7,7,7,7,7,7,7,7,7,7
530438,2,1,0,0,0,0,0,0,0,0,0,0
530439,1,1,18,18,18,18,18,18,18,18,18,18
530440,0,1,35,35,35,35,35,35,35,35,35,35
530440,1,1,0,0,0,0,0,0,0,0,0,0
530442,1,1,0,0,0,0,0,0,12,0,0,0
530442,2,1,0,0,0,0,0,0,8,0,7,0
530442,3,1,0,0,0,0,0,0,0,0,0,0
530442,4,1,0,0,0,0,0,0,0,21,0,8
530442,5,1,0,23,0,0,5,0,0,0,0,0
530443,1,1,19,15,16,16,14,23,0,0,0,0
530444,1,1,0,0,0,0,0,0,0,0,0,0
530445,0,1,0,0,0,0,0,0,0,0,0,0
530445,1,1,0,0,0,0,0,6,0,0,0,0
530446,1,1,0,0,0,0,0,0,0,0,0,0
530446,2,1,0,0,0,0,0,0,0,0,0,0
530447,1,1,0,0,0,0,0,0,0,0,0,0
530448,1,1,0,0,0,0,0,0,0,0,0,0
530448,2,1,0,0,0,0,0,0,0,0,0,0
530449,1,1,0,0,0,0,0,0,0,0,0,0
530449,2,1,0,0,0,0,0,0,0,0,0,0
530450,1,1,0,0,0,0,0,0,0,0,0,0
530450,2,1,0,0,0,0,0,0,0,0,0,0
530451,1,1,5,5,5,5,5,5,5,5,5,5
530452,1,1,8,8,8,8,8,8,8,8,8,8
530453,1,1,0,0,0,0,0,0,0,0,0,0
530454,0,1,26,26,26,26,26,26,26,26,26,26
530454,1,1,0,0,0,0,0,0,0,0,0,0
530455,1,1,0,0,0,0,0,0,0,0,0,0
530455,2,1,0,0,0,0,0,0,0,10,0,0
530456,1,1,0,0,0,0,0,0,0,0,0,0
530456,2,1,0,0,0,0,0,0,0,0,0,0
530457,1,1,13,13,13,13,13,13,13,13,13,13
530458,0,1,0,0,0,0,0,0,0,0,0,0
530458,1,1,0,0,0,0,0,12,0,0,0,0
530459,1,1,0,0,0,23,0,0,0,0,0,0
530460,1,1,0,0,0,0,0,0,0,0,0,0
530461,1,1,0,13,18,22,7,15,0,9,0,20
530462,1,1,9,24,17,23,17,12,16,7,11,19
530462,2,1,0,0,0,0,0,0,0,0,0,0
530462,3,1,0,0,0,0,13,0,0,0,0,0
530462,4,1,0,0,0,0,0,0,0,0,0,0
530463,1,1,17,17,17,17,17,17,17,17,17,17
530464,0,1,0,0,0,0,0,0,0,0,0,0
530464,1,1,0,0,0,0,0,0,0,0,0,0
530465,0,1,18,18,18,18,18,18,18,18,18,18
530465,1,1,0,0,0,0,0,0,0,0,0,0
530466,1,1,4,4,4,4,4,4,4,4,4,4
530467,0,1,0,0,0,0,0,0,0,0,0,0
530467,1,1,5,5,5,5,5,5,5,5,5,5
530468,0,1,0,31,0,0,0,27,0,0,30,0
530468,1,1,8,8,8,8,8,8,8,8,8,8
530469,1,1,0,0,0,0,0,0,0,0,0,0
530469,2,1,0,0,0,0,0,0,0,0,0,0
530470,1,1,0,0,0,0,0,0,0,0,0,0
530470,2,1,0,0,0,0,0,0,0,0,0,0
530471,1,1,0,0,0,0,0,0,0,0,0,0
530472,1,1,0,0,0,0,0,0,0,0,0,0
530472,2,1,0,0,0,0,0,0,0,0,0,0
530472,3,1,0,0,0,0,0,0,0,0,0,0
530473,1,1,12,0,12,13,0,10,5,13,17,16
530474,0,1,24,0,0,0,0,0,32,0,0,0
530474,1,1,0,0,0,0,21,0,19,3,0,0
530475,1,1,0,0,0,0,0,0,0,0,0,0
530475,2,1,0,0,0,0,0,0,0,0,0,0
530475,3,1,0,0,0,0,0,0,0,0,0,0
530476,1,1,0,29,18,0,24,0,0,0,0,0
530477,0,1,0,0,0,0,0,0,0,0,0,0
530477,1,1,0,0,0,0,0,0,0,0,0,0
530478,0,1,0,0,0,0,0,0,0,0,0,0
530478,1,1,0,0,0,0,0,0,0,0,0,0
530479,0,1,0,0,0,0,0,0,0,0,0,0
530479,1,1,0,0,0,0,0,0,0,0,0,0
530480,0,1,0,0,0,0,0,0,0,0,0,0
530480,1,1,0,0,0,0,0,0,0,0,0,0
530481,1,1,14,14,14,14,14,14,14,14,14,14
530482,1,1,0,0,0,0,0,0,0,0,0,0
530482,2,1,0,0,0,0,0,0,22,0,0,0
530483,0,1,0,0,0,0,0,0,0,0,0,0
530483,1,1,0,0,0,0,0,0,0,0,0,0
530484,1,1,0,0,0,0,0,0,0,0,0,0
530485,1,1,0,0,0,0,0,18,0,0,0,0
530485,2,1,0,0,0,0,0,0,0,0,0,0