ST_CASE,VEH_NO,PER_NO,P1,P2,P3,P4,P5,P6,P7,P8,P9,P10
60261,1,1,0,0,0,0,0,0,0,0,0,0
60262,1,1,0,0,0,0,0,0,0,0,0,0
60262,2,1,0,0,0,0,0,0,0,0,0,0
60262,3,1,0,0,0,0,0,0,0,0,0,0
60263,1,1,0,0,0,0,22,0,0,0,0,0
60263,2,1,0,0,0,0,0,0,0,0,0,0
60263,3,1,0,0,22,0,0,0,0,0,0,0
60263,4,1,0,0,0,0,0,0,0,0,0,0
60263,5,1,16,0,0,0,0,0,0,0,0,0
60263,6,1,0,0,0,0,0,0,0,0,0,0
60264,1,1,20,20,20,20,20,20,20,20,20,20
60264,2,1,0,0,0,0,0,0,0,0,0,0
60265,0,1,21,0,22,0,0,33,25,0,5,0
60265,1,1,0,4,0,0,0,10,0,0,0,0
60266,1,1,24,24,24,24,24,24,24,24,24,24
60267,0,1,0,46,0,0,25,0,0,0,0,14
60267,1,1,0,0,0,0,0,0,0,0,0,0
60268,1,1,21,17,24,24,0,13,0,33,7,8
60269,1,1,0,0,0,0,0,0,0,0,0,0
60270,1,1,0,0,0,0,0,0,0,0,0,0
60271,0,1,0,0,0,0,0,0,0,0,0,0
60271,1,1,0,0,0,0,0,0,0,0,0,0
60272,0,1,40,40,40,40,40,40,40,40,40,40
60272,1,1,0,0,11,0,0,0,0,0,0,0
60273,0,1,20,20,20,20,20,20,20,20,20,20
60273,1,1,0,0,0,0,0,0,0,0,0,0
60274,1,1,0,0,0,0,0,0,0,0,0,0
60275,0,1,0,0,0,0,0,0,0,0,0,0
60275,1,1,0,0,0,0,0,0,0,0,0,0
60276,1,1,1,1,1,1,1,1,1,1,1,1
60277,1,1,19,19,19,19,19,19,19,19,19,19
60277,2,1,0,0,0,0,0,0,0,0,0,0
60278,1,1,0,0,0,0,0,15,0,0,24,0
60278,2,1,0,0,0,0,0,0,0,0,0,0
60279,1,1,0,0,0,0,0,0,0,0,0,0
60280,0,1,0,0,0,0,0,0,0,0,0,0
60280,1,1,0,0,0,0,0,0,0,0,0,0
60281,1,1,20,20,20,20,20,20,20,20,20,20
60281,2,1,0,0,0,0,0,0,0,0,0,0
60282,0,1,0,0,23,0,0,0,0,0,27,0
60282,1,1,0,0,0,0,0,16,0,0,0,0
60283,1,1,28,7,16,6,14,6,9,18,3,16
60284,1,1,0,29,0,0,0,0,14,0,0,0
60285,1,1,5,5,5,5,5,5,5,5,5,5
60285,2,1,0,0,0,0,0,0,0,0,0,0
60286,0,1,0,0,0,0,0,0,0,0,0,0
60286,1,1,0,0,0,0,0,0,0,0,0,0
60287,1,1,0,0,0,0,0,0,0,0,0,12
60288,0,1,0,0,0,0,0,0,0,0,0,0
60288,1,1,11,18,24,31,0,0,7,20,0,0
60289,1,1,30,30,30,30,30,30,30,30,30,30
60289,2,1,0,0,0,0,0,0,0,0,0,0
60290,1,1,9,9,9,9,9,9,9,9,9,9
60290,2,1,0,0,0,17,0,0,0,0,0,0
60290,3,1,0,0,0,0,0,0,0,0,0,0
60290,4,1,0,0,0,0,0,0,0,0,0,0
60291,0,1,40,40,40,40,40,40,40,40,40,40
60291,1,1,0,0,0,0,0,0,0,0,0,0
60292,1,1,0,0,0,0,0,0,17,0,17,0
60293,0,1,0,0,0,0,0,0,0,0,0,0
60293,1,1,0,2,7,0,20,0,0,30,0,0
60294,1,1,0,0,0,0,0,0,0,0,0,0
60295,1,1,19,19,19,19,19,19,19,19,19,19
60296,1,1,20,20,20,20,20,20,20,20,20,20
60296,2,1,0,0,0,0,0,0,0,0,0,0
60297,0,1,0,0,0,0,0,0,0,0,0,0
60297,1,1,0,10,17,33,0,16,12,10,12,0
60298,0,1,0,0,0,0,0,0,0,0,0,0
60298,1,1,13,15,13,12,6,12,12,27,22,19
60299,1,1,0,0,0,0,0,0,0,0,0,0
60299,2,1,0,0,0,0,0,0,0,0,0,0
60300,1,1,20,0,3,0,5,0,0,0,0,12
60301,1,1,0,0,0,0,0,0,0,0,0,0
60301,2,1,0,0,0,0,0,0,0,0,0,0
60302,1,1,22,0,9,17,25,6,24,21,18,0
60303,1,1,26,13,22,0,0,10,8,40,22,8
60303,2,1,0,0,0,0,0,0,0,0,0,0
60304,1,1,20,20,20,20,20,20,20,20,20,20
60304,2,1,0,0,0,0,0,0,0,0,0,0
60305,0,1,0,0,0,0,0,0,0,0,0,0
60305,1,1,0,0,15,0,9,17,0,32,31,7
60306,1,1,0,0,0,0,0,0,0,0,0,0
60306,2,1,0,0,0,0,0,0,0,0,0,0
60307,1,1,0,0,0,0,0,0,0,0,0,0
60308,0,1,0,0,0,0,0,0,0,0,0,0
60308,1,1,0,0,0,0,0,0,0,0,0,0
60309,1,1,0,0,0,0,0,0,0,0,16,0
60309,2,1,5,5,5,5,5,5,5,5,5,5
60310,1,1,0,0,0,13,0,0,0,0,0,0
60310,2,1,0,0,0,0,0,0,0,0,0,0
60310,3,1,0,0,0,0,0,0,0,0,0,0
60311,1,1,0,0,0,0,0,0,0,0,0,0
60311,2,1,0,0,0,0,0,0,0,0,0,0
60311,3,1,0,0,0,0,0,0,0,0,0,0
60312,1,1,0,0,0,0,0,0,0,0,0,0
60312,2,1,0,0,0,0,0,0,0,0,0,0
60313,1,1,0,0,0,0,0,0,0,0,0,0
60313,2,1,19,21,0,0,0,0,16,9,0,0
60314,0,1,0,0,0,0,0,0,0,0,0,0
60314,1,1,3,3,3,3,3,3,3,3,3,3
60315,0,1,0,0,0,0,0,0,0,0,0,0
60315,1,1,0,0,0,0,0,0,0,0,0,0
60316,1,1,0,0,0,0,0,0,0,0,0,0
60316,2,1,0,0,0,0,0,0,0,0,0,0
60316,3,1,0,0,0,0,0,0,0,0,0,0
60317,1,1,0,0,0,0,0,0,0,0,0,0
60318,0,1,0,0,0,0,0,0,0,0,0,14
60318,1,1,0,0,0,0,0,0,0,0,0,0
60319,0,1,24,24,24,24,24,24,24,24,24,24
60319,1,1,0,0,0,0,0,0,0,0,0,0
60320,1,1,10,10,10,10,10,10,10,10,10,10
60321,1,1,0,0,0,0,0,0,0,0,0,0
60322,1,1,30,30,30,30,30,30,30,30,30,30
60322,2,1,0,0,0,0,0,0,3,0,0,0
60323,1,1,8,8,8,8,8,8,8,8,8,8
60324,0,1,24,35,37,21,34,20,18,19,13,26
60324,1,1,20,0,0,0,0,16,0,0,0,0
60325,1,1,0,0,0,18,0,0,0,0,0,0
60326,1,1,0,0,0,0,0,0,0,0,0,0
60326,2,1,0,0,0,0,0,22,0,0,0,26
60326,3,1,0,0,0,0,0,0,0,0,0,0
60327,1,1,0,0,0,0,0,0,0,0,0,0
60328,1,1,14,14,14,14,14,14,14,14,14,14
60329,1,1,0,0,0,0,0,0,0,0,0,0
60330,1,1,25,25,25,25,25,25,25,25,25,25
60331,0,1,0,0,0,0,0,0,0,0,0,0
60331,1,1,0,15,14,0,0,28,13,17,19,0
60332,1,1,0,0,0,0,0,0,0,0,0,0
60332,2,1,0,0,0,0,0,0,0,0,0,0
60333,1,1,30,23,5,0,0,20,13,22,0,14
60334,1,1,0,0,0,0,0,0,0,0,0,0
60334,2,1,0,0,0,0,0,0,0,23,0,0
60334,3,1,0,0,0,0,0,0,0,0,0,0
60335,1,1,17,17,17,17,17,17,17,17,17,17
60335,2,1,0,0,0,0,0,0,0,0,0,0
60336,1,1,0,0,0,0,0,0,0,0,0,0
60336,2,1,0,0,0,0,0,0,0,0,0,0
60337,1,1,19,10,0,0,0,0,11,0,20,0
60338,1,1,0,0,0,0,0,0,0,0,0,0
60338,2,1,0,0,0,0,0,0,0,0,0,0
60339,1,1,0,0,0,0,0,0,0,0,0,0
60339,2,1,0,0,0,0,0,0,0,0,0,17
60340,1,1,0,0,0,0,16,0,0,0,7,0
60340,2,1,0,0,0,0,0,0,0,0,0,0
60341,0,1,40,40,40,40,40,40,40,40,40,40
60341,1,1,0,0,0,0,0,0,0,0,0,0
60342,1,1,0,0,23,0,22,0,0,0,0,0
60342,2,1,0,0,35,0,0,0,0,0,0,0
60343,1,1,0,0,0,0,0,0,0,0,0,0
60343,2,1,10,10,10,10,10,10,10,10,10,10
60344,1,1,0,0,0,0,0,0,0,0,0,0
60345,1,1,0,0,0,0,0,0,0,0,0,0
60346,1,1,10,10,10,10,10,10,10,10,10,10
60347,0,1,0,0,0,0,0,0,0,0,0,0
60347,1,1,0,0,0,0,0,0,0,0,0,0
60348,1,1,0,0,0,0,0,0,0,0,0,0
60349,1,1,25,25,25,25,25,25,25,25,25,25
60350,1,1,15,13,19,33,17,15,18,24,23,17
60351,1,1,26,26,26,26,26,26,26,26,26,26
60352,1,1,10,10,10,10,10,10,10,10,10,10
60353,1,1,33,33,33,33,33,33,33,33,33,33
60353,2,1,0,0,0,0,0,0,0,0,0,24
60354,1,1,20,20,20,20,20,20,20,20,20,20
60355,1,1,0,0,0,0,0,0,0,0,0,0
60355,2,1,0,0,0,0,0,0,0,0,0,0
60356,1,1,10,10,10,10,10,10,10,10,10,10
60356,2,1,0,0,0,0,0,0,0,0,0,0
60357,1,1,0,0,0,0,0,0,0,0,0,0
60358,0,1,0,0,0,0,0,0,0,0,0,0
60358,1,1,0,0,0,0,0,0,0,0,0,0
60359,1,1,0,0,0,0,0,0,0,0,0,0
60359,2,1,0,0,0,0,0,0,0,0,0,0
60359,3,1,0,0,0,0,0,0,0,0,0,0
60360,1,1,15,15,15,15,15,15,15,15,15,15
60361,0,1,0,0,0,0,0,0,0,0,0,0
60361,0,2,0,0,0,0,0,0,0,0,0,0
60361,0,3,19,30,26,0,0,0,14,15,14,0
60361,1,1,21,0,15,12,13,0,6,0,0,4
60362,0,1,0,0,0,0,0,0,0,0,0,0
60362,1,1,0,0,0,0,0,0,0,0,0,0
60363,1,1,0,0,0,0,0,0,0,0,0,0
60364,0,1,0,0,0,0,0,0,0,0,0,0
60364,1,1,0,0,0,0,0,0,0,0,0,0
60365,1,1,27,16,8,0,0,0,0,20,13,0
60366,1,1,0,0,0,0,0,0,0,0,0,0
60367,1,1,7,7,7,7,7,7,7,7,7,7
60368,0,1,0,0,0,0,0,0,0,0,0,0
60368,1,1,0,0,0,0,0,0,0,0,0,0
60369,1,1,0,0,0,0,0,14,15,22,0,0
60370,1,1,0,0,0,37,0,8,19,0,0,18
60371,1,1,0,0,0,0,0,0,0,0,0,0
60371,2,1,0,0,0,0,0,0,0,0,0,0
60372,1,1,0,0,0,0,0,0,0,0,0,0
60373,1,1,19,15,10,15,18,12,0,18,21,8
60374,0,1,0,0,0,0,0,0,0,0,0,0
60374,1,1,17,0,8,0,0,31,0,0,0,4
60375,1,1,24,24,24,24,24,24,24,24,24,24
60375,2,1,0,0,0,0,0,0,0,0,0,0
60376,0,1,0,0,0,0,0,0,0,0,0,0
60376,1,1,0,0,0,0,0,0,0,0,0,0
60377,0,1,49,0,0,22,18,0,0,0,0,26
60377,1,1,0,0,0,0,0,0,0,0,0,0
60377,2,1,0,0,0,0,0,0,0,0,0,0
60378,0,1,13,13,13,13,13,13,13,13,13,13
60378,1,1,0,0,0,0,0,0,0,0,0,0
60379,1,1,24,18,16,8,6,11,11,11,10,9
60380,1,1,14,14,14,14,14,14,14,14,14,14
60380,2,1,3,3,3,3,3,3,3,3,3,3
60381,0,1,17,25,14,0,0,0,4,0,22,0
60381,1,1,0,2,0,0,0,0,0,0,0,0
60382,1,1,14,14,14,14,14,14,14,14,14,14
60382,2,1,0,0,0,0,0,14,0,0,0,0
60383,1,1,0,0,0,0,0,0,0,0,0,0
60383,2,1,0,0,0,0,0,0,0,0,0,0
60384,1,1,0,0,0,0,0,0,0,0,0,0
60385,1,1,16,16,16,16,16,16,16,16,16,16
60385,2,1,0,10,0,0,0,0,0,0,0,0
60386,0,1,14,14,14,14,14,14,14,14,14,14
60386,1,1,0,0,0,0,0,0,0,0,0,0
60387,1,1,0,14,0,0,18,0,20,0,15,0
60388,1,1,10,10,10,10,10,10,10,10,10,10
60389,0,1,0,0,0,0,0,0,0,0,0,0
60389,0,2,0,22,0,0,0,0,0,0,0,20
60389,1,1,0,0,0,0,0,0,0,0,0,0
60390,1,1,0,22,0,47,0,14,6,16,0,14
60391,1,1,0,0,0,0,0,0,0,0,0,0
60391,2,1,0,0,0,0,0,0,0,0,0,0
60392,0,1,40,40,40,40,40,40,40,40,40,40
60392,1,1,0,0,0,0,0,0,0,0,0,0
60393,1,1,0,0,0,0,0,0,0,0,0,0
60393,2,1,0,0,0,0,0,0,0,0,0,0
60394,1,1,0,0,0,0,0,0,0,0,0,0
60395,1,1,20,20,20,20,20,20,20,20,20,20
60396,0,1,0,0,0,0,0,0,0,0,0,0
60396,1,1,0,0,0,0,0,0,7,0,0,0
60397,0,1,0,0,0,0,0,0,0,0,0,0
60397,1,1,0,0,0,0,0,0,0,0,0,0
60398,0,1,10,33,32,17,19,20,20,23,24,0
60398,1,1,0,0,0,0,0,0,0,0,0,0
60399,1,1,0,0,0,0,0,0,0,0,0,0
60400,1,1,20,20,20,20,20,20,20,20,20,20
60400,2,1,0,0,0,0,0,0,0,0,0,0
60401,0,1,0,0,0,0,0,0,0,0,0,0
60401,1,1,0,0,0,0,0,0,0,0,0,0
60402,1,1,0,0,0,0,0,0,0,0,0,0
60403,0,1,0,21,0,0,0,0,0,11,0,47
60403,1,1,17,6,0,20,0,0,13,9,0,18
60404,0,1,20,20,20,20,20,20,20,20,20,20
60404,1,1,0,0,0,0,0,0,0,0,0,0
60405,1,1,0,0,0,0,0,0,0,0,0,0
60406,0,1,18,18,18,18,18,18,18,18,18,18
60406,1,1,0,7,0,0,0,0,0,0,0,0
60407,0,1,0,0,0,0,0,0,0,0,0,0
60407,1,1,0,0,0,0,0,15,0,0,0,0
60408,0,1,0,0,0,0,0,0,0,0,0,0
60408,1,1,0,0,0,0,0,0,0,0,0,0
60408,2,1,0,0,0,0,0,0,0,0,0,0
60409,0,1,0,0,0,0,0,0,0,0,0,0
60409,1,1,0,0,0,0,0,0,0,0,0,0
60410,0,1,9,0,0,0,0,0,0,0,0,0
60410,1,1,0,19,0,0,0,13,0,0,0,0
60411,1,1,16,16,16,16,16,16,16,16,16,16
60412,0,1,10,10,10,10,10,10,10,10,10,10
60412,1,1,0,0,0,0,0,0,0,0,0,0
60413,0,1,10,10,10,10,10,10,10,10,10,10
60413,1,1,0,0,0,19,0,0,0,0,0,0
60414,1,1,20,20,20,20,20,20,20,20,20,20
60414,2,1,0,0,0,0,0,0,0,0,0,0
60415,1,1,0,0,0,0,0,0,0,0,0,0
60416,1,1,0,0,0,0,0,0,0,0,0,0
60417,1,1,0,0,0,0,0,0,0,0,0,0
60417,2,1,0,0,0,0,0,0,0,0,0,0
60418,0,1,0,0,0,0,0,0,0,0,0,0
60418,1,1,0,35,0,0,0,0,0,0,34,0
60419,1,1,0,0,0,0,0,0,0,0,0,0
60420,1,1,0,0,0,0,0,0,0,0,0,0
60420,2,1,0,0,0,0,0,0,0,0,0,0
60420,3,1,0,0,0,0,0,0,29,0,0,0
60421,0,1,38,0,20,27,8,21,21,12,31,10
60421,1,1,0,0,0,0,0,0,10,0,14,0
60422,0,1,0,0,0,0,0,0,0,0,0,0
60422,1,1,0,0,0,0,0,0,0,0,0,0
60423,1,1,0,0,0,0,0,0,0,0,0,0
60423,2,1,8,0,0,0,0,0,0,0,0,0
60423,3,1,0,0,0,0,0,0,0,9,0,0
60424,1,1,0,0,0,0,0,0,0,0,0,0
60425,0,1,0,0,0,0,0,0,0,0,0,0
60425,1,1,0,0,0,0,0,0,0,18,0,0
60426,1,1,19,19,19,19,19,19,19,19,19,19
60427,1,1,0,0,0,0,0,0,0,0,0,0
60427,2,1,0,0,0,0,17,0,0,0,12,0
60428,1,1,0,0,0,0,0,0,0,0,0,0
60428,2,1,0,0,0,0,0,0,0,0,0,0
60429,1,1,0,0,0,0,0,0,0,0,0,0
60429,2,1,0,0,0,0,0,0,0,0,0,0
60430,0,1,0,0,0,0,0,0,0,0,0,0
60430,1,1,0,0,0,0,0,0,0,0,0,0
60431,0,1,26,7,0,0,0,0,0,27,20,0
60431,1,1,0,0,0,0,0,0,0,0,0,0
60432,1,1,0,0,14,0,0,0,0,0,0,0
60432,2,1,0,0,0,0,0,0,0,0,0,0
60433,1,1,0,21,0,6,19,0,13,21,0,0
60435,0,1,17,16,29,21,13,15,16,26,7,34
60435,1,1,0,0,0,0,0,0,0,0,0,0
60436,0,1,4,4,4,4,4,4,4,4,4,4
60436,1,1,0,0,0,0,0,0,0,0,0,0
60437,1,1,14,14,14,14,14,14,14,14,14,14
60437,2,1,0,0,0,0,0,0,0,0,0,0
60438,0,1,0,0,0,0,0,0,0,0,0,0
60438,1,1,0,23,0,0,21,0,0,0,0,0
60439,0,1,0,0,0,0,0,0,0,0,0,0
60439,1,1,18,0,0,20,15,16,0,0,14,12
60440,1,1,2,2,2,2,2,2,2,2,2,2
60441,0,1,0,0,0,0,0,0,0,0,0,0
60441,1,1,0,0,0,0,0,0,0,0,24,0
60442,1,1,0,0,0,0,0,0,0,0,0,0
60442,2,1,0,0,0,0,0,0,0,0,0,0
60443,0,1,0,0,0,0,0,0,0,31,0,0
60443,1,1,0,0,0,0,22,0,0,0,0,0
60444,1,1,0,8,0,0,0,0,0,33,0,0
60444,2,1,0,8,0,0,0,0,0,0,0,0
60445,1,1,14,17,26,7,18,10,13,14,10,19
60446,1,1,0,0,0,0,0,0,0,0,0,0
60446,2,1,0,0,0,0,0,0,0,0,0,0
60446,3,1,0,0,0,0,0,0,0,0,0,0
60447,1,1,0,0,0,0,0,0,0,0,0,0
60447,2,1,10,10,10,10,10,10,10,10,10,10
60448,1,1,20,20,20,20,20,20,20,20,20,20
60448,2,1,0,0,0,0,0,0,0,0,0,0
60449,0,1,7,7,7,7,7,7,7,7,7,7
60449,1,1,0,0,0,0,0,11,0,0,17,9
60450,0,1,8,0,0,0,0,0,19,0,0,0
60450,1,1,0,0,0,0,0,22,0,0,0,0
60451,1,1,0,0,0,0,0,0,0,0,0,0
60452,1,1,20,20,20,20,20,20,20,20,20,20
60452,2,1,0,17,0,0,0,27,0,10,0,0
60453,0,1,0,0,0,0,0,0,0,0,0,0
60453,1,1,0,0,0,0,0,0,0,0,0,0
60454,1,1,7,7,7,7,7,7,7,7,7,7
60455,1,1,10,0,0,0,0,0,0,0,0,0
60455,2,1,0,0,0,0,0,0,0,0,0,0
60456,1,1,17,17,17,17,17,17,17,17,17,17
60456,2,1,0,0,0,0,0,0,0,0,0,0
60457,1,1,0,0,0,0,0,0,0,0,0,0
60458,0,1,12,12,12,12,12,12,12,12,12,12
60458,0,2,4,4,4,4,4,4,4,4,4,4
60458,1,1,0,0,0,0,0,0,0,0,0,0
60459,1,1,15,15,15,15,15,15,15,15,15,15
60459,2,1,0,0,0,0,0,0,0,0,0,0
60460,1,1,18,0,0,0,0,0,0,0,12,8
60460,2,1,0,6,0,0,0,0,0,0,0,0
60460,3,1,0,0,0,0,0,0,0,0,0,0
60460,4,1,0,0,0,0,0,0,0,0,0,0
60461,1,1,0,0,0,0,0,0,0,22,0,0
60462,1,1,0,0,0,0,0,0,0,0,0,0
60462,2,1,0,0,0,0,0,0,0,0,0,0
60463,0,1,0,0,0,0,0,0,0,0,0,0
60463,1,1,0,0,0,0,22,0,0,0,0,0
60464,1,1,0,0,0,0,0,0,0,0,0,0
60465,1,1,0,0,0,0,0,0,0,0,0,0
60465,2,1,0,0,0,0,0,0,0,0,0,0
60466,1,1,14,14,14,14,14,14,14,14,14,14
60466,2,1,11,10,11,32,6,13,13,0,16,12
60467,0,1,0,0,0,0,0,0,0,0,0,0
60467,1,1,0,0,0,0,11,0,0,0,0,0
60468,0,1,0,0,0,0,0,0,0,0,0,0
60468,1,1,0,0,0,0,0,15,0,0,0,0
60469,1,1,0,0,0,0,0,0,0,0,0,0
60469,2,1,0,16,0,0,0,0,0,0,0,0
60469,3,1,0,0,10,0,0,0,0,0,0,0
60470,1,1,10,10,10,10,10,10,10,10,10,10
60470,2,1,0,0,0,0,0,0,0,0,0,0
60471,1,1,0,0,0,0,0,0,0,0,0,4
60472,0,1,0,25,0,0,0,0,0,6,0,0
60472,1,1,0,0,0,0,0,0,0,0,0,0
60473,0,1,0,0,0,0,0,0,0,0,0,0
60473,1,1,0,0,0,0,0,0,0,0,0,0
60474,1,1,0,0,0,0,0,0,0,0,0,0
60474,2,1,0,0,0,0,0,0,0,0,0,0
60475,1,1,0,0,0,0,0,0,0,0,0,0
60476,1,1,0,0,0,0,0,0,0,0,0,0
60476,2,1,0,0,0,7,0,0,0,0,0,0
60477,1,1,19,19,19,19,19,19,19,19,19,19
60478,1,1,0,0,0,0,0,0,0,0,0,0
60478,2,1,0,0,0,0,0,0,0,0,0,0
60478,3,1,0,0,0,0,0,0,0,0,0,0
60479,1,1,0,0,0,0,0,0,0,0,0,0
60479,2,1,0,0,0,0,0,0,0,0,0,0
60480,1,1,0,0,0,0,0,0,0,0,0,0
60481,1,1,0,0,0,0,0,0,0,0,0,0
60481,2,1,0,0,0,0,0,0,0,0,0,0
60481,3,1,0,0,0,0,0,0,0,0,0,0
60481,4,1,0,0,0,0,0,0,0,0,0,0
60481,5,1,0,0,0,0,17,0,0,0,0,0
60481,6,1,0,0,0,0,0,0,0,0,0,0
60481,7,1,0,0,0,0,0,0,0,0,0,0
60482,1,1,20,20,20,20,20,20,20,20,20,20
60482,2,1,0,0,0,0,0,0,0,18,0,0
60483,1,1,0,0,0,0,0,0,0,0,0,0
60483,2,1,0,0,0,0,0,0,0,0,0,8
60484,1,1,0,0,0,0,0,0,0,0,0,0
60484,2,1,0,0,0,8,0,11,0,12,0,0
60485,1,1,0,0,0,0,0,0,22,0,25,0
60485,2,1,0,0,0,0,0,0,0,0,0,0
60486,1,1,0,0,0,7,0,0,0,0,0,0
60486,2,1,0,0,0,0,0,0,0,0,0,0
60487,1,1,0,23,0,0,0,23,24,0,0,0
60487,4,1,0,0,0,0,0,0,0,0,0,0
60488,1,1,17,0,0,0,0,0,0,18,0,22
60488,2,1,0,0,0,0,0,0,0,0,0,0
60489,1,1,0,0,0,0,0,0,0,0,0,0
60489,2,1,0,0,0,0,0,0,0,0,0,0
60490,1,1,8,8,8,8,8,8,8,8,8,8
60491,1,1,10,10,10,10,10,10,10,10,10,10
60491,2,1,0,0,0,0,0,0,0,0,0,0
60491,3,1,0,0,0,0,0,0,0,0,15,0
60492,0,1,0,0,0,0,0,0,0,0,0,0
60492,1,1,0,0,0,0,0,0,0,0,0,0
60493,0,1,0,0,22,0,0,0,0,0,27,3
60493,1,1,0,0,0,0,15,0,0,0,0,0
60493,2,1,0,0,0,0,0,0,0,0,0,0
60493,3,1,16,0,0,0,0,0,0,0,0,0
60494,0,1,23,23,23,23,23,23,23,23,23,23
60494,1,1,0,0,0,0,0,0,0,0,13,0
60495,1,1,0,0,0,0,0,0,0,0,0,0
60495,2,1,10,10,10,10,10,10,10,10,10,10
60496,1,1,21,16,47,0,0,9,0,0,0,0
60497,1,1,0,0,0,0,0,0,0,0,0,0
60497,2,1,0,0,0,0,0,0,0,0,0,0
60498,0,1,0,0,0,0,0,0,0,0,0,0
60498,1,1,0,0,0,0,0,0,0,16,0,0
60499,1,1,0,0,0,0,0,0,0,0,0,0
60500,0,1,24,24,24,24,24,24,24,24,24,24
60500,1,1,0,0,0,0,0,0,0,0,0,0
60501,1,1,9,9,9,9,9,9,9,9,9,9
60502,1,1,14,14,14,14,14,14,14,14,14,14
60503,1,1,0,34,24,0,0,0,0,0,0,0
60503,2,1,10,10,10,10,10,10,10,10,10,10
60504,1,1,0,0,0,0,0,0,0,0,0,0
60504,2,1,11,0,4,16,16,0,0,0,0,12
60505,0,1,0,0,0,0,0,0,0,0,0,0
60505,1,1,0,0,0,0,0,0,0,0,0,0
60506,1,1,0,0,0,0,0,0,0,0,0,0
60506,2,1,0,0,0,0,0,0,0,0,0,0
60507,0,1,0,0,0,0,0,0,0,0,0,0
60507,1,1,0,0,0,0,0,0,0,0,0,0
60507,2,1,0,0,0,0,0,0,0,0,0,0
60508,0,1,17,0,13,10,0,0,0,0,0,0
60508,1,1,18,0,0,14,0,0,0,0,0,0
60509,1,1,0,4,0,0,0,0,0,0,0,0
60509,2,1,0,0,0,0,0,0,0,0,0,0
60510,1,1,0,0,21,0,17,0,0,18,14,34
60511,0,1,0,0,0,0,0,0,0,0,0,0
60511,1,1,0,0,0,0,0,0,0,0,0,0
60512,1,1,0,0,0,0,0,0,0,0,0,0
60512,2,1,0,0,0,0,0,0,0,0,0,0
60512,3,1,0,0,0,0,0,0,0,0,0,0
60512,4,1,0,0,0,0,0,0,0,0,0,0
60512,5,1,0,0,0,0,0,0,0,22,0,0
60512,6,1,0,0,0,0,0,0,0,0,0,0
60512,7,1,0,0,0,0,0,0,0,16,0,0
60512,8,1,0,0,0,0,0,0,0,0,0,0
60513,1,1,0,0,0,0,0,0,0,0,0,0
60514,1,1,0,0,0,13,0,0,0,0,0,0
60515,1,1,0,0,0,0,0,0,0,0,0,0
60515,2,1,0,0,0,0,0,0,0,0,0,0
60516,0,1,0,0,0,0,0,0,0,0,0,0
60516,1,1,0,0,0,0,0,0,0,0,0,0
60517,0,1,24,0,0,10,0,0,0,0,0,16
60517,1,1,0,0,0,0,0,0,0,0,0,0
60518,1,1,0,0,0,0,0,19,12,10,0,0
60518,2,1,0,0,0,0,0,0,0,0,0,0
60519,1,1,0,0,0,0,0,0,0,0,0,0
60519,2,1,14,0,15,0,0,0,0,0,0,0
60520,1,1,28,24,22,4,25,36,18,14,1,16
60521,0,1,30,30,30,30,30,30,30,30,30,30
60521,1,1,0,0,0,0,0,0,0,0,0,0
60522,1,1,12,0,0,0,0,0,0,0,0,18
60523,1,1,0,0,0,0,0,0,0,0,0,0
60523,2,1,0,0,0,0,0,0,0,0,0,0
60524,1,1,20,20,20,20,20,20,20,20,20,20
60524,2,1,0,0,0,0,0,0,0,0,0,0
60525,1,1,0,0,0,0,0,0,0,0,0,0
60526,1,1,4,4,4,4,4,4,4,4,4,4
60527,1,1,0,28,15,0,0,0,0,28,0,0