ST_CASE,VEH_NO,PER_NO,P1,P2,P3,P4,P5,P6,P7,P8,P9,P10
60527,2,1,0,0,0,0,0,0,0,0,0,0
60528,1,1,0,0,0,0,0,0,0,0,0,0
60529,1,1,0,0,0,0,0,0,0,0,0,0
60529,2,1,0,0,0,0,0,0,0,0,0,35
60530,0,1,0,0,0,0,0,0,0,0,0,0
60530,1,1,0,0,0,0,0,0,3,0,0,0
60531,1,1,0,0,0,0,0,0,0,0,0,0
60531,2,1,0,14,0,0,0,29,0,0,0,0
60532,1,1,24,25,11,27,13,32,0,20,25,33
60533,1,1,30,30,30,30,30,30,30,30,30,30
60534,1,1,0,0,0,0,0,0,0,0,0,0
60534,2,1,0,0,0,0,0,0,0,0,0,0
60535,1,1,20,0,0,0,0,18,0,0,0,0
60536,1,1,0,0,28,11,35,0,0,25,16,14
60537,0,1,10,10,10,10,10,10,10,10,10,10
60537,1,1,0,0,0,0,0,0,0,21,0,0
60538,1,1,0,0,0,0,0,0,0,0,0,0
60539,1,1,20,20,20,20,20,20,20,20,20,20
60539,2,1,0,0,0,0,0,0,0,0,0,0
60540,1,1,22,22,22,22,22,22,22,22,22,22
60541,0,1,0,30,32,13,31,23,8,6,35,28
60541,1,1,0,0,0,17,0,0,3,0,0,0
60542,0,1,24,15,42,0,2,26,18,0,0,8
60542,1,1,9,13,0,18,14,25,25,23,16,16
60542,2,1,0,0,0,0,0,0,0,0,0,0
60543,1,1,0,0,0,0,0,0,0,0,0,0
60544,0,1,0,0,0,0,0,0,0,0,0,0
60544,1,1,0,0,0,0,0,0,0,0,0,0
60545,1,1,0,0,0,0,0,0,0,0,14,0
60546,1,1,20,20,20,20,20,20,20,20,20,20
60546,2,1,0,0,0,0,0,12,0,0,3,0
60547,1,1,0,0,0,0,0,0,0,0,0,0
60548,0,1,0,0,0,0,0,0,0,0,0,0
60548,1,1,0,0,0,0,0,0,0,0,0,0
60549,1,1,0,0,0,0,0,0,0,0,0,0
60550,1,1,0,0,0,0,22,0,30,0,25,0
60551,1,1,12,13,9,12,0,0,0,0,0,0
60551,2,1,0,0,0,0,0,0,0,0,0,0
60551,3,1,0,0,0,0,0,0,0,0,0,0
60552,1,1,0,0,0,0,0,0,0,0,0,0
60552,2,1,0,0,0,0,0,0,0,0,0,0
60553,1,1,25,22,23,13,18,14,36,20,9,7
60554,1,1,12,5,0,0,0,16,0,0,0,10
60554,2,1,0,0,0,0,0,0,0,0,0,0
60555,1,1,0,0,0,0,0,0,0,0,0,0
60556,1,1,0,0,0,0,0,0,0,0,0,0
60556,2,1,0,0,0,0,0,0,0,0,0,0
60557,1,1,22,22,22,22,22,22,22,22,22,22
60558,1,1,0,0,0,0,0,0,0,0,0,0
60558,2,1,0,0,0,0,0,0,0,0,0,0
60559,1,1,0,0,0,0,0,0,0,0,0,0
60560,1,1,19,19,19,19,19,19,19,19,19,19
60561,1,1,0,0,0,0,0,0,0,0,0,0
60561,2,1,0,0,0,0,0,0,0,0,0,0
60562,0,1,10,10,10,10,10,10,10,10,10,10
60562,1,1,0,0,0,0,0,0,0,0,0,0
60563,0,1,0,0,0,0,8,29,14,0,0,10
60563,1,1,0,0,0,0,0,0,0,0,0,0
60564,0,1,0,0,0,0,0,0,0,0,0,0
60564,1,1,0,0,0,0,11,0,0,0,0,0
60565,0,1,0,0,0,0,0,0,0,0,0,0
60565,1,1,0,0,0,0,0,0,0,0,0,0
60566,1,1,0,6,0,0,0,0,0,22,0,7
60566,2,1,0,0,0,0,0,0,0,0,0,0
60567,0,1,8,25,0,0,21,0,28,20,0,0
60567,1,1,0,0,0,0,0,16,14,0,36,20
60568,1,1,0,0,0,0,0,0,0,0,0,0
60568,2,1,0,0,0,0,0,0,0,0,0,0
60569,1,1,0,0,0,0,0,0,0,0,0,0
60570,0,1,28,0,0,0,0,0,0,0,0,0
60570,1,1,0,0,0,0,0,0,0,5,0,0
60571,1,1,0,0,0,0,0,0,0,0,0,0
60572,1,1,0,0,0,0,27,19,0,0,0,0
60573,0,1,0,0,0,0,0,0,0,0,0,0
60573,1,1,0,15,0,0,0,0,0,0,9,0
60574,1,1,0,0,0,0,0,21,9,0,12,17
60574,2,1,0,0,0,0,0,0,0,0,0,0
60575,1,1,0,0,0,0,0,0,0,0,0,0
60576,1,1,0,0,0,0,0,0,0,0,0,0
60577,1,1,0,0,0,0,0,0,0,0,0,0
60578,1,1,8,3,17,11,0,0,11,0,24,0
60578,2,1,0,0,0,0,0,0,0,0,0,0
60579,1,1,0,0,0,0,0,0,0,0,0,0
60579,2,1,0,0,0,0,0,0,0,0,0,0
60580,1,1,0,0,0,0,0,0,0,0,0,0
60580,2,1,0,0,0,0,0,0,0,0,0,0
60581,1,1,0,0,0,0,0,0,0,0,0,0
60581,2,1,0,0,0,0,0,0,0,0,0,0
60582,1,1,0,0,0,0,0,0,0,0,0,0
60583,1,1,4,4,4,4,4,4,4,4,4,4
60583,2,1,0,0,0,0,0,0,0,0,0,0
60584,0,1,0,0,0,0,0,0,0,0,0,0
60584,1,1,0,0,0,0,0,0,0,0,0,27
60585,0,1,0,0,0,0,0,0,0,0,0,0
60585,1,1,0,0,0,0,0,0,0,0,0,0
60586,1,1,0,23,0,0,0,0,0,0,14,0
60587,0,1,0,0,0,0,0,0,0,0,0,0
60587,1,1,0,0,0,0,0,0,0,0,0,0
60588,1,1,17,23,0,0,0,14,18,0,0,0
60589,1,1,19,19,19,19,19,19,19,19,19,19
60589,2,1,0,0,13,0,0,0,0,0,0,0
60590,1,1,25,25,25,25,25,25,25,25,25,25
60591,1,1,0,0,0,0,0,0,0,0,0,0
60592,0,1,0,26,14,21,47,8,0,12,26,23
60592,1,1,0,0,0,0,0,0,7,0,0,0
60592,2,1,0,26,0,0,0,0,0,0,0,0
60593,1,1,10,10,10,10,10,10,10,10,10,10
60594,0,1,0,0,0,0,0,0,0,0,0,0
60594,1,1,0,0,0,0,0,0,0,0,0,0
60595,1,1,0,0,0,0,0,0,0,0,0,0
60596,0,1,0,0,0,0,0,0,0,0,0,0
60596,1,1,0,0,0,0,0,0,0,0,0,0
60597,0,1,0,0,0,0,0,0,0,0,0,0
60597,1,1,0,0,0,0,0,0,32,0,0,0
60598,0,1,0,0,0,0,0,0,0,0,0,0
60598,1,1,0,0,0,0,0,0,0,0,0,0
60599,0,1,0,0,0,0,0,0,0,0,0,0
60599,1,1,0,0,0,0,0,0,0,0,0,0
60600,0,1,0,0,0,0,0,0,0,0,0,0
60600,1,1,0,0,0,0,0,0,0,0,0,0
60601,0,1,0,0,0,0,0,0,0,0,0,0
60601,1,1,0,0,0,0,0,0,0,0,0,0
60602,0,1,39,39,39,39,39,39,39,39,39,39
60602,1,1,0,0,0,0,0,0,0,0,0,0
60603,1,1,0,0,0,0,0,0,0,0,0,0
60603,2,1,0,0,0,0,0,0,0,0,0,0
60604,1,1,17,17,17,17,17,17,17,17,17,17
60605,1,1,0,0,0,0,0,0,0,0,0,0
60605,2,1,0,0,0,0,0,0,0,0,0,0
60606,0,1,27,27,27,27,27,27,27,27,27,27
60606,1,1,11,8,9,17,0,14,17,14,8,6
60607,1,1,0,0,0,0,0,0,0,0,0,0
60608,1,1,0,0,0,0,0,0,0,0,0,0
60609,1,1,4,4,4,4,4,4,4,4,4,4
60610,1,1,27,27,27,27,27,27,27,27,27,27
60611,1,1,0,0,0,0,0,7,0,0,0,0
60611,2,1,0,17,0,0,0,0,17,0,0,0
60612,1,1,0,0,0,0,0,0,0,0,0,0
60612,2,1,0,0,0,0,0,0,0,0,0,0
60612,3,1,0,0,0,0,0,0,0,0,0,0
60612,4,1,0,0,0,0,0,0,0,0,0,0
60613,0,1,22,16,0,19,9,18,10,5,16,22
60613,1,1,14,14,14,14,14,14,14,14,14,14
60614,1,1,0,0,0,0,0,0,0,0,0,0
60615,0,1,0,0,0,0,0,0,0,0,0,0
60615,1,1,0,0,0,0,0,0,0,0,0,0
60616,0,1,0,0,0,0,0,0,0,0,0,0
60616,1,1,0,0,0,0,0,0,0,0,0,0
60617,0,1,0,10,0,21,0,0,13,0,0,0
60617,1,1,16,0,9,16,37,7,26,30,18,0
60618,1,1,0,0,0,0,0,0,0,0,0,0
60619,0,1,0,0,0,30,13,10,23,0,0,0
60619,1,1,0,0,0,0,0,0,0,0,0,0
60620,1,1,0,0,0,0,0,0,0,0,0,0
60621,1,1,0,0,0,0,0,0,0,0,0,0
60621,2,1,0,0,0,0,0,0,0,0,0,0
60622,0,1,25,34,0,0,0,28,0,8,0,0
60622,1,1,0,0,0,0,0,0,0,0,0,0
60623,1,1,15,17,9,21,14,0,14,20,32,10
60624,1,1,0,0,0,0,0,0,0,0,0,0
60624,2,1,22,22,22,22,22,22,22,22,22,22
60625,0,1,9,7,0,0,21,0,0,0,0,0
60625,1,1,19,19,19,19,19,19,19,19,19,19
60626,1,1,5,5,5,5,5,5,5,5,5,5
60626,2,1,0,0,0,0,0,0,0,0,0,0
60627,0,1,0,0,0,0,0,0,0,0,0,0
60627,1,1,0,0,0,0,0,0,0,0,0,0
60628,1,1,0,0,0,0,0,0,0,0,0,0
60628,2,1,0,0,15,0,4,12,0,0,0,0
60629,1,1,0,0,0,0,0,0,0,0,0,0
60630,0,1,0,0,0,0,0,0,0,0,0,0
60630,1,1,0,0,0,0,0,0,0,0,0,0
60631,0,1,0,0,0,16,0,0,0,0,0,0
60631,1,1,0,0,0,0,0,0,0,0,0,0
60632,1,1,0,0,0,0,0,0,0,0,0,0
60632,2,1,0,0,0,0,0,0,0,0,0,0
60633,0,1,0,0,0,0,0,0,0,0,0,0
60633,1,1,0,0,0,0,0,0,0,0,0,0
60634,0,1,0,0,0,0,0,0,0,0,0,0
60634,1,1,0,0,0,0,13,0,0,0,0,0
60635,1,1,23,23,23,23,23,23,23,23,23,23
60636,1,1,0,0,19,0,4,0,0,0,0,0
60636,2,1,0,0,0,0,0,9,0,0,0,0
60636,3,1,0,0,0,0,0,0,0,0,0,0
60636,4,1,0,0,0,0,0,0,0,0,0,0
60637,1,1,0,0,0,0,0,0,0,0,0,0
60638,0,1,5,5,5,5,5,5,5,5,5,5
60638,1,1,0,0,0,0,0,0,0,0,0,0
60639,1,1,0,0,0,0,18,0,0,0,0,0
60640,0,1,2,2,2,2,2,2,2,2,2,2
60640,1,1,18,0,0,0,24,0,0,0,17,0
60641,1,1,5,8,0,0,21,25,20,8,10,13
60641,2,1,0,0,0,0,15,0,0,0,0,0
60641,3,1,0,0,0,0,0,0,0,0,0,0
60642,0,1,0,35,31,0,0,12,0,20,0,9
60642,1,1,16,0,2,45,24,11,8,0,11,0
60643,1,1,20,20,20,20,20,20,20,20,20,20
60644,0,1,0,0,0,0,0,0,0,0,0,0
60644,1,1,0,25,0,0,0,0,10,0,0,0
60644,2,1,0,0,13,13,16,0,32,18,10,0
60645,0,1,8,0,0,43,0,0,0,21,0,0
60645,1,1,6,0,16,28,0,0,22,0,13,0
60646,0,1,0,21,14,0,0,14,0,0,0,0
60646,0,2,0,0,0,0,0,0,0,0,0,0
60646,1,1,0,0,0,0,0,0,0,0,0,0
60647,1,1,0,3,0,26,4,10,0,0,0,12
60648,1,1,16,0,0,13,0,0,15,0,0,0
60649,1,1,0,0,0,0,0,0,0,0,0,0
60649,2,1,0,0,0,0,0,0,0,0,0,0
60650,0,1,0,0,11,0,0,0,0,0,0,0
60650,1,1,14,19,4,0,0,12,0,18,0,11
60650,2,1,4,0,41,0,19,2,0,0,0,0
60650,3,1,17,29,11,14,0,0,0,17,15,0
60651,1,1,21,26,10,24,6,34,13,40,16,23
60652,1,1,0,0,0,0,0,0,0,0,0,0
60652,2,1,0,0,0,0,0,27,0,0,0,0
60653,1,1,12,12,12,12,12,12,12,12,12,12
60654,0,1,0,0,0,0,0,0,0,0,0,0
60654,1,1,0,19,0,0,9,0,0,0,2,0
60655,1,1,0,0,0,0,0,0,0,0,0,0
60656,1,1,30,30,30,30,30,30,30,30,30,30
60657,0,1,0,0,0,0,0,0,0,0,0,0
60657,1,1,0,0,0,0,0,0,0,0,0,0
60658,0,1,0,0,0,0,0,0,0,0,0,0
60658,1,1,0,0,0,0,0,0,0,0,0,0
60659,0,1,9,0,27,46,20,14,16,15,17,13
60659,1,1,0,0,0,0,0,0,0,0,0,0
60660,1,1,0,0,0,0,0,0,0,0,0,0
60661,1,1,0,0,0,0,0,0,12,24,15,0
60662,1,1,15,15,15,15,15,15,15,15,15,15
60662,2,1,0,0,0,0,0,0,0,0,0,0
60663,0,1,32,20,35,0,0,0,0,0,0,26
60663,1,1,0,0,0,0,0,0,0,0,0,0
60664,1,1,0,0,6,19,0,0,0,0,0,0
60665,1,1,3,3,3,3,3,3,3,3,3,3
60666,1,1,0,0,0,0,0,0,0,0,0,0
60666,2,1,0,0,0,0,0,0,0,0,0,0
60666,3,1,0,0,0,0,0,0,0,0,0,0
60667,1,1,0,0,0,0,0,0,0,0,0,0
60668,1,1,15,0,26,0,35,10,12,23,6,16
60669,1,1,0,0,0,0,0,0,0,0,0,0
60669,2,1,0,0,0,0,0,0,0,0,0,0
60670,1,1,16,16,16,16,16,16,16,16,16,16
60671,1,1,0,0,0,0,0,0,0,0,0,0
60672,1,1,0,0,0,0,0,0,0,0,0,0
60672,2,1,0,0,0,0,0,0,20,0,0,0
60672,3,1,0,0,0,0,0,6,11,0,0,0
60673,1,1,23,0,10,16,20,0,14,0,0,0
60674,1,1,0,0,0,0,0,0,11,0,0,0
60675,1,1,16,16,16,16,16,16,16,16,16,16
60676,1,1,26,26,26,26,26,26,26,26,26,26
60677,1,1,15,13,13,19,22,0,10,7,17,16
60678,0,1,20,0,0,24,21,0,14,26,30,0
60678,1,1,0,0,0,0,0,0,0,0,0,0
60679,1,1,0,0,0,0,0,0,0,0,0,0
60680,1,1,21,21,21,21,21,21,21,21,21,21
60681,1,1,18,0,0,0,19,0,0,0,21,0
60682,1,1,6,0,24,0,0,0,26,6,0,0
60683,1,1,0,0,11,8,0,21,25,0,0,23
60684,1,1,26,8,15,7,12,28,13,10,18,19
60685,1,1,0,0,0,0,0,0,0,0,0,0
60686,1,1,16,16,16,16,16,16,16,16,16,16
60687,1,1,0,0,0,0,0,0,0,0,0,0
60688,1,1,13,13,13,13,13,13,13,13,13,13
60689,1,1,16,16,16,16,16,16,16,16,16,16
60690,1,1,0,0,0,0,0,0,0,0,0,0
60691,1,1,0,0,15,0,22,0,0,0,0,0
60692,1,1,9,9,9,9,9,9,9,9,9,9
60693,1,1,0,0,0,0,0,0,0,0,0,0
60694,1,1,0,0,0,0,0,0,0,0,0,0
60695,1,1,28,28,28,28,28,28,28,28,28,28
60696,1,1,18,18,18,18,18,18,18,18,18,18
60697,1,1,0,0,0,0,0,0,0,0,0,0
60698,1,1,14,14,14,14,14,14,14,14,14,14
60699,1,1,7,18,23,28,9,17,33,10,22,20
60700,1,1,0,0,0,0,0,0,0,0,0,0
60701,1,1,0,0,0,0,19,0,0,0,0,12
60702,1,1,0,0,0,0,0,0,0,0,0,0
60703,1,1,0,0,0,0,0,0,0,0,0,0
60704,1,1,24,24,24,24,24,24,24,24,24,24
60705,1,1,12,12,12,12,12,12,12,12,12,12
60706,1,1,0,0,0,0,0,0,0,0,0,0
60707,1,1,0,0,0,0,0,0,0,0,0,0
60708,1,1,0,0,0,0,0,0,0,0,0,0
60709,1,1,24,24,24,24,24,24,24,24,24,24
60710,0,1,0,10,0,0,9,0,0,25,0,0
60710,1,1,0,0,0,0,0,0,0,0,0,0
60710,2,1,0,0,14,0,0,0,0,0,0,0
60711,1,1,0,0,0,0,0,0,0,0,0,0
60712,1,1,11,11,11,11,11,11,11,11,11,11
60713,1,1,31,31,31,31,31,31,31,31,31,31
60714,1,1,0,0,0,0,0,0,0,0,0,0
60715,1,1,0,0,0,0,0,0,0,0,0,0
60715,2,1,0,0,0,0,0,0,0,0,0,0
60716,1,1,7,18,19,11,7,17,29,22,15,24
60717,1,1,9,9,9,9,9,9,9,9,9,9
60718,0,1,9,19,0,12,32,0,0,0,17,6
60718,1,1,0,0,14,0,12,0,0,0,0,0
60719,1,1,0,0,0,0,0,0,0,0,0,0
60720,1,1,0,0,0,0,0,0,0,0,0,0
60721,1,1,0,0,0,0,18,0,0,0,0,0
60722,1,1,16,0,19,7,9,14,0,0,0,0
60723,1,1,16,16,16,16,16,16,16,16,16,16
60723,2,1,0,0,0,0,0,0,0,0,0,0
60724,1,1,0,0,0,0,0,0,0,0,0,0
60725,1,1,19,19,19,19,19,19,19,19,19,19
60726,1,1,9,0,12,0,0,21,0,0,0,16
60727,1,1,0,0,0,0,0,0,0,0,0,0
60728,2,1,0,0,0,9,0,0,0,0,0,0
60728,3,1,0,0,0,0,0,0,0,0,0,0
60729,1,1,0,0,0,0,0,0,0,0,0,0
60730,1,1,0,0,0,0,0,0,0,0,0,0
60731,1,1,20,20,20,20,20,20,20,20,20,20
60732,1,1,2,2,2,2,2,2,2,2,2,2
60733,1,1,16,16,16,16,16,16,16,16,16,16
60734,1,1,2,2,2,2,2,2,2,2,2,2
60735,1,1,15,15,15,15,15,15,15,15,15,15
60736,1,1,13,60,12,11,0,9,13,12,16,22
60737,1,1,8,14,24,0,20,23,26,7,9,4
60738,1,1,12,12,12,12,12,12,12,12,12,12
60739,1,1,0,0,0,0,0,0,0,0,0,0
60739,2,1,0,0,0,0,0,0,0,0,0,0
60739,3,1,0,9,0,0,0,0,0,0,0,0
60740,1,1,23,11,22,26,39,25,5,17,30,11
60741,1,1,0,0,0,0,0,0,0,0,0,0
60742,1,1,14,14,14,14,14,14,14,14,14,14
60743,1,1,0,0,0,0,0,0,0,0,14,0
60744,1,1,0,21,0,28,0,0,0,0,0,5
60745,1,1,0,0,0,0,0,0,0,0,30,9
60746,1,1,17,17,17,17,17,17,17,17,17,17
60747,1,1,0,0,0,0,0,0,0,0,0,0
60748,1,1,0,0,0,37,19,25,0,18,31,0
60749,1,1,0,0,0,0,0,24,0,0,0,0
60749,2,1,0,0,0,0,20,0,0,0,0,0
60749,3,1,0,0,0,0,0,0,0,0,0,0
60749,4,1,0,0,0,0,0,0,0,0,0,0
60750,1,1,8,3,0,0,22,0,11,31,0,11
60751,1,1,0,0,0,0,0,0,0,0,0,0
60752,1,1,29,29,29,29,29,29,29,29,29,29
60753,0,1,0,0,0,0,0,0,0,0,0,0
60753,1,1,0,0,0,0,0,0,0,0,0,0
60754,1,1,0,0,0,0,0,0,38,0,7,0
60755,1,1,0,0,0,0,0,0,0,0,0,0
60756,1,1,0,0,0,0,0,16,0,0,21,0
60757,1,1,0,23,20,0,0,22,0,0,0,12
60758,1,1,17,17,17,17,17,17,17,17,17,17
60759,1,1,0,0,0,0,0,0,0,0,0,0
60760,1,1,18,18,18,18,18,18,18,18,18,18
60761,1,1,0,0,0,0,0,0,0,0,0,0
60762,1,1,7,7,7,7,7,7,7,7,7,7
60763,1,1,19,12,14,39,16,27,21,25,7,17
60764,1,1,0,16,18,0,9,0,27,19,13,0
60765,1,1,0,0,0,0,0,0,0,0,0,0
60766,1,1,26,0,0,0,8,0,0,0,0,0
60767,1,1,0,0,0,0,0,0,0,0,0,0
60768,1,1,0,0,0,0,0,0,0,0,0,0
60769,1,1,0,0,0,0,0,0,0,0,0,0
60770,1,1,12,12,12,12,12,12,12,12,12,12
60771,0,1,0,0,0,0,0,0,0,0,21,0
60771,1,1,0,30,0,0,0,0,0,0,0,0
60772,1,1,6,0,0,0,0,16,0,0,0,0
60773,1,1,16,16,16,16,16,16,16,16,16,16
60774,1,1,0,27,0,19,25,8,14,15,9,0
60774,2,1,0,0,0,0,0,0,0,0,0,0
60774,3,1,0,0,0,0,0,0,0,0,0,0
60775,1,1,17,26,15,0,0,18,8,0,0,0
60776,0,1,0,0,0,0,0,0,0,0,0,0
60776,1,1,0,0,0,0,0,0,0,0,0,0
60777,1,1,0,0,0,0,0,0,0,0,0,0
60777,2,1,0,0,0,0,0,0,0,0,0,0
60778,1,1,53,53,53,53,53,53,53,53,53,53
60779,1,1,0,0,0,0,0,0,0,0,0,0
60780,1,1,18,18,18,18,18,18,18,18,18,18
60781,1,1,0,0,0,0,0,0,0,0,0,0
60781,2,1,0,0,0,0,0,0,0,0,0,0
60781,3,1,10,0,0,19,0,0,0,0,0,0
60782,1,1,0,0,0,0,0,0,0,0,0,0
60783,0,1,0,0,0,0,0,0,0,0,0,0
60783,0,2,0,0,0,0,0,29,0,0,0,0
60783,1,1,0,0,0,12,0,0,0,0,0,0
60784,1,1,0,0,0,0,0,21,0,0,6,0
60785,0,1,0,0,0,0,0,0,0,0,0,0
60785,1,1,0,25,0,0,0,0,20,0,0,0
60786,1,1,17,17,17,17,17,17,17,17,17,17
60786,2,1,0,0,0,0,0,0,0,0,0,0
60787,0,1,30,21,20,0,0,11,17,0,31,0
60787,1,1,0,0,0,0,9,7,0,0,11,22
60788,1,1,0,0,0,0,0,0,0,0,0,0
60789,1,1,10,10,10,10,10,10,10,10,10,10
60789,2,1,14,0,0,0,0,0,0,0,0,0
60790,0,1,0,0,0,0,0,0,0,0,0,0
60790,1,1,0,0,0,0,0,0,0,0,0,0
60791,1,1,0,0,0,0,0,0,0,0,0,0
60792,1,1,17,17,17,17,17,17,17,17,17,17
60793,0,1,0,0,0,0,0,0,0,0,0,0
60793,1,1,0,0,0,0,0,0,0,0,0,0
60794,1,1,0,0,0,0,0,0,0,0,0,0
60795,0,1,1,1,1,1,1,1,1,1,1,1
60795,1,1,0,41,0,0,6,0,0,0,0,0
60795,2,1,0,11,0,17,0,23,0,0,0,14
60796,1,1,14,14,14,14,14,14,14,14,14,14
60797,0,1,0,0,21,0,0,0,0,0,0,0
60797,0,2,0,0,0,0,0,0,0,0,0,0
60797,1,1,0,0,0,0,0,0,0,0,0,0
60798,1,1,0,0,0,0,0,0,0,0,0,0
60799,1,1,20,20,20,20,20,20,20,20,20,20
60800,1,1,0,0,0,11,0,0,0,0,24,0
60801,0,1,0,0,0,0,0,0,0,0,0,0
60801,1,1,13,13,13,13,13,13,13,13,13,13
60802,1,1,0,0,0,0,0,0,0,0,0,0
60803,0,1,0,0,27,0,0,0,0,0,0,0
60803,1,1,0,0,0,0,0,0,0,0,0,0
60804,1,1,0,0,0,0,0,0,0,0,0,0
60805,1,1,0,0,0,0,0,0,0,0,0,0
60805,2,1,0,0,0,0,0,0,0,0,0,0
60805,3,1,0,0,0,0,0,0,0,0,0,0
60806,1,1,0,0,0,0,0,0,0,0,0,0
60806,2,1,0,0,0,0,0,0,0,0,0,0
60807,1,1,0,0,0,0,0,0,0,0,0,0
60807,2,1,0,0,0,0,0,0,0,1,0,0
60807,3,1,0,0,0,0,0,0,0,0,0,0
60808,1,1,18,18,18,18,18,18,18,18,18,18
60809,1,1,0,0,0,0,0,0,0,0,0,0
60810,1,1,21,0,0,0,0,0,0,0,0,0
60810,2,1,0,0,0,0,0,0,0,0,0,0
60811,0,1,0,0,0,0,0,0,0,0,0,0
60811,1,1,0,0,13,0,0,0,0,0,0,0
60812,1,1,13,25,12,19,13,19,21,12,22,13
60812,2,1,14,20,8,11,17,22,17,22,10,20
60813,1,1,0,0,0,0,0,19,0,0,0,0
60813,2,1,0,37,4,0,0,24,10,23,14,0
60814,1,1,0,0,0,0,0,0,0,0,0,0
60815,1,1,0,0,0,0,0,0,0,0,0,0
60815,2,1,0,0,0,0,0,0,0,0,0,0
60815,3,1,0,0,0,0,0,0,0,0,0,0
60816,0,1,0,0,3,32,39,26,0,0,8,0
60816,1,1,0,10,0,0,7,0,0,0,0,0
60817,0,1,16,16,16,16,16,16,16,16,16,16
60817,1,1,0,0,37,0,0,0,0,0,0,0
60818,1,1,0,0,0,0,0,0,0,0,0,0
60819,1,1,0,0,0,0,0,0,0,0,0,0
60820,0,1,16,16,16,16,16,16,16,16,16,16
60820,1,1,0,0,0,0,0,0,0,0,0,0
60821,1,1,19,19,19,19,19,19,19,19,19,19
60821,2,1,0,18,0,9,0,15,0,0,26,0
60822,1,1,0,15,0,12,20,15,0,0,0,0
60823,0,1,0,21,10,0,0,8,0,0,13,0
60823,1,1,0,0,0,0,0,0,0,0,0,0
60824,1,1,0,0,0,0,0,0,0,0,0,0
60824,2,1,0,0,0,0,0,0,0,0,0,0
60825,0,1,9,9,9,9,9,9,9,9,9,9
60825,1,1,0,0,15,7,4,40,0,0,25,12
60826,0,1,0,0,0,0,0,0,0,0,0,0
60826,1,1,8,0,0,0,0,0,0,0,0,0
60827,1,1,0,0,0,0,0,0,0,0,0,0
60827,2,1,0,0,0,0,0,12,0,0,0,24
60828,1,1,0,0,0,0,0,0,0,0,0,0
60828,2,1,0,0,0,0,0,0,0,0,0,0
60828,3,1,0,0,0,0,0,0,0,0,0,23
60829,1,1,0,0,0,0,0,0,0,0,0,0
60829,2,1,16,0,0,0,0,0,0,0,0,0
60830,1,1,0,34,0,0,0,10,28,0,0,0
60831,0,1,35,35,35,35,35,35,35,35,35,35
60831,1,1,0,0,0,0,0,0,0,0,0,0
60832,0,1,18,18,18,18,18,18,18,18,18,18
60832,1,1,0,0,13,0,0,0,0,0,15,0
60833,1,1,0,0,11,0,0,0,0,0,0,0
60834,1,1,0,0,0,0,0,0,0,0,0,0
60834,2,1,19,19,19,19,19,19,19,19,19,19
60835,1,1,0,21,0,0,0,0,14,0,0,0
60836,0,1,0,0,0,0,0,0,0,0,0,0
60836,1,1,24,24,24,24,24,24,24,24,24,24
60837,1,1,12,12,12,12,12,12,12,12,12,12
60837,2,1,0,0,0,0,0,0,0,0,0,0
60838,1,1,0,0,0,0,0,0,0,0,0,0
60838,2,1,0,0,0,0,0,0,0,0,13,0
60838,3,1,0,0,0,0,0,0,0,0,0,0
60839,1,1,0,0,0,0,0,0,0,0,0,0
60839,2,1,0,0,0,0,0,0,0,0,0,0