ST_CASE,VEH_NO,PER_NO,P1,P2,P3,P4,P5,P6,P7,P8,P9,P10
61619,1,1,23,19,0,34,0,14,12,14,0,0
61619,2,1,0,0,0,0,0,0,0,0,0,0
61620,1,1,0,0,0,0,0,0,0,0,0,0
61620,2,1,0,0,0,0,0,0,0,0,0,0
61620,3,1,0,0,0,0,0,0,0,0,0,0
61621,1,1,0,0,0,0,0,0,0,0,0,0
61621,2,1,18,0,9,0,9,0,22,3,0,0
61622,1,1,28,28,28,28,28,28,28,28,28,28
61622,2,1,0,0,0,0,0,0,0,0,0,0
61623,0,1,0,0,0,0,0,0,0,0,0,0
61623,1,1,0,0,0,0,0,0,0,0,0,0
61624,0,1,0,0,0,0,0,0,23,0,12,0
61624,1,1,20,20,20,20,20,20,20,20,20,20
61625,1,1,30,0,0,0,0,0,0,16,0,0
61626,1,1,13,12,27,21,12,0,28,0,20,37
61627,1,1,0,0,0,0,0,0,0,0,0,0
61627,2,1,0,0,0,0,0,0,0,0,0,6
61628,1,1,11,8,29,33,18,13,13,3,18,13
61629,1,1,9,16,0,11,9,5,23,26,6,16
61630,0,1,0,0,0,0,0,0,0,0,0,0
61630,1,1,0,0,0,0,0,0,0,0,0,0
61631,1,1,0,0,0,0,22,0,0,0,0,0
61631,2,1,0,0,0,0,0,0,0,0,0,0
61632,1,1,0,0,0,0,0,0,0,0,0,0
61632,2,1,0,0,0,0,0,0,0,0,0,0
61633,0,1,0,0,0,16,8,18,21,31,16,0
61633,1,1,0,0,0,0,0,0,0,0,0,0
61634,1,1,0,0,0,0,0,0,0,0,0,10
61634,2,1,0,0,0,0,0,0,0,0,0,0
61635,0,1,0,0,26,0,0,0,24,0,21,0
61635,1,1,0,0,0,0,0,13,0,0,0,0
61636,0,1,0,0,0,0,0,0,0,0,0,0
61636,1,1,0,0,0,0,0,22,0,0,0,0
61637,0,1,17,17,17,17,17,17,17,17,17,17
61637,1,1,0,0,0,0,0,0,0,0,0,0
61637,2,1,41,21,16,12,2,27,8,5,0,0
61638,1,1,32,32,32,32,32,32,32,32,32,32
61638,2,1,0,0,0,0,0,0,0,0,0,0
61639,1,1,15,15,15,15,15,15,15,15,15,15
61639,2,1,0,0,0,0,0,0,0,0,0,0
61639,3,1,0,0,0,0,0,0,0,0,0,2
61640,1,1,0,0,0,0,0,0,0,0,0,0
61641,1,1,8,8,8,8,8,8,8,8,8,8
61641,2,1,0,0,0,0,0,0,0,0,0,0
61641,3,1,0,0,0,0,0,0,0,0,0,21
61642,0,1,0,0,0,0,0,0,0,11,0,0
61642,1,1,0,0,0,0,0,0,0,0,0,0
61643,0,1,0,0,0,0,0,0,0,0,11,7
61643,1,1,0,0,0,0,0,0,0,0,0,0
61644,1,1,13,9,11,0,0,0,22,0,0,0
61644,2,1,12,0,0,0,0,0,12,0,0,0
61645,1,1,0,0,0,0,0,0,0,0,0,0
61645,2,1,0,0,0,0,0,0,0,0,0,0
61645,3,1,0,0,0,0,0,0,0,0,0,0
61646,0,1,0,0,32,0,0,0,0,0,0,0
61646,1,1,0,0,12,0,0,0,0,0,0,0
61647,1,1,14,0,0,14,0,0,0,0,0,0
61647,2,1,0,0,0,0,0,0,0,0,0,0
61648,1,1,15,12,19,13,27,9,9,0,18,21
61649,0,1,0,0,0,14,17,38,10,0,13,0
61649,1,1,0,0,0,0,0,0,0,0,0,0
61649,2,1,0,0,0,24,0,0,0,0,0,0
61649,3,1,0,0,6,0,0,0,0,0,0,0
61649,4,1,0,0,17,0,0,0,3,0,14,0
61650,1,1,0,0,0,0,0,0,0,0,0,0
61650,2,1,0,0,0,0,0,0,0,0,0,0
61651,1,1,19,19,19,19,19,19,19,19,19,19
61652,0,1,0,0,0,0,0,0,0,14,0,0
61652,1,1,15,0,0,0,0,0,0,0,0,0
61653,0,1,0,0,0,0,0,0,0,0,20,0
61653,1,1,0,0,0,0,0,0,0,0,0,0
61654,1,1,0,0,0,15,0,0,0,0,0,15
61655,1,1,0,0,0,0,0,0,0,0,0,0
61656,1,1,0,0,0,0,0,0,0,0,0,0
61656,2,1,0,0,0,0,0,0,0,0,0,0
61657,1,1,0,0,0,0,0,0,0,0,0,0
61658,1,1,11,9,0,0,0,6,0,0,6,0
61659,1,1,0,0,0,0,0,0,0,0,0,0
61660,1,1,0,0,0,0,0,0,0,0,0,0
61660,2,1,0,0,0,0,0,0,0,0,0,0
61661,1,1,0,0,0,0,0,0,23,0,0,0
61661,2,1,0,0,0,0,0,0,0,0,0,0
61661,3,1,0,0,0,0,0,0,0,8,0,0
61661,4,1,0,0,0,0,0,0,0,0,0,0
61662,1,1,16,10,7,14,20,14,9,20,24,30
61663,1,1,9,10,0,15,15,20,14,3,7,14
61663,2,1,13,13,13,13,13,13,13,13,13,13
61664,0,1,0,0,0,0,25,15,0,0,0,0
61664,0,2,6,0,0,23,0,2,26,32,17,0
61664,1,1,0,0,0,0,0,0,0,0,0,0
61665,0,1,0,0,0,0,0,0,0,27,0,0
61665,1,1,0,0,0,8,5,0,7,0,0,0
61666,0,1,0,0,0,0,0,0,0,0,0,0
61666,1,1,0,0,0,0,0,0,0,0,0,0
61667,0,1,22,22,22,22,22,22,22,22,22,22
61667,1,1,0,0,0,0,0,0,0,0,0,0
61668,0,1,0,19,20,0,21,0,0,0,0,0
61668,1,1,0,0,0,0,0,0,0,0,0,0
61669,1,1,0,19,0,0,0,0,0,0,0,0
61669,2,1,0,0,0,0,8,0,0,0,0,0
61670,1,1,0,0,0,0,0,0,0,0,0,0
61670,2,1,0,0,0,9,0,0,0,0,0,0
61670,3,1,0,6,0,0,0,0,0,0,0,0
61671,0,1,0,0,0,0,26,0,0,0,0,7
61671,1,1,0,0,0,0,0,0,0,0,0,0
61672,0,1,0,0,0,0,0,0,0,0,0,0
61672,1,1,0,0,0,0,0,0,0,0,0,0
61672,2,1,0,0,0,0,0,0,0,0,0,0
61673,1,1,8,29,0,18,0,25,0,22,0,0
61674,0,1,0,0,0,0,0,0,0,0,0,0
61674,1,1,0,0,27,0,27,11,0,18,13,35
61675,1,1,0,0,0,0,0,0,0,0,0,0
61675,2,1,0,0,0,0,0,0,0,0,0,0
61676,0,1,0,0,0,0,0,0,0,0,0,0
61676,1,1,0,0,0,0,8,11,0,0,0,0
61677,1,1,0,0,0,0,0,0,0,0,0,0
61677,2,1,0,0,0,0,0,0,0,0,0,0
61678,1,1,0,0,11,0,0,0,0,0,0,0
61678,2,1,0,0,0,0,0,0,0,0,0,0
61679,1,2,0,15,9,0,44,10,0,8,8,0
61680,1,1,29,12,30,11,16,19,9,18,29,22
61681,1,1,0,0,0,0,0,0,0,0,0,0
61681,2,1,0,0,0,0,25,0,0,0,0,0
61682,1,1,8,8,8,8,8,8,8,8,8,8
61683,0,1,0,0,0,0,0,0,0,0,0,0
61683,1,1,0,0,0,0,0,0,0,0,0,0
61684,1,1,9,9,9,9,9,9,9,9,9,9
61685,0,1,14,35,10,18,36,39,23,30,17,10
61685,1,1,0,0,0,0,0,0,0,8,0,0
61686,1,1,0,0,0,0,0,0,0,0,0,0
61686,2,1,17,0,0,0,0,0,0,0,0,0
61687,1,1,0,0,0,0,0,0,0,0,0,0
61688,0,1,0,0,0,0,0,0,0,0,0,0
61688,0,2,28,0,0,29,15,23,0,0,0,0
61688,1,1,8,8,8,8,8,8,8,8,8,8
61689,0,1,25,27,19,30,0,14,0,0,8,26
61689,1,1,0,0,0,0,0,0,0,0,0,0
61690,0,1,0,0,0,0,0,0,0,0,0,0
61690,1,1,0,0,0,0,0,0,0,0,0,0
61690,2,1,0,0,0,0,0,0,0,0,0,0
61691,1,1,0,0,0,0,0,0,0,0,0,0
61691,2,1,0,0,0,0,0,0,0,0,0,0
61691,3,1,0,0,0,0,0,0,0,0,0,0
61692,0,1,0,0,33,0,0,8,0,0,16,0
61692,1,1,0,0,0,0,0,0,0,0,0,0
61693,0,1,0,0,0,0,0,0,0,0,0,0
61693,1,1,0,0,12,0,0,0,11,0,0,0
61694,1,1,0,0,0,0,0,0,0,7,0,0
61694,2,1,0,0,0,0,0,0,0,0,0,0
61694,3,1,0,0,0,0,0,0,0,0,0,0
61694,4,1,0,0,0,0,0,0,0,0,0,0
61695,1,1,0,0,0,0,0,0,0,0,0,0
61695,2,1,0,0,0,0,0,0,0,0,0,0
61695,3,1,0,0,0,0,0,0,0,0,0,0
61696,1,1,0,0,0,0,0,0,0,0,0,0
61696,2,1,0,0,0,0,0,0,0,0,0,0
61697,0,1,0,0,0,0,0,23,0,0,0,0
61697,1,1,4,17,8,18,13,6,18,20,0,9
61698,0,1,0,0,0,0,0,0,0,0,0,0
61698,1,1,0,0,0,0,0,0,0,0,0,0
61699,1,1,11,11,11,11,11,11,11,11,11,11
61699,2,1,0,0,0,0,0,0,0,0,0,0
61700,1,1,0,0,0,0,0,0,0,0,0,0
61700,2,1,0,0,0,0,0,0,0,0,0,0
61701,1,1,29,0,0,0,9,0,21,23,0,0
61701,2,1,0,0,0,0,0,0,0,0,0,0
61702,1,1,19,11,20,0,0,0,0,0,20,0
61703,1,1,0,24,0,0,0,0,0,0,0,0
61703,2,1,0,0,0,0,0,0,0,0,0,0
61704,1,1,0,0,0,0,0,0,0,0,0,0
61704,2,1,0,0,0,0,0,0,0,0,0,0
61705,1,1,0,0,0,0,23,0,0,12,0,0
61706,1,1,0,0,0,0,0,0,0,0,0,0
61706,2,1,0,0,0,0,0,0,0,0,0,0
61707,0,1,14,0,17,0,0,0,0,0,0,0
61707,1,1,0,0,0,0,0,0,0,0,0,0
61708,1,1,0,0,0,0,0,0,0,0,0,0
61709,1,1,16,15,17,0,0,0,6,0,0,0
61709,2,1,0,8,0,0,8,15,0,0,0,14
61710,1,1,0,8,11,0,0,0,0,0,0,0
61710,2,1,0,0,0,0,0,0,0,0,0,0
61711,1,1,23,23,23,23,23,23,23,23,23,23
61712,1,1,8,8,8,8,8,8,8,8,8,8
61712,2,1,0,7,0,5,0,0,0,0,0,0
61713,1,1,0,0,0,0,0,0,0,0,0,0
61713,2,1,0,0,0,0,0,0,0,0,0,0
61714,1,1,11,11,11,11,11,11,11,11,11,11
61714,2,1,0,0,0,0,16,0,0,0,0,0
61715,1,1,14,14,14,14,14,14,14,14,14,14
61715,2,1,0,13,0,0,0,20,0,0,0,11
61716,1,1,0,0,0,0,0,0,0,0,0,0
61716,2,1,0,0,0,0,0,0,0,0,0,0
61716,3,1,0,0,0,0,0,0,0,0,0,0
61717,0,1,0,35,11,0,10,0,0,0,0,22
61717,1,1,0,0,0,0,0,0,0,0,0,0
61718,1,1,0,0,0,0,0,0,0,0,0,0
61718,2,1,0,0,0,0,0,0,0,0,0,0
61719,1,1,2,0,0,0,0,0,0,0,0,0
61719,2,1,0,0,0,0,0,0,0,0,0,0
61719,3,1,0,0,0,0,0,0,0,0,0,47
61719,4,1,0,0,0,0,0,0,0,0,0,0
61720,1,1,7,0,17,11,11,0,0,6,37,26
61721,0,1,13,13,13,13,13,13,13,13,13,13
61721,1,1,0,0,0,0,0,0,0,0,0,0
61722,1,1,25,25,25,25,25,25,25,25,25,25
61722,2,1,0,0,0,0,0,0,0,0,0,0
61722,3,1,0,0,0,0,0,0,0,0,0,0
61723,1,1,0,0,0,0,0,0,0,0,0,0
61723,2,1,0,0,0,0,0,0,0,0,0,0
61723,3,1,0,0,0,0,0,25,0,0,0,0
61724,1,1,0,0,0,0,0,0,0,0,0,0
61724,2,1,0,0,0,0,0,0,0,0,0,0
61725,1,1,26,26,26,26,26,26,26,26,26,26
61725,2,1,0,0,0,0,0,0,0,0,0,0
61726,1,1,18,0,28,19,14,12,0,17,9,7
61727,1,1,20,20,20,20,20,20,20,20,20,20
61727,2,1,0,0,0,0,0,0,0,0,0,0
61728,1,1,0,0,0,0,0,0,0,0,0,0
61728,2,1,0,0,0,0,0,0,0,0,0,0
61729,1,1,23,14,18,17,20,16,26,22,8,10
61729,2,1,0,0,0,0,0,0,0,0,0,0
61730,1,1,0,0,0,0,0,10,0,0,0,0
61730,2,1,0,0,0,0,0,0,0,0,0,0
61731,1,1,10,10,10,10,10,10,10,10,10,10
61732,1,1,0,29,41,23,8,7,0,9,0,0
61733,1,1,0,0,0,0,0,0,0,0,0,0
61734,1,1,0,0,0,0,0,0,0,0,0,0
61735,1,1,0,0,0,0,0,0,0,0,0,0
61736,1,1,9,12,7,0,0,3,0,23,0,0
61737,0,1,0,0,0,0,0,0,4,0,0,0
61737,1,1,0,0,0,0,0,0,0,0,0,0
61738,0,1,19,17,0,17,0,27,13,36,10,0
61738,1,1,0,26,0,0,0,0,0,0,0,0
61739,1,1,0,0,0,0,14,0,0,0,0,0
61740,1,1,9,9,9,9,9,9,9,9,9,9
61741,0,1,0,0,0,0,0,0,0,0,0,0
61741,1,1,0,0,0,0,0,0,0,0,0,0
61742,1,1,0,0,0,0,0,0,0,0,0,0
61742,2,1,0,0,0,0,0,0,0,0,0,0
61744,1,1,0,0,0,0,0,0,0,0,0,0
61744,2,1,0,0,0,0,0,0,0,0,0,0
61745,1,1,19,19,19,19,19,19,19,19,19,19
61745,2,1,0,0,0,0,0,0,0,0,0,6
61746,1,1,4,0,0,0,0,0,0,0,0,0
61746,2,1,0,0,0,0,26,0,6,0,0,34
61747,1,1,0,0,0,0,0,0,23,0,0,0
61747,2,1,0,24,0,22,0,0,20,0,22,0
61748,1,1,0,0,0,0,0,0,0,0,0,0
61748,2,1,0,0,0,0,0,0,0,0,0,0
61749,1,1,16,16,16,16,16,16,16,16,16,16
61750,1,1,0,0,0,0,0,0,0,0,0,18
61751,1,1,17,16,28,9,8,0,0,12,0,0
61752,1,1,21,21,21,21,21,21,21,21,21,21
61753,1,1,10,0,0,0,0,0,0,0,0,0
61754,0,1,0,0,0,0,0,0,0,0,0,0
61754,1,1,0,0,0,0,0,0,0,0,0,0
61755,1,1,14,14,14,14,14,14,14,14,14,14
61755,2,1,0,0,0,0,0,0,0,0,0,0
61756,1,1,0,0,0,0,0,0,0,0,0,0
61756,2,1,0,0,10,0,0,0,13,0,0,0
61757,1,1,0,0,0,0,0,0,0,0,0,0
61757,2,1,0,0,0,0,0,0,0,0,0,0
61757,3,1,0,0,0,0,0,0,0,0,0,0
61757,4,1,0,0,0,0,0,0,0,0,0,0
61757,5,1,0,0,0,0,0,0,0,0,0,0
61757,6,1,0,0,10,0,0,0,0,0,0,0
61757,7,1,0,0,0,0,0,0,0,0,0,0
61757,8,1,0,0,0,0,0,0,0,0,0,0
61758,1,1,0,0,0,0,0,0,0,0,0,0
61759,1,1,17,17,17,17,17,17,17,17,17,17
61759,2,1,0,10,0,6,17,0,0,0,11,0
61760,1,1,0,0,0,0,0,9,0,0,0,30
61760,2,1,0,0,0,0,0,0,0,28,0,0
61761,1,1,0,0,0,0,0,0,0,0,0,0
61762,1,1,0,0,0,18,0,0,0,0,0,0
61762,2,1,0,0,0,0,0,0,0,0,0,0
61763,1,1,16,5,21,19,13,15,10,9,6,23
61763,2,1,14,23,11,28,13,12,21,3,11,18
61763,3,1,0,0,8,0,0,36,0,0,13,17
61763,4,1,9,0,0,4,0,0,17,0,0,0
61764,0,1,23,23,23,23,23,23,23,23,23,23
61764,1,1,7,7,7,7,7,7,7,7,7,7
61765,1,1,0,0,0,0,0,0,0,0,0,0
61765,2,1,0,0,0,0,0,0,0,0,0,0
61766,1,1,0,0,0,0,0,0,0,0,0,0
61767,1,1,0,0,0,0,0,0,0,0,0,0
61767,2,1,0,0,0,0,0,0,0,0,0,0
61768,1,1,17,17,17,17,17,17,17,17,17,17
61768,2,1,0,18,0,0,0,18,0,0,0,0
61769,1,1,10,29,0,14,0,0,17,14,9,17
61770,1,1,22,0,0,11,0,0,0,0,0,25
61771,1,1,5,21,19,34,19,15,10,16,4,11
61772,1,1,12,12,12,12,12,12,12,12,12,12
61773,1,1,7,7,7,7,7,7,7,7,7,7
61774,1,1,33,33,33,33,33,33,33,33,33,33
61774,2,1,0,0,0,0,0,0,0,0,0,0
61774,3,1,0,0,0,0,0,0,0,0,0,0
61774,4,1,0,0,0,0,0,0,0,0,0,0
61775,1,1,0,0,0,23,0,0,0,0,0,0
61776,1,1,3,13,0,0,0,0,0,0,0,0
61776,2,1,0,0,0,0,0,18,0,0,0,0
61777,1,1,19,19,19,19,19,19,19,19,19,19
61777,2,1,0,0,0,0,0,0,0,0,0,0
61778,1,1,0,0,0,0,0,0,0,0,0,0
61778,2,1,0,0,0,0,0,0,0,0,0,0
61779,1,1,0,0,0,0,0,0,0,0,0,0
61779,2,1,0,0,0,0,0,0,0,0,30,0
61780,1,1,0,0,30,0,0,13,0,19,0,11
61780,2,1,0,0,9,0,0,0,0,0,0,0
61781,1,1,0,0,0,0,0,0,0,0,0,0
61781,2,1,0,0,0,0,0,38,0,0,0,0
61782,1,1,0,0,0,0,0,0,0,0,0,2
61782,2,1,0,0,0,0,0,0,0,0,0,0
61783,1,1,0,0,0,0,0,0,0,0,0,0
61783,2,1,0,0,0,0,0,0,0,0,0,0
61784,0,1,0,0,8,0,0,0,38,12,22,26
61784,1,1,0,0,0,0,6,0,0,0,0,0
61784,2,1,0,0,0,0,0,0,0,0,0,0
61785,1,1,2,2,2,2,2,2,2,2,2,2
61785,2,1,0,0,0,0,0,0,0,0,0,0
61786,1,1,0,0,0,0,0,0,0,0,0,0
61786,2,1,0,14,0,0,0,0,0,0,0,4
61786,3,1,0,0,0,9,0,0,0,0,8,0
61786,4,1,0,0,0,0,0,0,0,0,0,0
61787,1,1,0,0,0,0,0,0,0,0,0,0
61787,2,1,0,0,0,0,0,0,0,0,0,0
61788,1,1,23,15,0,0,0,18,16,19,29,12
61789,1,1,0,0,0,0,0,0,0,0,0,0
61789,2,1,21,21,21,21,21,21,21,21,21,21
61790,0,1,0,0,0,0,0,0,34,0,0,0
61790,1,1,0,0,0,0,29,0,0,0,0,0
61791,1,1,0,0,0,0,0,0,0,0,0,0
61791,2,1,0,0,0,0,0,0,0,0,0,0
61792,1,1,0,0,0,0,0,0,0,0,0,0
61793,1,1,10,10,10,10,10,10,10,10,10,10
61794,1,1,0,9,19,12,9,31,16,21,18,28
61795,0,1,0,0,0,0,0,0,0,0,0,0
61795,1,1,0,0,0,0,0,8,0,0,0,0
61795,2,1,0,0,0,0,0,0,0,0,0,0
61795,3,1,0,0,0,11,0,0,0,0,0,4
61795,4,1,22,0,0,0,0,0,0,0,39,0
61795,5,1,0,0,0,0,2,0,0,0,0,0
61796,1,1,0,0,0,0,0,0,0,0,0,0
61797,1,1,0,0,0,0,0,0,0,0,0,0
61798,0,1,0,0,0,0,0,0,0,0,0,0
61798,1,1,0,0,0,0,0,0,0,0,0,0
61799,1,1,0,0,0,0,0,0,0,0,0,0
61799,2,1,0,0,0,0,0,0,0,0,0,10
61799,3,1,7,0,0,0,0,0,0,0,0,0
61800,1,1,0,0,0,0,0,0,0,0,0,0
61800,2,1,0,0,0,0,0,0,0,0,0,28
61800,3,1,0,0,0,0,0,0,0,0,0,0
61801,1,1,0,0,0,17,0,0,0,0,0,0
61801,2,1,0,0,0,0,0,0,0,0,0,0
61801,3,1,0,0,0,0,0,0,0,0,0,0
61802,1,1,0,15,0,0,0,18,0,13,28,35
61802,2,1,0,0,0,0,0,0,0,0,0,0
61803,1,1,18,18,18,18,18,18,18,18,18,18
61803,2,1,8,4,32,19,0,8,19,0,14,12
61804,1,1,0,0,0,0,0,0,0,0,0,0
61805,1,1,13,13,13,13,13,13,13,13,13,13
61805,2,1,0,14,0,0,0,0,0,14,0,0
61806,1,1,0,0,0,0,0,0,0,7,0,0
61806,2,1,0,0,0,0,0,0,0,0,0,0
61807,0,1,0,0,30,0,0,9,0,0,0,0
61807,1,1,0,0,0,0,0,0,0,0,0,0
61808,1,1,0,0,0,0,0,0,0,0,0,0
61808,2,1,0,15,0,0,0,0,0,0,0,0
61808,3,1,0,0,0,0,0,0,0,0,0,0
61808,4,1,0,0,0,0,0,0,0,0,0,0
61808,5,1,0,0,0,0,0,0,0,0,0,0
61809,0,1,0,0,0,0,0,0,0,24,0,12
61809,1,1,0,0,0,0,0,0,0,0,0,0
61810,2,1,37,19,0,0,24,6,13,0,16,0
61811,1,1,0,0,0,0,0,0,0,0,0,0
61811,2,1,0,0,4,0,0,0,17,0,6,0
61812,1,1,0,0,0,0,0,0,0,0,0,0
61812,2,1,0,0,0,0,0,0,0,0,0,0
61812,3,1,22,22,22,22,22,22,22,22,22,22
61812,4,1,0,8,0,0,0,0,30,0,0,0
61813,0,1,19,18,0,7,24,32,17,11,23,17
61813,1,1,6,17,4,25,8,25,15,0,0,0
61814,1,1,0,0,0,0,0,0,0,0,0,0
61815,0,1,0,0,0,0,0,0,0,0,0,0
61815,1,1,0,0,0,0,0,0,0,0,0,0
61816,1,1,0,0,0,0,0,0,0,0,12,0
61816,2,1,4,0,0,24,16,0,12,0,0,15
61817,1,1,0,0,20,0,0,0,0,0,0,0
61818,1,1,0,0,0,0,0,0,0,0,0,0
61818,2,1,0,0,0,0,12,0,0,0,0,0
61819,1,1,0,0,0,0,0,0,0,0,0,0
61820,1,1,0,0,0,0,0,0,9,0,0,0
61821,1,1,12,12,12,12,12,12,12,12,12,12
61822,1,1,0,0,0,0,0,0,0,0,0,0
61822,2,1,0,0,0,0,0,0,0,0,0,0
61822,3,1,0,0,0,0,0,0,0,0,0,0
61822,4,1,0,0,0,0,0,0,0,0,0,0
61823,1,1,2,23,11,24,21,27,4,35,15,36
61824,1,1,0,0,0,0,0,0,0,0,0,0
61825,1,1,0,0,0,0,0,0,0,0,0,0
61826,1,1,0,0,0,0,0,0,0,0,0,0
61826,2,1,4,17,16,13,0,0,13,0,13,0
61827,1,1,0,0,0,10,0,0,0,0,0,0
61827,2,1,0,19,0,0,0,0,0,0,0,20
61828,1,1,0,0,0,0,0,10,0,0,0,18
61828,2,1,0,0,0,0,0,13,0,0,0,0
61829,1,1,0,0,0,0,0,0,0,0,0,0
61829,2,1,0,0,0,0,0,0,0,0,0,0
61830,1,1,0,0,0,0,0,0,0,0,0,0
61830,2,1,0,0,0,0,0,0,0,0,0,0
61831,1,1,0,0,0,0,0,0,0,0,0,0
61831,2,1,0,0,0,0,0,0,0,0,0,0
61832,0,1,0,0,0,11,0,22,19,0,0,21
61832,1,1,0,0,0,0,0,0,0,36,0,18
61833,1,1,0,0,0,0,0,0,0,0,19,0
61833,2,1,0,0,0,11,0,0,0,0,0,16
61834,1,1,0,5,0,0,0,0,0,0,0,0
61834,2,1,0,11,0,14,13,0,9,0,0,0
61835,1,1,0,0,0,0,0,0,0,0,0,0
61835,2,1,0,0,0,0,0,0,0,0,0,0
61836,0,1,0,11,0,0,16,20,0,0,0,0
61836,1,1,0,0,0,0,0,0,0,14,0,10
61837,0,1,0,0,19,29,0,0,16,23,17,11
61837,1,1,0,0,0,0,0,0,0,0,0,0
61838,1,1,0,0,0,0,0,0,0,0,0,0
61838,2,1,0,0,0,0,0,0,0,8,0,0
61839,1,1,0,0,0,0,0,0,0,0,0,0
61839,2,1,0,0,0,0,0,0,0,0,0,0
61840,0,1,37,0,33,15,0,0,15,0,0,0
61840,1,1,0,0,0,0,0,0,0,0,0,17
61840,2,1,0,0,15,0,0,0,0,0,0,0
61841,1,1,0,0,0,0,0,0,0,0,0,0
61841,2,1,0,0,0,0,0,0,0,10,12,0
61842,1,1,0,0,0,0,0,0,0,0,0,0
61842,2,1,14,0,0,0,0,6,0,0,0,0
61843,1,1,0,0,20,0,0,0,0,0,0,0
61844,0,1,0,0,0,0,0,0,0,0,0,0
61844,1,1,0,0,0,0,0,0,0,0,0,0
61844,2,1,0,0,0,0,0,0,0,0,0,0
61845,1,1,0,0,0,0,0,0,19,0,0,0
61846,1,1,0,0,0,0,0,0,0,0,0,0
61847,0,1,0,18,0,0,15,0,16,0,0,0
61847,1,1,0,0,0,0,0,0,0,0,0,0
61848,1,1,3,14,17,23,45,5,29,16,29,13
61849,1,1,0,0,0,0,0,0,0,0,12,22
61850,1,1,17,16,30,29,15,43,11,19,19,17
61851,0,1,19,18,25,22,0,0,27,18,11,41
61851,1,1,24,11,0,0,27,20,28,21,0,15
61852,1,1,15,10,12,4,11,15,12,17,26,7
61853,1,1,0,0,0,0,0,0,0,0,0,0
61854,1,1,17,17,17,17,17,17,17,17,17,17
61855,0,1,0,0,0,0,0,0,0,0,0,0
61855,1,1,19,20,20,10,10,19,20,3,27,31
61856,1,1,0,0,0,0,0,0,0,0,0,0
61857,1,1,10,12,21,15,16,9,25,8,9,8
61858,1,1,13,12,22,8,0,29,35,19,15,13
61859,1,1,24,24,24,24,24,24,24,24,24,24
61860,1,1,33,13,17,25,13,25,0,14,15,13
61861,1,1,0,0,0,0,0,0,0,0,0,0
61862,1,1,0,0,0,0,0,0,0,0,0,0
61862,2,1,0,0,0,0,0,0,0,0,0,0
61863,1,1,0,0,0,0,0,0,0,0,19,0
61864,1,1,0,0,0,0,0,0,0,0,0,0
61864,2,1,9,9,9,9,9,9,9,9,9,9
61865,1,1,13,13,13,13,13,13,13,13,13,13
61866,1,1,15,15,15,15,15,15,15,15,15,15
61867,1,1,31,0,0,0,12,0,7,0,0,0
61868,0,1,16,16,16,16,16,16,16,16,16,16
61868,1,1,0,0,0,0,0,0,0,0,0,0
61869,1,1,0,0,0,0,0,0,0,0,0,0
61869,2,1,0,0,0,0,0,0,0,0,0,0
61870,1,1,0,0,0,0,23,0,0,0,0,0
61870,2,1,0,0,0,20,0,0,0,0,0,0
61871,0,1,0,0,5,2,8,29,28,0,14,0
61871,1,1,0,0,0,0,0,0,0,0,0,16
61872,1,1,11,25,36,13,14,10,16,17,23,24
61873,1,1,0,0,0,0,0,0,0,0,0,0
61874,1,1,16,20,4,13,3,11,9,17,15,24
61875,1,1,0,0,0,0,14,0,0,0,0,0
61876,1,1,0,0,0,0,0,0,0,0,0,0
61877,0,1,0,0,0,0,0,0,0,0,0,0
61877,1,1,0,0,0,0,0,0,0,0,0,0
61878,1,1,20,13,11,13,0,0,27,16,18,6
61879,1,1,28,28,28,28,28,28,28,28,28,28
61880,1,1,35,18,25,11,6,12,37,6,23,19
61881,0,1,14,30,19,31,44,0,9,0,27,13