ST_CASE,VEH_NO,PER_NO,P1,P2,P3,P4,P5,P6,P7,P8,P9,P10
61881,1,1,13,0,0,0,0,17,0,0,0,0
61881,2,1,12,0,0,20,0,0,0,0,15,0
61882,1,1,0,0,0,0,0,0,0,0,0,0
61882,2,1,0,0,0,0,0,0,0,0,0,0
61883,0,1,0,0,0,0,0,0,0,0,0,0
61883,1,1,0,0,0,0,29,0,0,8,0,0
61884,1,1,0,0,0,0,0,0,30,0,0,6
61884,2,1,0,0,0,0,6,0,10,0,6,15
61885,1,1,0,0,0,0,0,0,0,0,0,0
61886,1,1,0,0,0,0,0,0,0,0,0,0
61886,2,1,0,0,0,0,0,0,0,0,0,0
61886,3,1,0,0,0,0,0,0,0,0,0,0
61887,1,1,0,0,0,0,0,0,0,0,0,0
61888,1,1,0,0,0,0,0,28,0,0,0,0
61889,1,1,3,17,0,21,0,0,0,0,14,0
61890,0,1,0,19,0,0,0,0,0,0,0,0
61890,1,1,0,0,0,0,0,0,0,0,0,0
61891,1,1,0,0,0,0,0,0,0,0,0,0
61891,2,1,0,0,0,28,0,0,0,0,0,0
61892,0,1,0,0,0,0,6,0,13,0,23,0
61892,1,1,0,0,5,0,0,0,0,0,15,9
61893,1,1,22,31,16,26,24,23,11,20,7,23
61894,1,1,10,10,10,10,10,10,10,10,10,10
61895,1,1,0,0,0,0,0,0,0,15,0,0
61895,2,1,0,0,0,0,0,0,0,0,0,0
61895,3,1,0,0,0,0,0,0,0,0,0,0
61896,1,1,0,0,0,0,0,0,0,0,0,0
61896,2,1,0,0,0,0,0,0,0,0,0,0
61897,0,1,23,23,23,23,23,23,23,23,23,23
61897,1,1,28,28,28,28,28,28,28,28,28,28
61898,1,1,0,0,0,0,30,0,0,0,0,9
61899,1,1,0,0,0,0,0,0,0,0,4,0
61899,2,1,0,0,0,0,0,0,0,0,0,0
61900,1,1,0,0,0,0,0,0,0,0,0,0
61900,2,1,0,19,0,0,0,0,0,0,0,0
61901,1,1,0,0,0,0,0,0,0,0,0,0
61901,2,1,0,0,0,0,0,0,0,0,0,0
61902,1,1,0,0,0,0,0,0,0,0,0,0
61902,2,1,0,0,5,0,0,0,0,0,0,0
61903,1,1,0,0,0,0,0,0,0,0,0,0
61904,1,1,13,13,13,13,13,13,13,13,13,13
61905,1,1,30,30,30,30,30,30,30,30,30,30
61906,1,1,10,14,46,24,19,23,13,10,22,20
61907,1,1,0,0,0,0,0,0,0,0,0,0
61908,1,1,0,0,0,0,0,0,0,0,0,0
61909,1,1,30,0,16,18,16,9,6,8,33,0
61910,1,1,0,0,0,0,0,0,0,0,0,0
61911,1,1,0,0,0,0,0,0,0,0,0,0
61912,1,1,0,28,0,0,0,0,0,0,0,0
61912,2,1,8,9,0,14,10,11,2,4,0,20
61912,3,1,0,15,0,9,0,0,11,7,0,0
61913,1,1,0,9,0,0,0,0,16,0,26,0
61914,1,1,0,0,0,0,0,0,0,0,0,0
61914,2,1,0,0,0,0,0,0,0,0,0,0
61914,3,1,0,0,0,0,0,0,0,0,0,0
61915,1,1,0,0,0,0,0,0,0,0,0,0
61915,2,1,0,16,0,0,0,0,0,0,0,0
61916,0,1,0,0,0,0,0,0,0,0,0,0
61916,1,1,0,0,0,0,0,0,0,0,0,0
61917,1,1,14,14,14,14,14,14,14,14,14,14
61917,2,1,0,0,0,0,0,16,0,0,9,0
61918,1,1,0,0,0,0,0,0,0,0,0,0
61918,2,1,0,0,0,0,0,0,0,0,0,0
61919,1,1,16,0,0,0,0,0,16,0,0,0
61919,2,1,0,0,0,0,0,5,0,0,0,24
61920,1,1,0,0,0,0,0,0,0,0,17,0
61920,2,1,0,0,0,0,0,0,0,0,0,0
61921,1,1,0,0,0,0,0,0,0,0,0,0
61921,2,1,0,0,0,0,0,0,0,0,0,0
61922,0,1,28,28,28,28,28,28,28,28,28,28
61922,1,1,0,0,0,0,0,0,13,0,16,0
61923,1,1,0,0,0,0,0,0,0,0,0,0
61923,2,1,15,17,9,0,0,11,15,0,5,0
61924,1,1,0,0,0,0,0,0,0,0,0,0
61924,2,1,0,0,0,0,0,0,0,0,0,0
61925,0,1,0,23,20,0,16,0,0,0,0,16
61925,1,1,0,0,0,0,0,0,0,0,0,0
61926,0,1,0,22,16,18,0,0,31,0,14,20
61926,1,1,17,15,21,11,19,26,19,25,18,18
61927,1,1,15,0,0,0,0,0,0,0,0,0
61927,2,1,0,0,0,0,0,0,0,0,0,0
61928,0,1,0,0,0,0,0,0,0,0,0,0
61928,1,1,0,0,0,0,0,0,0,0,0,0
61929,1,1,0,0,0,0,0,0,0,0,0,0
61929,2,1,0,0,0,0,0,0,30,0,0,0
61930,1,1,0,0,0,0,0,0,0,0,0,0
61931,1,1,19,0,25,0,36,0,22,0,12,0
61932,1,1,0,0,0,0,0,0,0,0,0,0
61933,0,1,0,0,0,0,0,0,0,0,0,0
61933,1,1,0,0,0,0,0,0,0,21,0,0
61934,1,1,0,0,0,0,0,0,0,0,0,0
61934,2,1,0,0,0,0,0,0,0,0,0,0
61935,1,1,0,0,0,0,0,0,0,0,0,0
61936,1,1,0,0,0,0,0,0,0,0,0,0
61936,2,1,0,0,0,0,0,0,0,0,0,0
61937,0,1,0,0,0,0,0,0,0,0,0,0
61937,1,1,19,19,19,19,19,19,19,19,19,19
61938,1,1,5,11,0,16,8,0,0,0,11,0
61939,0,1,0,0,0,0,0,0,0,16,17,0
61939,1,1,0,0,0,0,10,0,0,0,0,0
61940,1,1,33,33,33,33,33,33,33,33,33,33
61940,2,1,0,0,0,0,0,0,0,0,0,0
61941,1,1,15,14,9,9,11,22,0,17,13,0
61941,2,1,0,0,0,0,0,0,0,0,0,0
61942,1,1,0,0,0,0,0,0,0,0,0,0
61943,0,1,0,0,0,0,0,0,0,0,0,0
61943,1,1,0,0,19,0,24,0,0,0,8,0
61944,0,1,0,0,0,0,0,0,0,0,0,0
61944,1,1,0,0,0,0,0,0,0,0,0,0
61945,1,1,0,0,0,0,0,0,0,0,0,0
61945,2,1,0,0,0,0,0,0,0,0,0,0
61945,3,1,0,0,0,0,0,0,0,0,0,0
61945,4,1,0,0,0,0,0,0,0,0,0,0
61945,5,1,0,0,0,0,0,0,0,0,0,0
61945,6,1,0,0,0,0,0,0,0,0,0,0
61946,1,1,12,12,12,12,12,12,12,12,12,12
61947,1,1,0,0,7,0,7,0,0,10,0,13
61947,2,1,0,0,0,0,0,0,0,0,0,0
61947,3,1,0,0,0,0,0,0,0,0,0,0
61948,1,1,25,8,24,0,0,0,0,0,17,0
61949,1,1,1,1,1,1,1,1,1,1,1,1
61949,2,1,0,0,10,0,0,0,0,0,0,0
61950,1,1,0,0,0,0,0,0,0,0,0,0
61950,2,1,0,0,0,0,0,0,0,0,0,0
61951,1,1,0,0,0,0,0,0,0,0,0,0
61951,2,1,0,0,0,0,0,0,0,0,0,0
61952,1,1,0,0,0,0,0,0,0,0,0,0
61952,2,1,10,17,18,6,28,0,20,45,16,7
61952,3,1,0,0,0,0,0,0,0,0,0,0
61953,1,1,0,0,0,0,0,0,0,0,0,0
61953,2,1,0,14,0,0,0,4,0,0,0,0
61954,1,1,0,0,0,0,0,0,0,0,0,0
61954,2,1,0,0,0,0,0,0,0,0,0,0
61954,3,1,0,0,0,0,0,0,0,0,0,0
61954,4,1,0,0,0,0,0,0,0,0,0,0
61955,0,1,0,0,0,0,0,0,0,0,0,0
61955,1,1,0,0,26,11,0,13,0,0,13,0
61956,1,1,0,0,0,0,0,0,0,0,0,0
61956,2,1,0,0,0,0,0,0,0,0,0,0
61956,3,1,0,0,0,0,0,0,0,0,0,0
61957,0,1,15,29,10,27,31,10,32,16,14,15
61957,1,1,13,0,0,0,0,0,0,0,0,0
61958,1,1,0,0,0,0,0,0,0,0,0,0
61958,2,1,0,0,0,0,0,0,10,30,0,0
61959,1,1,15,0,0,17,14,0,22,9,27,0
61959,2,1,0,0,0,0,0,0,0,0,0,0
61960,0,1,18,19,0,0,0,0,26,18,0,0
61960,1,1,0,0,0,0,0,0,0,0,0,0
61961,1,1,0,0,0,0,0,0,0,0,0,0
61961,2,1,0,0,0,0,0,0,0,0,0,0
61962,0,1,0,0,33,0,20,0,0,0,0,0
61962,1,1,0,0,0,0,0,0,0,0,0,0
61963,0,1,0,0,0,0,0,0,0,0,0,0
61963,1,1,0,0,0,0,0,0,0,0,0,0
61964,1,1,0,0,0,0,0,0,0,0,0,0
61964,2,1,0,6,0,9,0,0,0,0,0,0
61965,1,1,18,18,18,18,18,18,18,18,18,18
61965,2,1,0,28,0,0,0,0,0,0,0,0
61966,0,1,4,4,4,4,4,4,4,4,4,4
61966,1,1,0,0,0,0,0,0,0,0,0,0
61966,2,1,0,0,0,0,0,0,0,0,0,0
61966,3,1,0,0,8,0,0,0,0,0,0,0
61966,4,1,21,0,0,22,0,0,0,0,0,0
61967,1,1,0,0,0,0,0,0,0,0,0,0
61968,1,1,26,26,26,26,26,26,26,26,26,26
61969,1,1,0,0,0,0,0,0,0,0,0,0
61970,0,1,15,15,15,15,15,15,15,15,15,15
61970,1,1,0,0,0,0,0,0,0,0,0,0
61971,1,1,0,0,0,0,0,0,0,0,0,0
61971,2,1,0,0,0,0,0,0,0,0,0,0
61971,3,1,0,0,0,0,0,0,0,0,0,0
61972,1,1,0,0,0,0,0,0,0,0,0,0
61972,2,1,0,0,0,0,0,0,0,0,0,0
61973,1,1,0,0,0,0,0,0,0,0,0,0
61973,2,1,0,0,0,0,0,0,0,0,0,0
61974,1,1,6,6,6,6,6,6,6,6,6,6
61974,2,1,0,0,0,0,0,0,0,0,0,0
61975,1,1,5,5,5,5,5,5,5,5,5,5
61975,2,1,0,0,0,0,0,0,11,7,0,0
61975,3,1,0,0,0,0,0,0,0,0,0,0
61975,4,1,0,0,0,0,0,0,0,0,0,0
61976,1,1,0,0,0,5,0,0,0,20,0,0
61976,2,1,0,0,0,0,0,0,14,0,0,0
61976,3,1,0,0,0,0,0,0,0,0,0,0
61977,1,1,0,0,0,0,0,0,0,0,0,0
61977,2,1,0,0,0,0,0,0,0,0,0,0
61978,1,1,20,20,20,20,20,20,20,20,20,20
61978,2,1,0,0,0,0,0,0,0,0,0,0
61979,1,1,0,0,0,0,0,0,0,0,0,0
61979,2,1,9,9,9,9,9,9,9,9,9,9
61980,1,1,0,0,0,0,0,0,0,0,0,0
61980,2,1,0,0,0,0,0,0,0,0,0,0
61980,3,1,0,0,0,0,0,0,0,0,0,0
61981,0,1,0,0,0,0,0,0,0,0,0,0
61981,1,1,10,27,0,0,25,0,0,0,0,0
61982,1,1,8,8,8,8,8,8,8,8,8,8
61982,2,1,6,0,0,0,0,0,0,0,0,0
61983,0,1,20,15,17,0,12,0,20,35,0,23
61983,1,1,0,0,0,0,0,0,0,0,0,0
61984,1,1,19,19,19,19,19,19,19,19,19,19
61984,2,1,0,0,0,0,0,16,0,0,0,0
61984,3,1,0,0,0,0,3,0,0,0,0,0
61985,1,1,0,0,0,0,0,0,0,0,0,0
61985,2,1,0,0,0,0,0,0,0,0,0,0
61985,3,1,0,0,0,0,0,0,0,0,0,0
61986,1,1,0,0,0,0,0,0,0,0,0,0
61986,2,1,0,0,0,0,0,0,0,0,0,0
61987,1,1,0,0,0,0,0,0,0,0,0,0
61987,2,1,0,0,0,0,0,0,0,0,0,0
61988,0,1,0,0,0,0,0,0,0,0,0,0
61988,1,1,0,11,0,0,12,0,20,0,0,0
61989,1,1,6,16,22,20,20,12,8,18,11,5
61989,2,1,0,12,25,0,0,0,0,18,0,0
61989,3,1,0,0,0,0,0,0,0,0,0,0
61990,1,1,0,0,0,0,0,0,0,0,0,0
61990,2,1,0,0,0,0,0,0,0,0,0,0
61991,0,1,0,13,16,30,13,48,7,11,15,20
61991,1,1,7,9,9,12,13,0,0,0,15,24
61992,1,1,0,0,0,0,0,0,0,0,0,0
61992,2,1,0,0,0,0,0,0,0,0,0,8
61993,0,1,0,0,0,0,17,28,0,0,0,0
61993,0,2,18,22,0,22,0,0,0,0,0,0
61993,0,3,0,0,0,0,0,0,0,0,0,0
61993,1,1,0,0,0,0,0,0,0,0,20,0
61994,1,1,0,0,0,0,0,0,0,0,0,0
61995,1,1,0,0,0,20,0,0,26,0,0,27
61996,1,1,13,23,23,23,36,23,27,0,19,19
61997,0,1,0,0,0,0,0,0,14,0,0,0
61997,1,1,0,0,0,0,0,16,0,0,0,0
61998,0,1,25,0,0,35,23,0,0,17,12,10
61998,1,1,0,0,0,20,0,0,0,0,0,0
61998,2,1,0,0,0,25,27,0,0,12,0,14
61999,1,1,14,0,0,0,0,0,0,0,0,0
61999,2,1,0,0,0,0,0,0,0,0,0,0
62000,0,1,0,0,0,0,25,0,0,0,0,0
62000,1,1,1,1,1,1,1,1,1,1,1,1
62001,0,1,0,0,0,0,0,0,0,0,0,0
62001,1,1,15,15,12,22,13,7,13,26,14,16
62002,1,1,0,0,0,17,0,0,0,0,0,0
62002,2,1,0,0,0,0,0,0,0,0,0,49
62003,1,1,0,0,0,0,0,0,0,0,0,0
62003,2,1,0,0,0,0,0,0,0,0,0,0
62003,3,1,0,0,0,0,0,0,0,0,0,0
62003,4,1,0,0,0,0,0,0,0,0,0,0
62004,1,1,0,0,9,0,0,0,0,0,0,0
62004,2,1,9,0,0,0,22,0,0,0,0,7
62004,3,1,0,0,0,0,0,0,0,0,0,0
62005,1,1,20,20,0,34,19,27,0,0,0,41
62005,2,1,0,0,0,0,0,0,0,0,0,0
62006,1,1,0,0,0,0,0,0,0,0,0,0
62006,2,1,0,0,0,0,0,0,0,0,0,0
62007,0,1,0,0,0,0,0,0,0,0,0,0
62007,1,1,0,0,0,0,0,0,0,0,0,0
62008,1,1,0,0,0,0,0,0,0,0,0,0
62008,2,1,0,0,0,0,0,29,0,0,0,0
62009,0,1,0,0,0,0,0,0,0,0,0,0
62009,1,1,0,0,0,0,0,0,0,0,0,0
62010,1,1,0,22,3,0,0,0,0,0,0,0
62010,2,1,0,0,0,0,0,0,0,0,0,0
62011,0,1,0,0,0,0,0,0,0,0,0,0
62011,1,1,0,0,18,13,14,0,0,0,0,0
62012,1,1,0,0,0,0,0,0,0,0,0,0
62012,2,1,0,0,0,0,0,0,0,0,0,0
62013,0,1,26,26,26,26,26,26,26,26,26,26
62013,1,1,0,0,0,0,0,0,0,0,0,0
62014,0,1,11,0,0,0,18,0,0,0,0,0
62014,1,1,0,0,0,0,0,0,0,0,0,0
62015,0,1,0,14,5,12,0,4,6,0,14,11
62015,1,1,0,0,0,0,0,0,0,0,0,0
62016,1,1,0,0,0,0,0,0,0,0,0,0
62016,2,1,0,0,0,0,18,0,0,0,0,7
62017,0,1,17,10,0,19,0,0,0,38,11,17
62017,1,1,0,0,0,0,0,0,0,0,0,0
62018,0,1,0,0,26,24,0,0,0,0,0,42
62018,1,1,0,11,34,0,0,0,0,0,0,0
62019,1,1,0,0,0,0,0,0,0,0,0,0
62019,2,1,0,0,0,0,0,8,0,0,0,24
62020,1,1,24,5,19,10,8,4,14,16,31,8
62021,1,1,15,15,15,15,15,15,15,15,15,15
62022,1,1,0,0,0,0,0,0,0,0,0,0
62023,1,1,0,0,0,0,0,0,0,0,0,0
62024,1,1,0,0,0,0,0,0,0,0,0,0
62025,1,1,8,8,8,8,8,8,8,8,8,8
62026,1,1,0,0,0,0,0,0,0,0,0,0
62027,1,1,27,4,38,0,0,26,21,0,21,0
62028,1,1,0,6,5,41,0,0,0,12,0,16
62029,1,1,25,16,0,0,11,0,25,0,0,7
62030,1,1,0,0,0,0,0,0,0,0,0,0
62031,1,1,0,0,21,0,0,0,0,0,0,19
62032,1,1,0,0,3,0,0,8,0,23,14,0
62033,1,1,13,10,0,0,19,29,0,0,0,0
62034,1,1,19,9,8,17,22,15,0,12,0,9
62035,1,1,0,11,31,0,21,11,10,0,0,0
62036,1,1,33,33,33,33,33,33,33,33,33,33
62037,0,1,16,46,11,15,21,6,13,8,11,18
62037,1,1,0,0,13,0,0,0,0,26,13,0
62038,0,1,31,31,31,31,31,31,31,31,31,31
62038,1,1,0,0,0,0,0,0,16,0,0,0
62039,1,1,0,0,21,0,0,0,26,22,0,0
62039,2,1,0,0,0,0,0,0,0,0,0,0
62039,3,1,0,0,0,0,0,0,0,0,0,0
62040,0,1,22,22,22,22,22,22,22,22,22,22
62040,1,1,9,0,0,11,8,0,0,0,0,0
62041,0,1,0,14,0,0,10,12,27,6,0,0
62041,1,1,0,0,0,0,0,0,0,0,0,0
62042,0,1,0,0,0,0,15,0,0,4,0,20
62042,1,1,0,0,0,0,0,0,0,0,0,0
62043,0,1,0,0,0,8,15,0,21,0,0,0
62043,1,1,0,0,0,0,0,0,0,0,0,0
62044,0,1,8,8,8,8,8,8,8,8,8,8
62044,0,2,0,0,0,0,0,0,0,0,0,0
62044,0,3,19,0,0,0,0,0,55,0,0,22
62044,1,1,0,0,0,0,0,0,0,18,0,0
62045,0,1,23,0,0,0,0,0,0,0,0,0
62045,1,1,0,0,0,0,0,0,0,0,0,0
62046,0,1,0,0,0,0,0,0,0,0,0,15
62046,1,1,0,0,0,0,0,0,0,0,0,0
62047,0,1,21,0,0,0,43,30,0,17,0,0
62047,1,1,0,0,0,0,0,0,0,0,0,0
62048,1,1,0,15,0,0,0,19,17,20,0,0
62048,2,1,0,0,0,0,0,0,0,0,0,0
62048,3,1,0,0,0,0,0,0,0,0,0,0
62049,0,1,13,0,20,18,0,0,0,0,0,33
62049,1,1,0,0,0,0,0,0,0,0,0,0
62050,1,1,0,0,0,0,0,0,0,0,0,0
62050,2,1,0,0,0,0,0,0,0,0,0,0
62051,0,1,15,15,15,15,15,15,15,15,15,15
62051,1,1,0,0,0,0,0,0,0,0,0,0
62052,1,1,0,0,0,0,0,0,0,0,0,0
62052,2,1,0,0,0,0,0,0,0,0,0,0
62052,3,1,0,0,0,0,0,0,0,0,0,0
62053,1,1,27,27,27,27,27,27,27,27,27,27
62053,2,1,19,0,0,0,0,0,0,0,0,0
62054,1,1,0,0,0,0,0,0,0,0,0,0
62054,2,1,0,0,0,0,0,0,0,0,0,0
62055,0,1,0,21,0,0,0,0,23,0,24,0
62055,1,1,0,9,0,18,0,5,0,7,0,15
62056,0,1,0,0,0,0,0,0,0,0,0,0
62056,1,1,0,0,0,0,0,0,0,0,0,0
62057,0,1,0,0,0,0,0,0,0,0,0,0
62057,1,1,0,0,0,0,0,0,0,0,0,0
62058,0,1,0,0,0,0,0,0,0,0,0,0
62058,1,1,2,2,2,2,2,2,2,2,2,2
62059,0,1,0,0,0,0,0,0,0,0,0,0
62059,1,1,0,0,0,0,0,0,0,0,0,0
62060,1,1,0,0,0,0,0,0,0,0,0,0
62061,1,1,0,0,0,0,0,0,0,0,0,0
62062,1,1,0,0,0,0,0,0,0,0,0,0
62063,1,1,0,0,0,0,0,0,0,0,0,0
62064,1,1,0,0,0,0,0,0,0,0,0,0
62065,1,1,21,21,21,21,21,21,21,21,21,21
62066,1,1,0,0,28,0,0,0,0,0,34,0
62066,2,1,0,0,0,0,0,0,0,0,0,0
62067,0,1,10,10,10,10,10,10,10,10,10,10
62067,1,1,0,0,0,0,0,0,0,18,0,0
62068,0,1,11,11,11,11,11,11,11,11,11,11
62068,1,1,7,0,0,0,0,0,5,0,0,0
62068,2,1,0,0,0,0,0,0,0,0,0,0
62068,3,1,0,0,0,0,0,0,0,0,0,0
62068,4,1,0,0,0,0,0,0,0,0,0,0
62068,5,1,0,0,0,0,0,0,0,0,0,0
62069,1,1,15,15,15,15,15,15,15,15,15,15
62069,2,1,0,0,0,0,0,0,0,0,0,0
62070,1,1,0,0,0,0,0,0,0,0,0,0
62070,2,1,0,0,0,0,0,0,0,0,2,0
62070,3,1,0,0,0,0,0,0,0,0,0,0
62071,1,1,0,0,0,0,0,0,0,0,0,0
62072,1,1,0,0,0,0,0,0,0,0,0,0
62072,2,1,0,0,0,0,0,0,0,0,0,0
62072,3,1,0,0,0,0,0,0,7,0,0,0
62072,4,1,0,0,0,0,0,0,0,0,0,0
62073,0,1,0,0,0,0,0,0,0,0,0,0
62073,1,1,0,0,0,0,0,0,0,0,0,0
62074,0,1,0,0,0,36,0,0,0,0,0,0
62074,1,1,0,0,0,0,0,0,0,27,0,0
62075,0,1,25,0,0,14,0,0,0,17,0,22
62075,1,1,0,0,0,0,0,0,0,0,0,0
62076,0,1,3,3,3,3,3,3,3,3,3,3
62076,1,1,0,0,0,0,0,0,0,0,0,0
62077,0,1,12,8,19,0,0,0,20,14,29,39
62077,1,1,0,0,0,0,0,0,0,0,0,0
62078,1,1,0,0,0,0,0,0,0,0,18,0
62078,2,1,0,0,0,0,0,0,0,0,0,0
62079,0,1,0,0,0,0,31,0,0,0,0,0
62079,1,1,0,0,0,0,0,0,0,0,0,0
62080,1,1,0,0,0,0,0,0,0,0,0,8
62080,2,1,0,0,0,0,0,0,0,0,0,0
62081,0,1,0,0,0,0,11,0,0,0,0,0
62081,1,1,18,0,14,9,3,0,0,0,0,10
62082,0,1,0,0,0,0,0,0,0,11,0,0
62082,1,1,0,0,0,0,0,0,0,0,0,0
62083,0,1,37,0,8,0,7,34,0,0,0,0
62083,1,1,14,0,0,0,0,2,0,0,0,0
62084,0,1,0,0,0,0,0,0,0,25,0,0
62084,1,1,0,0,0,0,0,0,0,0,0,0
62085,0,1,13,13,13,13,13,13,13,13,13,13
62085,1,1,8,11,16,21,0,3,0,0,0,0
62085,2,1,0,0,0,0,0,21,0,12,0,0
62086,0,1,0,0,0,0,13,0,0,0,7,0
62086,1,1,0,0,0,0,0,13,0,0,0,0
62087,1,1,14,14,14,14,14,14,14,14,14,14
62087,2,1,0,0,0,0,0,0,0,22,0,0
62088,0,1,0,25,0,43,0,27,30,0,0,0
62088,1,1,0,0,0,0,0,0,0,0,0,0
62089,1,1,0,0,0,0,0,0,0,0,0,0
62089,2,1,0,0,3,0,0,0,0,0,0,0
62090,1,1,0,0,0,0,0,0,18,0,0,0
62091,1,1,16,0,29,0,0,4,12,9,18,13
62092,1,1,0,0,0,0,0,0,0,0,0,0
62093,1,1,0,0,0,0,11,0,7,23,0,0
62094,0,1,0,0,0,0,24,0,0,17,0,0
62094,1,1,0,34,0,30,42,16,0,25,18,25
62095,1,1,11,11,11,11,11,11,11,11,11,11
62096,1,1,0,0,15,0,0,23,0,0,10,0
62097,0,1,15,15,15,15,15,15,15,15,15,15
62097,1,1,0,0,0,0,0,0,0,0,0,0
62098,1,1,22,27,40,13,5,23,16,13,20,17
62099,0,1,8,8,8,8,8,8,8,8,8,8
62099,1,1,0,0,0,0,12,0,0,0,0,0
62100,1,1,0,0,0,0,0,0,0,0,0,0
62101,1,1,17,28,15,0,24,17,0,27,14,23
62102,0,1,0,0,0,0,0,0,0,0,0,0
62102,1,1,0,0,0,0,0,0,0,0,0,0
62103,1,1,0,0,0,0,0,0,0,0,0,0
62104,1,1,7,18,26,0,8,19,14,7,0,0
62105,1,1,0,0,0,0,0,0,0,0,0,0
62106,0,1,31,31,31,31,31,31,31,31,31,31
62106,1,1,0,0,0,0,0,0,0,0,0,0
62106,2,1,0,0,0,0,0,0,0,0,0,0
62106,3,1,14,0,0,10,0,0,0,0,0,0
62106,4,1,0,26,18,0,0,4,0,0,0,23
62107,0,1,29,0,16,0,0,20,5,0,0,0
62107,1,1,0,0,10,0,0,0,0,0,0,0
62108,1,1,0,0,0,0,0,0,0,0,0,0
62109,1,1,15,0,0,0,0,0,0,0,7,0
62109,2,1,19,0,0,0,0,0,10,0,0,5
62110,0,1,0,16,0,19,16,0,0,29,0,0
62110,1,1,21,8,16,0,0,0,0,10,6,0
62111,1,1,19,22,18,8,24,3,9,16,22,26
62112,1,1,5,13,28,2,7,16,16,15,17,13
62113,1,1,0,0,0,0,10,0,0,0,0,0
62114,0,1,17,8,0,17,0,0,0,0,13,0
62114,1,1,0,0,0,0,0,0,0,0,0,0
62115,1,1,6,6,6,6,6,6,6,6,6,6
62115,2,1,0,0,0,0,0,0,18,0,0,0
62116,1,1,19,0,0,0,0,0,0,0,0,0
62116,2,1,0,0,0,0,0,0,0,0,0,0
62117,1,1,0,0,0,0,0,0,0,0,0,0
62118,0,1,0,0,0,0,0,0,0,0,0,0
62118,1,1,0,0,0,0,0,0,0,0,0,0
62119,0,1,26,26,26,26,26,26,26,26,26,26
62119,1,1,0,0,0,0,0,0,0,16,0,0
62120,0,1,16,8,12,0,21,0,16,21,0,0
62120,1,1,0,0,0,0,0,0,0,0,0,0
62121,0,1,15,11,21,24,17,25,15,19,9,22
62121,1,1,0,0,0,0,0,0,0,0,0,0
62122,0,1,0,28,18,9,0,12,12,11,20,24
62122,1,1,0,0,0,0,0,0,0,0,0,0
62123,1,1,0,13,21,0,24,10,0,14,11,13
62124,0,1,0,0,0,0,0,0,0,0,0,0
62124,1,1,0,0,0,0,0,0,0,0,0,0
62125,1,1,15,15,15,15,15,15,15,15,15,15
62126,0,1,0,0,0,0,0,0,0,0,0,0
62126,1,1,0,0,0,0,0,0,0,0,0,0
62127,1,1,39,39,39,39,39,39,39,39,39,39
62128,1,1,16,16,16,16,16,16,16,16,16,16
62129,0,1,0,0,15,0,0,0,0,0,0,0
62129,1,1,0,0,0,0,0,0,0,0,0,0
62130,0,1,0,0,0,0,0,0,0,0,0,0
62130,1,1,0,0,0,0,0,0,0,5,0,0
62131,1,1,0,0,0,0,0,0,0,0,0,0
62131,2,1,0,0,0,0,0,0,0,0,0,0
62132,1,1,0,0,0,0,0,0,0,0,0,0
62133,1,1,0,0,0,0,19,0,0,0,0,0
62134,1,1,0,0,0,0,0,0,0,0,0,0
62135,0,1,31,31,31,31,31,31,31,31,31,31
62135,1,1,0,0,0,0,0,0,0,0,0,0
62136,0,1,0,26,0,19,0,27,0,0,10,0
62136,1,1,0,0,0,0,0,0,0,13,0,0
62137,1,1,36,36,36,36,36,36,36,36,36,36
62138,0,1,0,0,0,0,0,0,0,18,8,0
62138,1,1,0,0,0,0,0,0,0,0,0,0
62139,0,1,0,15,32,0,0,0,29,0,0,0
62139,1,1,0,0,0,0,0,0,0,0,0,0
62140,0,1,0,0,0,0,0,0,0,0,46,0
62140,1,1,0,0,0,0,0,0,0,0,0,0
62141,0,1,0,23,11,21,0,0,0,10,28,20