ST_CASE,VEH_NO,PER_NO,P1,P2,P3,P4,P5,P6,P7,P8,P9,P10
62141,1,1,0,0,0,0,0,0,0,0,0,0
62142,0,1,0,0,10,27,0,0,13,0,0,0
62142,1,1,0,0,0,0,0,0,0,0,0,0
62143,0,1,0,0,23,0,0,0,0,0,0,0
62143,1,1,0,0,0,0,0,0,0,0,4,0
62144,0,1,0,0,0,0,0,0,0,0,0,0
62144,1,1,21,0,0,0,0,0,0,0,0,0
62145,1,1,0,0,0,0,0,0,0,0,0,0
62146,1,1,0,0,0,0,0,0,0,0,0,0
62146,2,1,0,0,0,0,0,0,0,0,0,0
62147,1,1,11,11,11,11,11,11,11,11,11,11
62148,1,1,0,0,0,0,0,0,0,0,0,0
62149,0,1,0,14,0,0,0,0,0,0,0,0
62149,1,1,0,0,0,0,0,0,0,0,0,0
62150,0,1,0,0,0,0,0,0,0,0,0,0
62150,1,1,0,0,0,0,0,0,0,0,0,0
62151,0,1,0,0,0,0,0,0,0,34,0,0
62151,1,1,0,0,0,0,0,0,0,0,0,0
62152,1,1,0,0,20,15,0,0,0,15,12,0
62153,1,1,0,15,14,10,11,0,0,7,11,9
62154,1,1,0,16,15,0,0,12,0,0,14,19
62155,1,1,0,0,0,0,0,0,0,0,0,0
62155,2,1,0,0,0,0,0,0,0,0,0,0
62156,1,1,13,38,14,36,37,11,17,14,21,11
62157,1,1,0,0,0,0,0,26,7,0,0,0
62157,2,1,0,0,0,0,0,0,0,0,0,0
62158,1,1,0,0,0,0,0,0,0,0,0,0
62158,2,1,0,0,0,0,0,0,0,0,0,0
62159,1,1,18,9,0,11,21,26,16,16,7,33
62160,1,1,21,17,11,13,34,17,16,19,0,18
62160,2,1,0,0,0,0,0,0,0,0,0,0
62161,1,1,0,0,0,0,0,0,0,0,0,0
62162,0,1,0,0,0,0,29,0,0,16,0,0
62162,1,1,0,0,0,0,0,0,0,0,0,0
62163,1,1,0,0,0,0,0,0,0,0,0,0
62163,2,1,0,0,0,0,0,0,0,0,0,0
62164,1,1,0,0,0,0,0,0,0,0,0,0
62164,2,1,0,14,0,0,0,0,0,0,0,0
62165,0,1,0,0,0,0,0,0,0,0,0,0
62165,1,1,21,22,12,0,19,17,17,12,28,0
62166,1,1,0,0,0,0,0,0,0,0,0,0
62167,0,1,33,33,33,33,33,33,33,33,33,33
62167,1,1,0,0,0,0,0,0,0,0,0,0
62168,1,1,0,0,0,0,0,0,0,0,0,0
62168,2,1,5,0,0,0,0,0,0,0,2,0
62169,1,1,26,26,26,26,26,26,26,26,26,26
62169,2,1,0,0,0,0,0,0,0,0,0,0
62170,1,1,0,0,0,0,0,0,0,0,0,0
62170,2,1,0,0,0,0,0,0,0,0,0,0
62171,0,1,0,0,0,0,0,0,0,0,15,0
62171,1,1,0,20,13,22,20,15,12,0,8,7
62172,0,1,0,0,0,0,0,0,0,0,0,0
62172,1,1,0,0,0,0,0,0,0,0,0,0
62172,2,1,0,0,0,0,0,0,0,0,0,0
62173,1,1,0,0,0,13,0,0,0,0,0,0
62174,1,1,0,13,18,0,0,0,0,8,0,0
62175,0,1,30,30,30,30,30,30,30,30,30,30
62175,1,1,7,7,7,7,7,7,7,7,7,7
62176,1,1,0,0,0,0,0,0,0,0,0,0
62177,1,1,30,30,30,30,30,30,30,30,30,30
62178,0,1,0,0,0,0,0,0,0,0,0,0
62178,1,1,0,0,0,13,0,0,0,0,0,0
62179,0,1,17,14,0,11,0,0,0,0,0,17
62179,1,1,0,0,0,0,0,0,0,0,0,0
62180,1,1,6,6,6,6,6,6,6,6,6,6
62181,0,1,40,16,7,9,0,0,0,0,0,15
62181,1,1,0,16,20,0,0,0,9,0,0,0
62182,1,1,13,19,12,18,6,10,26,59,19,0
62183,1,1,16,0,0,0,0,0,28,0,0,0
62183,2,1,0,0,0,0,0,0,0,21,0,0
62184,1,1,22,14,12,15,12,14,14,16,10,7
62185,1,1,0,0,0,0,0,0,0,0,0,0
62185,2,1,0,0,0,0,0,0,0,0,0,0
62186,1,1,0,0,0,0,0,0,0,0,0,0
62187,1,1,14,14,14,14,14,14,14,14,14,14
62188,1,1,13,36,27,6,15,15,0,26,30,3
62189,1,1,0,0,0,12,18,0,14,15,0,0
62189,2,1,0,0,0,0,0,0,0,0,0,0
62190,1,1,8,20,13,3,10,19,19,15,8,15
62191,0,1,12,12,12,12,12,12,12,12,12,12
62191,1,1,0,0,0,0,0,0,0,0,0,0
62192,0,1,0,0,0,0,0,0,0,0,0,0
62192,0,2,0,0,0,26,50,0,0,0,0,0
62192,1,1,0,0,6,0,0,27,0,10,0,0
62193,0,1,8,8,8,8,8,8,8,8,8,8
62193,1,1,0,0,0,0,0,0,0,0,4,0
62194,0,1,14,0,0,0,0,0,0,0,0,0
62194,1,1,0,0,0,0,0,0,0,0,0,0
62195,0,1,0,0,0,32,0,0,0,0,0,0
62195,1,1,0,0,0,0,0,0,0,0,0,0
62196,0,1,5,5,5,5,5,5,5,5,5,5
62196,1,1,0,16,11,0,8,0,0,0,0,5
62197,1,1,0,0,0,0,0,0,0,0,0,0
62198,1,1,0,0,0,38,13,0,0,12,0,0
62198,2,1,12,0,0,8,0,0,0,0,0,9
62199,1,1,14,14,14,14,14,14,14,14,14,14
62199,2,1,9,7,0,0,7,0,0,0,0,0
62200,1,1,23,24,9,16,20,22,27,18,12,10
62201,0,1,0,0,13,13,21,17,0,0,0,24
62201,1,1,0,0,15,0,0,0,0,0,0,0
62202,0,1,20,20,20,20,20,20,20,20,20,20
62202,1,1,0,0,0,0,0,0,0,0,0,0
62203,1,1,21,21,21,21,21,21,21,21,21,21
62203,2,1,0,0,0,0,0,0,0,0,0,0
62204,1,1,0,0,0,0,0,0,0,0,0,0
62204,2,1,0,0,0,0,0,0,0,0,0,0
62204,3,1,0,0,0,0,0,0,0,0,0,0
62205,0,1,0,0,0,0,0,0,0,0,0,0
62205,1,1,0,8,0,0,0,0,13,0,0,0
62206,1,1,0,0,0,0,0,0,0,0,0,0
62206,2,1,0,0,0,0,0,0,0,0,0,0
62206,3,1,0,0,0,0,0,0,0,0,0,0
62206,4,1,0,0,6,0,22,0,0,0,0,0
62206,5,1,0,20,0,0,0,0,0,0,9,0
62207,0,1,0,5,0,0,0,24,0,17,0,0
62207,1,1,0,0,0,0,0,0,0,0,0,0
62208,1,1,0,0,0,0,0,0,0,0,0,0
62209,1,1,0,16,0,6,18,14,0,11,0,24
62210,0,1,0,0,0,0,0,0,0,0,0,0
62210,1,1,0,0,0,0,0,0,0,0,0,0
62211,1,1,0,0,0,0,0,0,0,0,0,0
62212,0,1,0,18,42,0,19,0,0,0,0,0
62212,1,1,0,0,0,0,0,0,0,0,0,0
62213,0,1,10,14,0,0,40,11,35,7,0,21
62213,1,1,0,0,0,14,0,0,0,13,14,0
62214,1,1,0,0,0,0,0,0,0,0,0,20
62214,2,1,0,0,0,0,0,0,0,19,0,0
62215,0,1,28,28,28,28,28,28,28,28,28,28
62215,1,1,0,0,0,0,0,0,0,0,0,0
62216,1,1,13,12,0,0,40,21,12,7,19,21
62217,1,1,0,0,0,0,0,0,0,0,0,0
62217,2,1,0,0,0,0,0,0,0,0,0,0
62218,1,1,17,22,8,0,17,0,7,0,14,0
62218,2,1,0,0,0,0,0,0,14,0,0,0
62219,0,1,0,0,0,0,0,0,0,4,0,0
62219,1,1,0,0,0,0,0,0,0,0,0,0
62220,1,1,12,8,19,11,17,9,10,14,28,5
62221,0,1,0,0,0,5,17,15,7,30,0,15
62221,1,1,31,13,0,0,14,5,0,0,12,0
62222,1,1,0,0,0,0,0,0,0,0,22,0
62223,0,1,0,0,0,3,0,0,0,0,0,0
62223,1,1,0,0,0,0,0,0,0,0,0,0
62224,1,1,12,0,0,0,0,0,0,0,0,8
62225,1,1,0,30,31,17,0,37,0,0,3,0
62226,1,1,0,0,0,0,0,0,0,0,0,0
62227,1,1,22,22,26,0,0,9,9,0,23,0
62228,1,1,0,19,13,0,14,13,14,0,0,23
62229,0,1,0,0,0,33,0,0,0,0,0,0
62229,1,1,0,0,0,0,0,0,0,0,0,0
62230,1,1,7,20,17,12,29,26,16,17,14,11
62230,2,1,0,0,0,16,5,0,0,0,0,0
62231,1,1,0,18,0,0,0,0,16,0,0,0
62231,2,1,0,0,0,0,0,0,0,0,0,0
62232,0,1,0,0,0,0,0,0,0,0,0,0
62232,1,1,0,0,0,0,0,9,0,0,0,0
62233,0,1,26,22,24,29,16,27,10,38,21,35
62233,1,1,0,0,0,0,0,0,0,0,0,0
62234,0,1,16,19,14,26,14,8,21,34,14,21
62234,1,1,0,0,0,0,0,0,0,0,0,0
62235,1,1,0,0,0,0,0,5,0,0,9,14
62235,2,1,0,0,0,0,0,0,0,0,0,0
62236,1,1,0,0,0,0,0,0,0,0,0,0
62236,2,1,0,0,0,0,0,0,0,0,0,0
62237,0,1,0,0,0,0,0,0,0,0,0,0
62237,1,1,0,0,0,0,0,14,0,0,0,0
62237,2,1,0,0,0,0,7,0,0,0,0,0
62238,1,1,20,20,20,20,20,20,20,20,20,20
62238,2,1,0,0,0,16,0,0,0,11,0,0
62239,0,1,17,17,17,17,17,17,17,17,17,17
62239,1,1,6,0,6,10,0,4,5,0,0,8
62240,1,1,0,0,0,0,0,0,0,0,0,0
62240,2,1,0,0,0,0,0,0,0,0,0,0
62240,3,1,0,0,0,0,0,0,0,0,0,0
62240,4,1,0,0,0,0,0,0,0,0,0,0
62240,5,1,0,0,0,0,0,0,0,0,0,0
62241,1,1,0,0,0,15,0,0,8,0,0,16
62242,0,1,0,11,13,0,31,17,23,0,15,12
62242,1,1,0,0,0,0,0,0,0,0,0,0
62243,1,1,0,0,0,0,0,0,0,0,0,0
62244,1,1,0,0,0,0,0,0,0,0,0,0
62244,2,1,0,0,0,0,0,0,0,0,0,0
62245,1,1,0,0,19,0,0,14,12,0,9,11
62245,2,1,0,0,0,0,0,0,0,0,0,0
62246,1,1,0,0,0,0,0,11,0,8,0,0
62246,2,1,0,7,0,24,0,0,13,14,0,0
62247,0,1,0,0,0,0,0,0,0,0,0,0
62247,1,1,0,0,0,0,0,0,0,0,0,0
62248,1,1,0,0,0,0,0,0,0,0,0,0
62249,1,1,0,0,0,0,0,0,0,0,0,0
62249,2,1,0,0,0,28,0,0,0,0,0,7
62250,1,1,0,0,0,0,0,11,0,0,0,0
62250,2,1,0,0,0,0,0,0,0,0,0,0
62251,1,1,0,0,0,0,0,0,0,0,0,0
62251,2,1,0,0,0,0,0,0,0,0,0,16
62251,3,1,0,0,0,0,0,0,0,0,0,0
62252,1,1,0,0,0,0,0,0,11,0,0,0
62252,2,1,0,0,0,0,0,0,0,0,0,0
62253,1,1,0,0,24,16,14,0,22,28,13,8
62253,2,1,0,0,0,0,0,0,0,0,0,0
62254,0,1,0,0,0,0,0,0,0,0,0,0
62254,1,1,0,0,0,0,0,0,0,0,7,0
62255,1,1,0,0,0,20,0,0,24,0,0,0
62255,2,1,0,0,0,0,0,0,0,0,0,0
62256,1,1,0,0,0,0,0,0,0,0,0,0
62256,2,1,0,0,0,0,0,0,0,0,0,0
62256,3,1,0,0,32,0,0,0,0,0,9,0
62256,4,1,0,0,0,0,0,0,0,0,0,0
62257,1,1,13,13,13,13,13,13,13,13,13,13
62258,1,1,19,5,20,25,15,19,18,25,29,4
62259,1,1,38,9,18,12,12,28,16,12,2,33
62260,1,1,0,0,0,0,0,18,0,0,0,0
62261,1,1,10,12,15,0,0,24,2,0,12,13
62262,1,1,34,39,0,10,0,26,0,0,0,23
62262,2,1,0,8,0,8,9,0,0,0,0,6
62263,1,1,0,0,0,0,0,0,0,0,0,0
62263,2,1,0,0,0,0,0,0,0,0,0,0
62264,0,1,14,14,14,14,14,14,14,14,14,14
62264,1,1,0,0,0,0,0,0,0,0,0,0
62265,1,1,0,0,0,0,0,0,0,0,0,0
62265,2,1,0,0,0,12,12,0,0,0,0,37
62266,1,1,4,10,29,13,23,20,11,19,17,11
62266,2,1,2,8,0,10,15,16,12,19,18,0
62267,1,1,0,0,0,0,0,0,0,0,0,0
62267,2,1,0,0,0,0,0,0,0,0,0,0
62267,3,1,0,0,0,0,0,0,0,0,0,0
62268,1,1,28,28,28,28,28,28,28,28,28,28
62269,0,1,0,0,0,23,0,0,0,0,24,15
62269,1,1,0,0,0,0,0,0,0,0,0,0
62270,0,1,0,0,0,0,0,0,0,0,0,0
62270,1,1,19,19,19,19,19,19,19,19,19,19
62271,1,1,0,0,0,15,0,6,0,0,0,5
62271,2,1,0,0,0,0,0,0,3,0,0,0
62272,0,1,0,20,0,0,0,0,0,17,0,11
62272,1,1,0,18,0,0,0,0,0,0,0,0
62273,0,1,0,5,0,13,0,31,0,0,28,0
62273,1,1,0,0,0,0,0,0,0,0,0,0
62274,0,1,0,17,0,29,32,0,0,20,0,17
62274,1,1,0,0,0,0,0,0,0,0,0,0
62275,1,1,10,10,10,10,10,10,10,10,10,10
62275,2,1,0,0,0,0,0,0,0,0,0,0
62276,1,1,0,29,13,0,18,26,19,0,0,35
62277,1,1,2,2,2,2,2,2,2,2,2,2
62278,1,1,12,21,33,0,0,0,0,0,0,0
62279,1,1,0,0,0,0,16,0,0,0,0,0
62280,1,1,0,0,0,0,0,0,0,0,0,0
62281,0,1,30,0,0,17,0,0,0,0,0,0
62281,1,1,0,0,0,0,0,0,0,0,0,0
62281,2,1,0,0,0,0,0,0,0,0,0,0
62281,3,1,0,0,0,0,0,0,28,21,0,0
62282,1,1,20,20,20,20,20,20,20,20,20,20
62282,2,1,0,0,0,0,0,10,0,0,0,0
62283,1,1,0,0,0,0,0,0,0,0,0,0
62283,2,1,0,0,0,0,0,0,0,0,0,0
62284,0,1,12,12,12,12,12,12,12,12,12,12
62284,1,1,25,25,25,25,25,25,25,25,25,25
62285,0,1,0,0,0,0,0,0,0,0,0,0
62285,1,1,0,21,0,0,0,0,0,0,0,0
62286,1,1,0,10,15,0,21,14,21,5,12,4
62286,2,1,0,0,0,0,0,7,0,0,15,0
62287,1,1,0,0,0,0,0,0,14,0,0,0
62287,2,1,0,0,0,0,0,0,0,0,0,0
62288,1,1,0,0,0,0,0,0,0,0,0,0
62288,2,1,0,0,0,6,0,24,4,0,7,7
62289,0,1,15,0,38,7,18,14,25,0,0,0
62289,1,1,0,0,0,0,0,0,0,0,0,0
62290,1,1,4,4,4,4,4,4,4,4,4,4
62290,2,1,0,0,30,0,20,20,14,17,0,23
62291,1,1,0,0,0,0,0,0,0,0,0,0
62291,2,1,0,0,0,0,0,0,0,0,0,0
62291,3,1,0,0,0,0,0,0,0,0,7,0
62292,0,1,7,0,32,0,0,0,0,0,3,0
62292,1,1,0,22,0,0,0,0,0,0,0,0
62293,0,1,28,0,0,0,0,0,0,0,0,0
62293,1,1,17,0,0,0,0,0,0,0,9,0
62294,1,1,0,0,0,0,0,0,18,0,0,0
62295,1,1,0,0,12,0,16,0,0,0,0,0
62296,1,1,0,0,0,0,0,0,0,0,0,0
62297,1,1,0,0,0,0,0,0,0,0,0,0
62298,1,1,0,2,0,0,0,0,0,0,0,0
62299,0,1,0,0,0,0,0,0,0,0,0,0
62299,1,1,0,0,0,0,0,6,0,0,0,25
62300,1,1,0,0,22,0,0,0,0,0,0,0
62300,2,1,0,0,0,0,0,0,0,0,0,0
62301,1,1,0,0,0,0,0,0,0,0,0,0
62301,2,1,0,0,0,0,0,0,0,0,0,0
62302,1,1,17,21,0,14,23,12,14,5,10,27
62303,1,1,0,0,0,0,0,0,0,0,0,0
62303,2,1,0,0,0,0,0,0,0,0,0,0
62303,3,1,0,0,10,0,0,0,0,0,0,0
62303,4,1,0,0,0,0,0,16,0,0,0,0
62304,0,1,0,0,0,0,0,0,0,0,0,0
62304,1,1,8,8,8,8,8,8,8,8,8,8
62305,0,1,0,0,0,0,0,0,0,0,0,0
62305,1,1,21,19,26,25,0,0,0,6,0,0
62306,0,1,43,0,35,0,0,0,0,0,21,33
62306,1,1,0,27,0,0,0,0,27,8,0,0
62307,0,1,0,0,0,0,0,0,0,0,0,0
62307,1,1,0,0,0,0,0,0,0,0,0,0
62308,0,1,0,0,0,0,0,0,0,0,0,0
62308,1,1,0,14,0,0,0,0,0,0,0,0
62309,0,1,7,14,34,16,12,0,26,27,0,29
62309,1,1,0,0,0,0,0,0,0,0,0,0
62310,1,1,14,0,29,0,0,0,20,6,0,0
62311,0,1,0,0,14,32,27,0,7,30,0,0
62311,1,1,0,0,0,0,0,0,0,0,0,0
62312,1,1,0,0,0,0,0,0,0,7,0,0
62313,1,1,15,6,0,23,0,19,17,28,13,26
62314,1,1,0,0,0,0,0,0,0,0,0,0
62314,2,1,0,0,0,0,0,0,0,0,0,0
62315,1,1,25,41,10,0,17,14,17,12,26,36
62316,1,1,15,15,15,15,15,15,15,15,15,15
62317,1,1,0,0,0,0,0,0,0,0,0,0
62317,2,1,0,0,0,0,0,0,0,0,0,0
62317,3,1,0,16,0,0,0,0,0,0,0,0
62318,0,1,9,9,9,9,9,9,9,9,9,9
62318,1,1,0,0,0,0,0,0,0,0,0,0
62319,0,1,0,0,0,0,0,0,0,0,0,0
62319,1,1,0,0,0,0,0,0,0,0,0,0
62320,0,1,0,0,0,0,0,0,0,0,0,0
62320,1,1,0,0,0,0,0,0,0,0,0,0
62321,0,1,0,0,0,11,12,15,0,0,26,0
62321,1,1,0,0,0,0,0,0,0,0,0,0
62322,0,1,0,0,0,0,0,0,0,0,0,0
62322,1,1,7,0,0,0,8,0,0,0,9,0
62322,2,1,0,0,0,0,0,0,27,0,0,0
62323,1,1,0,0,0,0,0,0,0,0,0,0
62324,1,1,0,0,11,0,0,0,0,0,0,0
62324,2,1,0,0,0,0,0,0,0,0,0,0
62325,1,1,0,13,0,0,0,0,0,0,0,0
62325,2,1,0,0,0,0,0,0,0,0,0,0
62325,3,1,0,0,10,0,0,0,0,0,0,0
62326,0,1,0,0,0,0,0,0,0,0,0,0
62326,1,1,0,0,0,0,0,0,0,0,0,0
62327,1,1,25,25,25,25,25,25,25,25,25,25
62328,1,1,0,0,0,0,0,0,0,0,0,0
62329,0,1,0,0,0,16,20,27,0,0,17,24
62329,1,1,0,0,0,0,0,0,0,0,0,0
62330,1,1,0,0,22,0,0,0,0,0,0,0
62330,2,1,0,0,0,0,0,0,0,0,0,0
62331,0,1,0,11,0,0,0,0,28,17,0,0
62331,1,1,0,0,0,20,8,0,0,0,0,10
62332,0,1,0,0,0,0,0,0,0,0,0,0
62332,1,1,0,0,0,0,0,0,0,0,0,0
62333,1,1,0,0,0,0,0,0,0,0,0,0
62333,2,1,0,0,0,0,0,0,0,0,17,0
62333,3,1,0,0,0,0,0,0,0,0,0,0
62334,0,1,0,0,16,5,3,18,35,22,0,0
62334,1,1,0,27,0,0,0,0,0,26,15,0
62335,1,1,21,6,8,9,25,19,16,17,18,18
62335,2,1,0,0,0,0,0,0,0,0,0,0
62336,0,1,0,17,9,18,0,0,19,0,0,37
62336,1,1,0,0,35,2,0,0,0,0,0,14
62337,1,1,13,34,16,10,5,16,3,25,0,32
62337,2,1,10,0,0,0,0,0,0,0,0,0
62337,3,1,0,0,0,0,0,0,0,0,0,0
62338,1,1,28,0,0,0,26,0,24,0,8,0
62339,0,1,0,0,0,0,0,10,0,0,41,6
62339,1,1,0,0,0,0,0,0,0,0,0,18
62339,2,1,0,0,0,0,0,16,0,0,16,0
62340,1,1,0,0,15,0,27,0,20,0,2,0
62341,1,1,0,9,24,18,23,23,0,0,19,28
62342,1,1,0,0,0,0,0,0,0,0,0,0
62343,1,1,0,0,0,0,0,0,0,0,0,0
62344,1,1,24,24,24,24,24,24,24,24,24,24
62345,0,1,5,0,13,3,29,0,26,16,0,0
62345,1,1,0,0,0,18,0,0,20,0,0,0
62346,0,1,0,0,0,0,0,28,0,0,0,0
62346,1,1,4,0,0,0,0,0,0,0,0,0
62347,1,1,0,0,0,0,0,0,0,0,0,0
62347,2,1,0,0,0,0,0,0,0,0,8,0
62347,4,1,0,3,0,9,0,0,4,0,0,0
62348,1,1,18,23,29,20,0,0,14,0,0,0
62348,2,1,0,0,0,0,0,0,0,0,0,0
62348,3,1,0,0,0,0,0,0,26,0,0,0
62349,2,1,0,10,0,8,0,0,0,0,0,0
62350,1,1,0,0,18,0,0,0,0,0,0,0
62350,2,1,0,0,0,0,0,0,0,0,0,0
62351,1,1,0,0,0,0,0,0,0,0,0,0
62351,2,1,0,0,0,0,0,0,0,0,10,17
62351,3,1,0,0,0,0,0,0,0,0,0,0
62352,0,1,0,0,0,0,0,0,0,0,0,0
62352,1,1,0,21,5,13,0,16,0,0,0,7
62353,0,1,0,0,0,0,0,0,0,0,0,0
62353,1,1,22,0,12,40,0,13,10,0,13,0
62354,1,1,0,0,0,0,0,0,0,0,0,0
62354,2,1,0,0,0,0,0,0,0,0,0,0
62355,1,1,29,29,29,29,29,29,29,29,29,29
62356,0,1,28,28,28,28,28,28,28,28,28,28
62356,1,1,0,0,0,0,0,0,14,0,0,4
62357,0,1,0,22,26,16,34,34,23,32,6,0
62357,1,1,0,0,0,0,0,0,0,0,0,0
62358,1,1,0,0,8,21,0,0,21,8,0,15
62359,0,1,0,0,0,0,27,0,0,29,14,0
62359,1,1,15,0,0,0,7,8,0,0,0,0
62360,1,1,0,7,0,17,0,0,11,3,0,12
62360,2,1,0,0,0,0,0,0,0,0,0,0
62361,1,1,0,0,0,0,0,0,0,0,13,0
62362,1,1,7,7,7,7,7,7,7,7,7,7
62363,0,1,12,0,0,0,18,0,0,18,0,0
62363,1,1,0,0,0,0,0,0,0,0,0,0
62364,1,1,0,0,0,0,0,0,0,0,0,0
62364,2,1,0,15,0,0,0,0,0,0,0,0
62365,0,1,0,0,0,0,0,0,0,0,0,25
62365,1,1,5,0,0,0,0,0,0,0,0,0
62366,1,1,0,0,9,0,21,35,17,13,0,18
62367,1,1,0,0,0,0,0,0,0,0,0,0
62367,2,1,0,0,0,0,0,0,0,0,0,0
62368,0,1,0,0,0,0,0,0,0,0,0,0
62368,1,1,0,0,15,0,11,16,0,0,17,0
62369,0,1,23,6,9,29,13,29,51,0,0,19
62369,1,1,0,0,0,0,0,0,0,0,0,0
62370,0,1,0,0,0,0,0,0,0,0,0,0
62370,1,1,18,18,18,18,18,18,18,18,18,18
62371,1,1,17,5,31,18,21,0,15,0,20,3
62371,2,1,0,0,0,0,0,0,0,0,0,0
62372,1,1,0,0,0,0,0,0,0,0,0,0
62372,2,1,0,0,0,0,0,0,0,0,0,0
62373,1,1,6,36,0,0,19,9,15,0,0,0
62373,2,1,0,18,0,0,0,0,2,0,9,4
62374,0,1,17,17,17,17,17,17,17,17,17,17
62374,1,1,0,24,0,0,32,18,16,0,14,19
62375,1,1,0,0,10,0,0,0,0,0,0,0
62375,2,1,35,35,35,35,35,35,35,35,35,35
62376,1,1,14,0,0,0,0,0,0,0,0,0
62377,1,1,0,0,0,0,0,0,0,0,0,0
62378,1,1,20,12,0,12,22,10,43,10,30,12
62379,1,1,0,0,0,0,0,15,0,4,0,0
62380,1,1,0,0,0,0,0,0,0,0,0,0
62380,2,1,0,0,0,0,0,0,0,0,0,0
62381,1,1,1,1,1,1,1,1,1,1,1,1
62382,1,1,27,27,27,27,27,27,27,27,27,27
62383,0,1,0,7,0,0,0,21,0,29,15,0
62383,1,1,24,16,9,44,8,10,23,12,31,7
62384,0,1,31,31,31,31,31,31,31,31,31,31
62384,1,1,0,0,0,0,0,0,0,0,0,0
62385,1,1,20,20,20,20,20,20,20,20,20,20
62386,0,1,10,10,10,10,10,10,10,10,10,10
62386,1,1,0,0,0,11,0,0,0,0,16,0
62387,1,1,10,10,10,10,10,10,10,10,10,10
62387,2,1,0,0,0,0,0,0,0,0,0,0
62388,1,1,0,34,23,16,26,17,8,28,27,18
62388,2,1,0,0,0,0,0,0,0,0,0,0
62388,3,1,0,0,0,0,0,0,0,0,0,0
62389,0,1,3,3,3,3,3,3,3,3,3,3
62389,1,1,0,0,0,0,0,0,0,0,0,0
62390,1,1,0,0,0,0,0,0,0,0,0,0
62390,2,1,0,0,0,0,0,0,0,0,0,0
62391,0,1,1,1,1,1,1,1,1,1,1,1
62391,1,1,20,20,20,20,20,20,20,20,20,20
62392,1,1,16,12,11,22,8,11,38,8,19,28
62393,1,1,19,19,19,19,19,19,19,19,19,19
62394,1,1,0,0,0,0,0,0,0,0,0,0
62395,1,1,12,12,12,12,12,12,12,12,12,12
62396,1,1,15,2,0,13,0,16,19,8,16,0
62397,1,1,22,22,22,22,22,22,22,22,22,22
62398,1,1,33,33,33,33,33,33,33,33,33,33
62399,1,1,0,0,0,0,0,0,0,0,0,0
62400,1,1,0,0,0,24,37,15,30,23,4,0
62401,1,1,0,0,0,0,0,0,0,0,0,0
62402,1,1,22,21,9,0,10,20,26,6,8,17
62403,1,1,6,6,6,6,6,6,6,6,6,6
62404,1,1,0,0,0,0,0,0,0,0,0,0
62404,2,1,0,0,0,0,0,0,0,0,0,0
62405,0,1,0,0,0,0,0,0,0,0,0,0
62405,1,1,0,0,0,0,0,0,0,0,0,0
62406,0,1,0,0,0,0,0,0,0,0,0,0
62406,0,2,0,0,0,24,0,0,0,0,0,9
62406,1,1,19,0,19,24,0,23,0,0,11,16
62407,1,1,0,0,0,0,0,0,0,0,0,0
62407,2,1,0,0,0,0,0,0,0,0,0,0
62408,0,1,0,0,24,0,0,0,0,26,23,0
62408,1,1,0,0,0,0,0,0,0,0,0,0
62409,1,1,0,0,0,0,0,0,0,0,0,0
62409,2,1,0,0,0,0,0,0,0,0,0,0
62410,0,1,0,0,0,0,0,0,0,0,0,0
62410,1,1,0,0,0,0,0,0,0,0,0,0
62411,1,1,0,0,0,0,0,0,0,0,0,0
62412,0,1,0,0,39,7,0,0,10,0,0,14
62412,1,1,9,15,0,25,15,0,0,0,0,0
62413,1,1,0,0,0,0,10,0,0,0,0,0
62413,2,1,0,0,0,0,0,0,0,0,0,0
62414,1,1,0,0,0,0,0,0,0,0,0,0
62414,2,1,0,0,0,0,0,0,0,0,0,0