ST_CASE,VEH_NO,PER_NO,P1,P2,P3,P4,P5,P6,P7,P8,P9,P10
62414,3,1,0,0,0,0,0,0,0,0,0,0
62415,1,1,0,0,0,2,2,0,0,0,9,13
62415,2,1,0,0,0,0,0,0,0,0,0,4
62416,0,1,0,0,0,0,0,0,0,0,0,0
62416,1,1,0,0,0,0,0,0,0,0,0,0
62417,1,1,17,17,17,17,17,17,17,17,17,17
62418,0,1,6,6,6,6,6,6,6,6,6,6
62418,1,1,0,0,0,0,0,0,0,0,0,0
62419,1,1,0,0,0,0,0,0,0,0,0,0
62420,1,1,0,0,0,0,0,0,0,0,0,0
62421,1,1,0,0,0,0,0,0,0,0,0,0
62421,2,1,0,33,0,0,0,0,0,0,0,0
62421,3,1,13,0,0,0,0,0,0,0,0,0
62422,0,1,0,0,0,28,0,22,0,7,0,0
62422,1,1,0,0,0,0,15,0,0,0,0,13
62423,1,1,0,0,0,14,0,0,0,0,0,0
62423,2,1,0,0,13,0,0,0,0,18,15,8
62424,1,1,0,0,0,0,0,0,0,0,6,0
62424,2,1,0,0,0,0,0,0,0,0,0,0
62425,1,1,0,0,0,0,0,0,0,0,0,0
62426,1,1,0,0,0,0,0,0,0,0,0,0
62426,2,1,0,0,0,11,0,0,0,0,0,22
62427,1,1,15,15,15,15,15,15,15,15,15,15
62427,2,1,0,0,0,0,0,0,0,0,0,0
62428,1,1,0,0,0,0,0,0,0,0,0,0
62428,2,1,0,0,0,0,0,0,0,0,0,0
62429,1,1,0,0,0,0,0,0,0,0,0,0
62429,2,1,0,0,0,0,0,0,0,0,0,0
62429,3,1,0,0,0,0,0,0,0,0,0,0
62430,0,1,0,0,0,0,0,22,25,0,7,0
62430,1,1,0,0,0,0,0,0,0,0,0,0
62431,0,1,34,22,8,0,0,0,0,32,23,36
62431,1,1,0,0,0,0,0,0,0,0,0,0
62432,1,1,0,0,0,0,0,0,13,0,0,0
62432,2,1,0,0,0,0,0,0,0,0,0,0
62433,0,1,0,0,0,0,0,0,0,0,0,0
62433,1,1,0,0,0,0,0,0,0,0,0,0
62433,2,1,0,0,0,0,0,0,0,0,0,0
62434,1,1,0,0,0,0,0,0,0,0,0,0
62434,2,1,0,0,0,0,0,27,0,0,0,0
62435,1,1,12,12,12,12,12,12,12,12,12,12
62436,0,1,16,28,18,19,0,8,7,12,30,27
62436,1,1,0,0,0,0,24,0,16,17,17,0
62437,1,1,0,0,0,0,0,0,0,0,0,0
62437,2,1,0,0,0,0,0,0,0,0,0,0
62437,3,1,4,0,0,0,36,0,0,16,0,16
62437,4,1,0,0,0,0,0,0,0,0,0,0
62437,5,1,0,0,0,0,0,0,0,0,0,0
62437,6,1,0,0,0,0,0,0,0,0,0,0
62437,7,1,0,0,0,0,0,0,0,0,0,0
62438,1,1,0,0,0,0,0,0,0,0,0,0
62438,2,1,0,0,0,0,0,0,0,0,0,0
62439,0,1,0,0,0,15,0,0,0,0,0,7
62439,1,1,0,0,0,0,0,0,0,0,0,0
62439,2,1,0,0,0,0,0,0,0,0,0,0
62440,0,1,0,0,0,0,0,0,0,0,0,0
62440,1,1,0,0,0,9,16,0,0,0,0,14
62441,0,1,31,20,51,37,0,27,20,18,18,20
62441,1,1,21,0,0,0,0,0,0,0,0,0
62442,0,1,0,0,0,0,0,0,0,0,0,0
62442,1,1,0,0,0,0,0,0,0,0,0,0
62443,1,1,0,8,0,9,0,11,17,0,13,20
62444,1,1,0,0,0,21,0,28,17,0,0,0
62445,1,1,0,9,0,0,0,0,12,0,0,0
62445,2,1,11,0,9,17,0,0,0,0,0,0
62446,1,1,24,24,24,24,24,24,24,24,24,24
62446,2,1,0,0,0,0,0,0,0,0,0,0
62447,1,1,19,19,19,19,19,19,19,19,19,19
62448,1,1,0,0,0,0,0,0,0,0,0,0
62448,2,1,0,0,0,0,0,17,0,0,0,0
62448,3,1,0,0,0,0,0,0,0,0,0,0
62448,4,1,0,0,0,0,0,0,22,0,0,0
62448,5,1,0,0,0,0,0,0,0,0,0,0
62448,6,1,9,0,0,0,0,0,0,0,0,0
62449,0,1,12,11,9,24,23,14,6,22,17,11
62449,1,1,0,0,0,0,0,0,0,0,0,0
62450,1,1,0,0,0,0,0,0,0,0,0,0
62451,1,1,0,0,0,0,0,0,0,0,0,0
62451,2,1,0,0,0,0,0,0,0,0,0,0
62452,0,1,0,31,13,20,14,19,21,19,20,15
62452,1,1,0,0,0,0,0,0,0,6,0,0
62453,1,1,5,0,0,0,0,0,0,9,0,0
62454,0,1,0,0,0,0,0,0,0,0,0,0
62454,1,1,0,0,0,0,0,0,0,0,0,0
62455,1,1,0,0,0,0,0,0,0,0,0,0
62455,2,1,0,0,0,0,0,0,0,0,0,0
62456,1,1,0,0,0,0,0,0,0,0,0,0
62456,2,1,0,0,0,0,0,0,0,0,0,0
62457,1,1,0,0,0,0,0,0,0,0,0,0
62457,2,1,4,22,18,21,0,23,11,0,0,0
62458,1,1,38,38,38,38,38,38,38,38,38,38
62459,1,1,0,0,0,0,0,0,0,0,0,0
62459,2,1,0,0,0,0,0,0,0,0,0,0
62460,0,1,23,18,27,19,0,18,25,18,22,37
62460,1,1,0,0,0,0,0,0,0,0,0,22
62461,0,1,0,0,0,0,0,0,0,0,32,0
62461,1,1,0,0,0,0,0,0,0,0,0,0
62462,1,1,3,3,3,3,3,3,3,3,3,3
62462,2,1,0,0,0,0,0,0,0,0,0,0
62462,3,1,0,0,0,0,0,0,0,0,0,0
62462,4,1,0,0,0,0,0,0,0,0,0,0
62463,1,1,0,0,0,10,0,0,0,12,0,0
62464,1,1,7,15,11,0,0,10,14,0,0,0
62464,2,1,0,0,0,0,0,0,0,0,0,0
62465,0,1,1,1,1,1,1,1,1,1,1,1
62465,1,1,0,0,0,0,0,0,0,0,0,0
62466,1,1,0,0,0,0,0,0,0,0,0,0
62466,2,1,0,0,0,0,0,0,0,0,0,0
62467,1,1,0,0,0,0,0,0,0,0,0,0
62467,2,1,0,0,0,0,0,0,0,13,0,0
62468,1,1,0,0,0,0,0,0,0,0,0,0
62468,2,1,0,0,0,0,0,0,0,0,0,0
62469,1,1,0,0,0,13,0,0,2,9,0,0
62469,2,1,0,0,0,0,0,0,0,0,19,0
62470,1,1,9,0,14,0,0,24,0,0,0,0
62471,0,1,0,0,28,16,18,27,0,0,0,0
62471,1,1,0,15,0,0,0,0,0,0,0,0
62472,1,1,0,0,0,0,8,0,0,0,0,0
62472,2,1,0,0,0,0,0,0,0,0,0,0
62473,1,1,27,5,0,0,18,24,0,14,11,0
62473,2,1,0,0,0,0,0,0,0,0,0,0
62474,0,1,0,0,0,0,0,0,0,0,0,0
62474,1,1,0,0,0,0,0,0,0,0,0,0
62475,0,1,0,0,0,0,0,0,0,0,0,0
62475,1,1,0,0,0,0,0,0,0,0,0,0
62476,0,1,0,0,0,0,0,0,0,0,0,0
62476,1,1,0,0,0,0,0,0,0,0,0,0
62477,0,1,0,0,0,0,0,0,0,0,0,0
62477,1,1,0,0,0,0,0,0,0,0,0,0
62478,1,1,0,0,0,0,0,0,0,0,0,0
62479,1,1,2,2,2,2,2,2,2,2,2,2
62480,1,1,0,0,20,42,4,0,0,6,11,10
62481,1,1,0,0,0,0,0,0,0,0,0,0
62481,2,1,0,0,0,0,0,0,0,0,0,0
62482,1,1,14,0,0,0,12,0,17,11,27,0
62482,2,1,0,30,0,9,0,9,20,0,21,21
62482,3,1,19,18,10,30,0,19,0,20,18,3
62483,1,1,0,0,0,0,0,0,0,0,0,0
62483,2,1,0,0,0,0,0,0,0,0,0,0
62484,1,1,0,0,0,0,0,0,0,0,0,0
62485,1,1,0,0,0,0,0,0,0,0,0,0
62485,2,1,0,0,0,0,0,0,0,0,0,0
62486,1,1,0,0,24,0,0,0,17,0,0,0
62487,1,1,22,4,15,13,22,9,18,11,13,3
62487,2,1,12,0,0,0,0,0,0,0,0,0
62488,0,1,0,0,21,0,0,0,0,0,0,0
62488,1,1,0,0,0,0,0,0,0,0,0,0
62489,1,1,0,0,0,0,0,0,0,0,0,0
62490,0,1,30,30,30,30,30,30,30,30,30,30
62490,1,1,0,0,20,0,0,0,0,17,0,0
62491,1,1,0,0,0,0,0,0,0,0,7,0
62491,2,1,0,0,0,0,0,0,0,0,0,0
62491,3,1,35,35,35,35,35,35,35,35,35,35
62491,4,1,0,0,12,0,21,0,0,0,0,0
62491,5,1,0,0,0,0,0,0,0,0,0,0
62491,6,1,0,0,0,0,0,0,0,0,0,0
62491,7,1,0,0,0,0,0,0,0,0,0,0
62491,8,1,0,0,0,0,0,0,0,0,0,0
62492,0,1,0,0,0,0,0,0,0,0,0,0
62492,1,1,0,0,0,0,0,0,0,0,0,0
62493,1,1,0,0,0,0,0,0,0,0,0,0
62493,2,1,0,0,0,0,0,0,0,0,0,0
62494,0,1,0,0,0,0,0,0,0,0,0,0
62494,1,1,14,14,14,14,14,14,14,14,14,14
62495,1,1,0,0,0,0,0,0,0,0,0,0
62496,0,1,0,0,0,0,0,0,0,0,0,0
62496,1,1,13,18,9,12,15,4,22,17,1,4
62497,0,1,27,27,27,27,27,27,27,27,27,27
62497,1,1,6,18,21,21,20,6,15,11,16,17
62498,1,1,0,0,0,0,13,12,10,0,28,0
62499,1,1,0,0,0,0,0,0,0,0,0,0
62500,1,1,20,20,20,20,20,20,20,20,20,20
62501,1,1,15,15,15,15,15,15,15,15,15,15
62502,1,1,9,0,0,0,22,12,6,18,0,5
62503,1,1,0,0,0,0,0,0,0,0,0,0
62504,1,1,0,0,0,0,0,0,0,0,0,0
62505,1,1,0,0,0,0,0,0,0,0,0,0
62506,1,1,0,0,0,0,0,0,0,0,0,0
62507,1,1,0,0,0,0,0,0,0,0,0,0
62507,2,1,10,10,20,13,13,10,18,19,8,5
62508,0,1,0,0,0,0,0,0,0,0,0,16
62508,1,1,0,0,0,0,0,0,0,0,0,0
62509,1,1,0,0,0,0,0,0,0,0,0,0
62509,2,1,0,0,0,0,0,0,0,0,0,0
62509,3,1,0,0,0,0,0,0,0,0,0,0
62510,0,1,0,0,0,18,0,0,24,0,0,0
62510,1,1,0,0,0,0,0,0,0,0,0,0
62510,2,1,3,4,0,5,0,17,20,0,0,2
62511,1,1,9,9,9,9,9,9,9,9,9,9
62511,2,1,0,0,0,0,0,0,0,0,0,0
62512,1,1,0,0,0,0,0,0,0,0,0,0
62512,2,1,0,0,0,0,0,0,0,13,0,0
62513,1,1,23,23,23,23,23,23,23,23,23,23
62513,2,1,0,0,0,0,0,0,0,0,0,0
62514,1,1,0,0,0,0,0,0,0,0,0,0
62514,2,1,0,0,0,0,0,0,0,0,0,0
62515,1,1,0,0,0,0,0,0,0,0,0,0
62515,2,1,0,0,0,0,0,0,0,0,0,0
62516,0,1,0,14,33,0,33,0,20,0,42,0
62516,1,1,9,0,11,20,15,6,16,0,18,20
62516,2,1,0,0,0,0,0,0,0,0,0,0
62517,1,1,0,9,0,0,0,21,0,0,25,0
62517,2,1,0,0,0,0,0,0,0,0,0,0
62518,1,1,11,0,0,0,0,18,0,0,17,0
62518,2,1,0,0,9,15,0,0,0,0,0,0
62519,0,1,0,0,0,0,0,17,28,0,0,0
62519,1,1,0,0,0,0,0,0,0,0,0,0
62520,1,1,1,1,1,1,1,1,1,1,1,1
62520,2,1,8,8,8,8,8,8,8,8,8,8
62521,0,1,0,0,0,0,0,0,0,0,0,0
62521,1,1,13,0,0,0,0,13,6,0,0,12
62522,1,1,25,22,0,0,31,0,15,0,0,0
62523,1,1,15,6,20,0,16,12,11,15,24,19
62523,2,1,0,0,0,0,0,0,0,0,0,0
62524,1,1,0,19,0,0,0,16,0,0,0,0
62525,1,1,29,12,27,15,13,0,17,24,26,12
62526,1,1,0,0,0,0,0,0,0,0,0,0
62526,2,1,0,0,0,0,0,0,0,0,0,0
62527,0,1,0,0,0,0,0,0,0,0,0,0
62527,1,1,0,0,0,0,0,0,0,0,0,0
62528,1,1,0,0,0,0,0,0,0,0,0,0
62528,2,1,0,0,0,0,11,0,0,0,0,0
62528,3,1,0,0,0,0,0,0,0,0,0,0
62529,1,1,0,0,0,11,0,0,0,0,0,0
62529,2,1,22,22,22,22,22,22,22,22,22,22
62530,0,1,0,0,0,0,0,0,21,0,0,0
62530,1,1,0,0,0,0,0,0,0,0,0,0
62531,1,1,0,0,0,9,19,0,0,0,0,0
62531,2,1,0,0,0,0,0,0,0,0,0,0
62531,3,1,0,0,0,0,0,16,0,0,0,0
62531,4,1,0,0,0,0,0,0,0,0,0,0
62532,0,1,19,28,28,0,0,9,0,0,18,30
62532,1,1,0,0,7,5,20,0,0,0,14,0
62533,1,1,2,2,2,2,2,2,2,2,2,2
62533,2,1,0,0,0,0,0,0,0,0,0,0
62534,0,1,0,0,0,0,0,0,0,0,0,0
62534,1,1,9,9,9,9,9,9,9,9,9,9
62535,1,1,0,0,0,0,0,0,0,0,0,0
62535,2,1,0,0,0,0,0,0,0,0,0,0
62536,0,1,22,0,8,18,17,26,19,20,15,24
62536,1,1,0,0,0,0,0,0,11,0,0,0
62537,1,1,13,13,13,13,13,13,13,13,13,13
62538,1,1,0,0,0,0,0,0,0,0,0,0
62538,2,1,17,20,18,11,14,10,0,19,11,2
62539,0,1,0,0,0,0,0,0,0,0,0,0
62539,1,1,0,0,0,0,0,0,0,0,0,12
62540,1,1,0,0,0,0,0,0,0,0,0,0
62541,1,1,0,0,0,0,0,0,0,0,0,0
62542,1,1,0,0,18,0,0,21,22,0,0,0
62543,0,1,0,0,0,0,0,0,0,0,0,0
62543,1,1,0,0,0,0,0,0,0,0,0,0
62544,1,1,0,0,0,13,18,0,0,0,0,0
62544,2,1,0,0,0,0,0,0,0,0,0,0
62545,0,1,0,0,0,0,0,0,0,0,0,0
62545,1,1,0,0,12,13,33,0,0,10,37,0
62546,1,1,0,0,0,0,0,0,0,0,0,0
62546,2,1,0,0,0,0,0,0,0,0,0,0
62546,3,1,0,0,0,0,0,0,0,0,0,0
62547,1,1,0,0,0,0,0,0,0,0,0,0
62547,2,1,13,10,11,15,6,13,5,2,4,4
62548,1,1,5,5,5,5,5,5,5,5,5,5
62549,1,1,0,0,0,0,0,0,0,0,0,0
62549,2,1,0,0,0,0,0,0,0,0,0,0
62549,3,1,0,0,0,0,0,0,0,0,0,0
62549,4,1,0,0,0,0,0,0,0,0,0,0
62550,1,1,8,0,0,0,0,0,28,0,10,14
62550,2,1,0,0,17,0,0,0,0,0,0,0
62550,3,1,0,11,0,0,0,0,0,0,0,0
62551,1,1,0,0,0,0,0,0,0,0,0,0
62551,2,1,0,0,0,0,0,0,0,0,0,0
62551,3,1,0,0,0,0,0,0,0,0,0,0
62552,0,1,54,0,0,0,11,0,24,0,6,0
62552,1,1,0,0,0,0,0,0,11,0,0,0
62553,1,1,0,0,0,0,0,0,0,0,0,0
62553,2,1,0,0,0,0,0,0,0,0,0,0
62554,0,1,0,0,0,0,0,0,0,0,0,0
62554,1,1,0,0,0,0,9,0,0,0,0,0
62555,1,1,0,0,0,0,0,0,0,0,0,0
62555,2,1,0,0,0,0,0,0,0,0,0,0
62555,3,1,0,0,0,0,0,0,0,0,0,0
62556,0,1,10,15,29,25,25,30,0,16,0,13
62556,1,1,15,0,13,0,0,8,0,7,0,0
62557,1,1,0,0,0,0,0,23,0,0,0,8
62557,2,1,0,0,0,0,0,0,0,0,0,0
62558,1,1,0,0,0,0,0,0,0,0,0,0
62558,2,1,0,0,0,0,0,0,0,0,0,0
62559,0,1,18,0,14,13,27,0,17,14,11,19
62559,1,1,3,0,0,20,6,0,0,9,10,0
62559,2,1,0,0,0,0,0,0,0,0,0,0
62560,1,1,0,0,0,0,0,0,0,0,0,0
62560,2,1,0,0,0,0,0,0,0,0,0,0
62560,3,1,0,0,0,0,0,0,0,0,0,0
62560,4,1,0,0,0,0,0,0,0,0,0,0
62561,1,1,0,0,0,0,0,0,0,0,0,0
62561,2,1,0,0,0,0,0,0,0,0,0,0
62562,1,1,0,0,0,0,0,0,0,0,0,0
62562,2,1,0,0,0,0,0,0,0,0,0,0
62563,1,1,10,10,10,10,10,10,10,10,10,10
62564,1,1,0,0,0,0,0,0,0,0,0,0
62564,2,1,0,0,0,0,0,0,0,0,0,0
62565,1,1,0,0,0,17,6,0,9,11,5,17
62565,2,1,0,0,28,7,0,0,0,0,0,0
62566,0,1,0,0,13,15,0,17,18,16,29,9
62566,1,1,0,0,6,0,0,0,26,0,0,0
62567,1,1,0,13,15,17,37,32,18,9,15,5
62568,1,1,39,39,39,39,39,39,39,39,39,39
62568,2,1,2,2,2,2,2,2,2,2,2,2
62569,1,1,0,0,0,0,0,0,0,0,0,0
62569,2,1,0,0,0,0,0,0,0,0,0,0
62570,1,1,0,0,0,0,0,0,0,0,0,0
62570,2,1,0,0,0,0,0,0,0,0,0,0
62571,0,1,0,0,0,27,0,0,0,0,38,0
62571,1,1,0,2,0,0,0,0,0,0,0,0
62572,1,1,0,0,0,0,0,0,0,0,0,0
62572,2,1,0,0,0,0,0,0,0,0,0,0
62573,0,1,0,15,0,0,0,0,0,0,0,36
62573,1,1,0,0,0,0,0,0,0,0,0,0
62574,1,1,13,18,18,21,31,17,7,20,12,22
62575,1,1,0,0,12,0,10,10,0,0,24,0
62576,0,1,15,0,0,22,30,36,24,22,27,19
62576,1,1,0,16,0,0,0,0,0,0,0,0
62576,2,1,0,0,0,0,0,0,0,0,0,0
62576,3,1,0,0,0,0,0,0,0,0,0,0
62577,1,1,16,18,0,21,30,5,14,25,0,0
62577,2,1,0,0,0,0,0,4,0,0,0,0
62578,0,1,0,0,0,0,0,0,0,0,0,0
62578,1,1,0,0,0,0,0,0,0,0,0,0
62579,1,1,0,0,0,0,0,0,0,0,0,0
62579,2,1,0,0,0,0,0,0,0,0,0,0
62580,1,1,22,22,22,22,22,22,22,22,22,22
62581,1,1,14,9,29,20,7,14,14,17,31,16
62582,1,1,0,0,0,0,0,0,0,0,0,0
62582,2,1,0,0,0,0,0,0,0,0,0,0
62583,1,1,27,27,27,27,27,27,27,27,27,27
62584,1,1,6,15,26,7,4,8,23,33,21,21
62585,1,1,28,10,28,0,20,17,8,8,23,6
62585,2,1,0,0,0,0,0,0,0,2,0,0
62586,1,1,0,0,0,0,0,0,0,0,15,0
62586,2,1,0,0,0,0,0,0,0,0,0,0
62587,1,1,0,0,0,0,0,0,0,0,0,0
62587,2,1,0,0,0,0,40,0,0,25,0,0
62588,1,1,0,0,0,0,0,0,0,0,0,0
62589,1,1,6,0,0,0,0,0,0,0,0,0
62589,2,1,0,0,0,0,0,0,0,0,0,19
62590,1,1,16,16,16,16,16,16,16,16,16,16
62590,2,1,0,0,0,0,0,0,0,0,0,0
62591,1,1,0,0,0,0,0,0,0,0,0,0
62591,2,1,0,0,0,0,0,0,0,0,0,0
62592,0,1,20,54,0,0,0,0,0,8,24,0
62592,1,1,0,36,17,0,20,0,0,9,0,0
62593,1,1,31,35,23,14,5,15,28,12,11,27
62594,1,2,15,6,16,17,10,8,11,0,0,0
62595,1,1,0,6,0,13,41,14,0,0,0,0
62596,1,1,7,0,0,16,13,0,0,0,0,28
62597,1,1,0,0,0,0,0,0,0,0,0,0
62598,1,1,28,28,28,28,28,28,28,28,28,28
62599,1,1,0,0,0,0,0,8,0,26,0,0
62600,1,1,23,23,23,23,23,23,23,23,23,23
62601,1,1,12,12,12,12,12,12,12,12,12,12
62602,1,1,37,37,37,37,37,37,37,37,37,37
62603,1,1,0,0,18,20,0,24,39,21,0,25
62604,1,1,28,28,28,28,28,28,28,28,28,28
62605,1,1,0,0,0,0,0,0,0,0,3,7
62606,1,1,0,0,0,0,0,0,0,0,0,0
62607,1,1,7,7,7,7,7,7,7,7,7,7
62608,1,1,17,17,17,17,17,17,17,17,17,17
62608,2,1,0,0,0,0,0,0,0,0,0,0
62609,1,1,0,0,21,0,0,0,0,0,21,17
62610,0,1,27,15,9,27,22,41,11,8,28,24
62610,1,1,16,15,11,24,25,14,18,13,0,14
62611,1,1,0,0,0,0,0,0,0,0,0,0
62612,0,1,9,25,7,4,11,34,5,40,7,5
62612,1,1,0,0,0,0,0,0,0,0,0,0
62613,0,1,16,16,16,16,16,16,16,16,16,16
62613,1,1,0,0,0,0,0,0,0,0,0,0
62614,1,1,0,0,0,0,0,0,0,0,0,0
62614,2,1,0,0,0,50,0,0,0,0,0,0
62615,1,1,22,22,22,22,22,22,22,22,22,22
62616,1,1,0,0,0,0,0,0,0,0,0,12
62616,2,1,20,20,20,20,20,20,20,20,20,20
62617,0,1,0,0,0,0,0,0,0,0,0,0
62617,1,1,0,18,0,0,0,0,0,0,0,0
62618,0,1,6,6,6,6,6,6,6,6,6,6
62618,1,1,10,0,22,0,0,0,0,0,0,0
62618,2,1,0,0,0,0,0,0,0,0,0,0
62619,0,1,13,13,13,13,13,13,13,13,13,13
62619,1,1,0,0,2,0,0,0,0,0,5,0
62620,1,1,10,0,0,0,0,0,0,0,0,0
62620,2,1,0,0,0,0,0,0,0,0,0,0
62621,1,1,11,11,11,11,11,11,11,11,11,11
62622,1,1,0,0,0,0,0,0,0,0,0,0
62622,2,1,0,0,0,0,0,19,0,0,0,23
62622,3,1,0,0,0,0,0,0,25,0,12,0
62623,1,1,0,0,0,0,0,0,0,0,0,0
62623,2,1,0,0,0,0,0,0,0,0,0,0
62623,3,1,0,0,0,0,0,0,0,0,0,0
62624,1,1,0,0,0,0,0,0,0,0,0,0
62624,2,1,0,0,0,0,0,0,0,0,0,0
62625,1,1,32,32,32,32,32,32,32,32,32,32
62626,0,1,0,0,0,0,0,0,0,0,0,0
62626,1,1,0,0,0,0,0,0,0,0,0,0
62627,1,1,21,21,21,21,21,21,21,21,21,21
62628,1,1,0,0,0,0,0,0,0,0,0,0
62629,0,1,0,0,32,0,0,0,0,0,17,0
62629,1,1,0,0,0,0,0,0,0,0,0,0
62630,1,1,17,17,17,17,17,17,17,17,17,17
62630,2,1,0,0,0,0,0,0,0,0,0,0
62631,1,1,0,0,22,0,0,0,0,0,0,0
62631,2,1,0,0,0,0,0,0,0,0,0,0
62631,3,1,0,0,0,0,0,0,0,0,0,0
62632,1,1,11,20,20,10,20,22,37,22,7,24
62633,1,1,13,6,12,13,16,17,16,12,13,17
62633,2,1,0,16,0,16,15,0,7,8,7,0
62634,1,1,0,0,0,0,0,0,0,0,0,0
62634,2,1,0,0,0,0,0,0,0,0,0,0
62635,0,1,9,9,9,9,9,9,9,9,9,9
62635,1,1,0,0,0,0,0,0,0,0,0,14
62636,1,1,0,0,0,0,0,0,0,0,0,0
62636,2,1,0,0,0,0,0,0,0,0,15,22
62636,3,1,0,37,0,0,0,0,0,0,0,0
62637,1,1,24,9,29,6,8,17,11,25,9,5
62638,1,1,17,0,5,7,21,30,7,12,14,19
62639,1,1,0,0,0,0,0,0,0,0,0,0
62640,1,1,0,0,0,0,0,0,0,0,0,0
62641,1,1,18,18,18,18,18,18,18,18,18,18
62642,1,1,0,0,0,0,0,0,0,7,0,0
62642,2,1,0,0,0,14,0,0,0,0,0,0
62643,1,1,18,36,17,20,34,27,22,27,19,0
62643,2,1,0,0,11,0,0,0,0,0,0,0
62644,0,1,0,0,0,0,0,0,0,0,0,0
62644,0,2,0,0,0,0,0,0,0,0,0,0
62644,1,1,0,0,0,13,0,0,0,0,0,0
62645,1,1,0,0,0,0,0,0,0,0,0,0
62645,2,1,0,0,12,0,0,0,0,0,0,0
62646,1,1,0,0,0,0,0,0,0,0,0,0
62646,2,1,10,0,0,0,0,0,0,0,0,0
62647,0,1,0,0,0,0,0,0,0,0,0,0
62647,1,1,0,0,0,0,0,0,0,0,0,0
62648,1,1,0,19,0,0,0,0,0,0,0,0
62649,1,1,0,0,0,6,0,0,0,0,0,0
62649,2,1,0,0,0,0,0,0,0,0,0,0
62650,0,1,31,25,6,0,15,31,0,0,7,33
62650,1,1,0,25,0,0,7,33,0,19,24,0
62651,1,1,0,0,0,0,0,0,0,0,0,0
62651,2,1,0,0,0,0,0,0,0,0,0,0
62652,0,1,0,0,0,0,0,0,0,3,0,0
62652,1,1,0,0,0,0,0,0,0,0,0,0
62653,1,1,12,0,0,0,11,0,0,22,6,0
62653,2,1,0,0,0,0,0,0,0,0,0,0
62654,1,1,0,0,0,0,0,0,0,0,0,20
62654,2,1,0,0,0,0,0,0,0,0,0,0
62655,1,1,0,0,0,0,0,0,13,0,12,0
62655,2,1,0,25,16,0,0,0,0,0,0,0
62656,0,1,0,0,0,0,0,0,0,0,21,0
62656,1,1,0,0,0,0,0,0,0,0,0,0
62657,0,1,23,11,38,35,7,31,7,23,0,15
62657,1,1,0,0,0,0,0,0,0,0,0,0
62658,0,1,0,0,0,0,0,0,0,0,0,0
62658,1,1,0,0,0,0,0,0,0,0,0,0
62659,1,1,0,0,0,0,0,0,0,0,0,0
62659,2,1,0,0,0,0,0,0,0,0,0,0
62660,1,1,0,0,3,13,12,0,0,0,0,0
62660,2,1,0,0,0,0,0,0,0,0,0,0
62661,1,1,6,7,14,13,16,20,0,13,0,0
62662,0,1,0,0,0,0,0,0,0,0,0,0
62662,0,2,0,0,0,0,0,0,0,0,0,0
62662,1,1,0,0,0,0,0,0,0,0,0,0
62663,1,1,0,0,0,0,0,0,0,0,0,0
62663,2,1,0,0,0,0,0,0,0,0,0,0
62664,0,1,20,20,20,20,20,20,20,20,20,20
62664,1,1,0,0,0,0,0,0,0,0,0,0
62665,1,1,0,18,0,11,0,0,0,0,0,0
62665,2,1,0,0,0,0,0,0,0,0,0,0
62666,1,1,0,0,0,0,0,0,0,0,0,0
62667,0,1,0,3,0,0,0,13,20,22,14,0
62667,1,1,0,0,0,0,18,0,0,0,0,0
62668,0,1,0,0,0,0,0,0,0,0,0,0
62668,1,1,0,0,0,0,0,0,0,0,0,0
62669,0,1,0,0,0,0,0,0,0,0,0,0
62669,1,1,6,13,17,17,23,10,11,21,14,11
62670,0,1,19,21,0,0,7,20,26,41,0,0
62670,1,1,0,30,21,0,0,0,24,0,0,0
62671,1,1,0,0,0,0,0,0,0,0,0,0
62671,2,1,0,0,0,0,0,0,0,18,0,0
62672,1,1,23,23,23,23,23,23,23,23,23,23
62673,1,1,0,12,0,0,6,0,17,0,0,0